linea,estacion,lat,lon,tipo_dia,hora,pasajeros,perfil,link_cerca
A,Acoyte,-34.6181052,-58.4359552,fin_de_semana,0,0.4,Origen: la gente sale de su casa (pico a la mañana),True
A,Acoyte,-34.6181052,-58.4359552,fin_de_semana,5,1.3,Origen: la gente sale de su casa (pico a la mañana),True
A,Acoyte,-34.6181052,-58.4359552,fin_de_semana,6,24.8,Origen: la gente sale de su casa (pico a la mañana),True
A,Acoyte,-34.6181052,-58.4359552,fin_de_semana,7,76.3,Origen: la gente sale de su casa (pico a la mañana),True
A,Acoyte,-34.6181052,-58.4359552,fin_de_semana,8,146.1,Origen: la gente sale de su casa (pico a la mañana),True
A,Acoyte,-34.6181052,-58.4359552,fin_de_semana,9,182.3,Origen: la gente sale de su casa (pico a la mañana),True
A,Acoyte,-34.6181052,-58.4359552,fin_de_semana,10,213.4,Origen: la gente sale de su casa (pico a la mañana),True
A,Acoyte,-34.6181052,-58.4359552,fin_de_semana,11,279.5,Origen: la gente sale de su casa (pico a la mañana),True
A,Acoyte,-34.6181052,-58.4359552,fin_de_semana,12,337.7,Origen: la gente sale de su casa (pico a la mañana),True
A,Acoyte,-34.6181052,-58.4359552,fin_de_semana,13,324.2,Origen: la gente sale de su casa (pico a la mañana),True
A,Acoyte,-34.6181052,-58.4359552,fin_de_semana,14,313.4,Origen: la gente sale de su casa (pico a la mañana),True
A,Acoyte,-34.6181052,-58.4359552,fin_de_semana,15,337.8,Origen: la gente sale de su casa (pico a la mañana),True
A,Acoyte,-34.6181052,-58.4359552,fin_de_semana,16,375.3,Origen: la gente sale de su casa (pico a la mañana),True
A,Acoyte,-34.6181052,-58.4359552,fin_de_semana,17,365.9,Origen: la gente sale de su casa (pico a la mañana),True
A,Acoyte,-34.6181052,-58.4359552,fin_de_semana,18,365.3,Origen: la gente sale de su casa (pico a la mañana),True
A,Acoyte,-34.6181052,-58.4359552,fin_de_semana,19,339.4,Origen: la gente sale de su casa (pico a la mañana),True
A,Acoyte,-34.6181052,-58.4359552,fin_de_semana,20,281.9,Origen: la gente sale de su casa (pico a la mañana),True
A,Acoyte,-34.6181052,-58.4359552,fin_de_semana,21,160.4,Origen: la gente sale de su casa (pico a la mañana),True
A,Acoyte,-34.6181052,-58.4359552,fin_de_semana,22,73.4,Origen: la gente sale de su casa (pico a la mañana),True
A,Acoyte,-34.6181052,-58.4359552,fin_de_semana,23,17.6,Origen: la gente sale de su casa (pico a la mañana),True
A,Acoyte,-34.6181052,-58.4359552,habil,4,0.0,Origen: la gente sale de su casa (pico a la mañana),True
A,Acoyte,-34.6181052,-58.4359552,habil,5,35.5,Origen: la gente sale de su casa (pico a la mañana),True
A,Acoyte,-34.6181052,-58.4359552,habil,6,226.7,Origen: la gente sale de su casa (pico a la mañana),True
A,Acoyte,-34.6181052,-58.4359552,habil,7,894.1,Origen: la gente sale de su casa (pico a la mañana),True
A,Acoyte,-34.6181052,-58.4359552,habil,8,1157.4,Origen: la gente sale de su casa (pico a la mañana),True
A,Acoyte,-34.6181052,-58.4359552,habil,9,961.9,Origen: la gente sale de su casa (pico a la mañana),True
A,Acoyte,-34.6181052,-58.4359552,habil,10,637.1,Origen: la gente sale de su casa (pico a la mañana),True
A,Acoyte,-34.6181052,-58.4359552,habil,11,620.6,Origen: la gente sale de su casa (pico a la mañana),True
A,Acoyte,-34.6181052,-58.4359552,habil,12,722.9,Origen: la gente sale de su casa (pico a la mañana),True
A,Acoyte,-34.6181052,-58.4359552,habil,13,690.3,Origen: la gente sale de su casa (pico a la mañana),True
A,Acoyte,-34.6181052,-58.4359552,habil,14,565.9,Origen: la gente sale de su casa (pico a la mañana),True
A,Acoyte,-34.6181052,-58.4359552,habil,15,584.6,Origen: la gente sale de su casa (pico a la mañana),True
A,Acoyte,-34.6181052,-58.4359552,habil,16,665.9,Origen: la gente sale de su casa (pico a la mañana),True
A,Acoyte,-34.6181052,-58.4359552,habil,17,678.9,Origen: la gente sale de su casa (pico a la mañana),True
A,Acoyte,-34.6181052,-58.4359552,habil,18,665.0,Origen: la gente sale de su casa (pico a la mañana),True
A,Acoyte,-34.6181052,-58.4359552,habil,19,504.8,Origen: la gente sale de su casa (pico a la mañana),True
A,Acoyte,-34.6181052,-58.4359552,habil,20,372.8,Origen: la gente sale de su casa (pico a la mañana),True
A,Acoyte,-34.6181052,-58.4359552,habil,21,209.5,Origen: la gente sale de su casa (pico a la mañana),True
A,Acoyte,-34.6181052,-58.4359552,habil,22,100.6,Origen: la gente sale de su casa (pico a la mañana),True
A,Acoyte,-34.6181052,-58.4359552,habil,23,10.8,Origen: la gente sale de su casa (pico a la mañana),True
A,Alberti,-34.6098814,-58.4008551,fin_de_semana,0,0.1,Destino: la gente vuelve del trabajo (pico a la tarde),True
A,Alberti,-34.6098814,-58.4008551,fin_de_semana,5,0.8,Destino: la gente vuelve del trabajo (pico a la tarde),True
A,Alberti,-34.6098814,-58.4008551,fin_de_semana,6,9.3,Destino: la gente vuelve del trabajo (pico a la tarde),True
A,Alberti,-34.6098814,-58.4008551,fin_de_semana,7,29.4,Destino: la gente vuelve del trabajo (pico a la tarde),True
A,Alberti,-34.6098814,-58.4008551,fin_de_semana,8,76.2,Destino: la gente vuelve del trabajo (pico a la tarde),True
A,Alberti,-34.6098814,-58.4008551,fin_de_semana,9,102.7,Destino: la gente vuelve del trabajo (pico a la tarde),True
A,Alberti,-34.6098814,-58.4008551,fin_de_semana,10,114.8,Destino: la gente vuelve del trabajo (pico a la tarde),True
A,Alberti,-34.6098814,-58.4008551,fin_de_semana,11,135.1,Destino: la gente vuelve del trabajo (pico a la tarde),True
A,Alberti,-34.6098814,-58.4008551,fin_de_semana,12,154.9,Destino: la gente vuelve del trabajo (pico a la tarde),True
A,Alberti,-34.6098814,-58.4008551,fin_de_semana,13,166.0,Destino: la gente vuelve del trabajo (pico a la tarde),True
A,Alberti,-34.6098814,-58.4008551,fin_de_semana,14,142.6,Destino: la gente vuelve del trabajo (pico a la tarde),True
A,Alberti,-34.6098814,-58.4008551,fin_de_semana,15,129.7,Destino: la gente vuelve del trabajo (pico a la tarde),True
A,Alberti,-34.6098814,-58.4008551,fin_de_semana,16,129.1,Destino: la gente vuelve del trabajo (pico a la tarde),True
A,Alberti,-34.6098814,-58.4008551,fin_de_semana,17,122.1,Destino: la gente vuelve del trabajo (pico a la tarde),True
A,Alberti,-34.6098814,-58.4008551,fin_de_semana,18,116.8,Destino: la gente vuelve del trabajo (pico a la tarde),True
A,Alberti,-34.6098814,-58.4008551,fin_de_semana,19,110.7,Destino: la gente vuelve del trabajo (pico a la tarde),True
A,Alberti,-34.6098814,-58.4008551,fin_de_semana,20,87.1,Destino: la gente vuelve del trabajo (pico a la tarde),True
A,Alberti,-34.6098814,-58.4008551,fin_de_semana,21,59.0,Destino: la gente vuelve del trabajo (pico a la tarde),True
A,Alberti,-34.6098814,-58.4008551,fin_de_semana,22,34.8,Destino: la gente vuelve del trabajo (pico a la tarde),True
A,Alberti,-34.6098814,-58.4008551,fin_de_semana,23,8.8,Destino: la gente vuelve del trabajo (pico a la tarde),True
A,Alberti,-34.6098814,-58.4008551,habil,5,4.9,Destino: la gente vuelve del trabajo (pico a la tarde),True
A,Alberti,-34.6098814,-58.4008551,habil,6,41.8,Destino: la gente vuelve del trabajo (pico a la tarde),True
A,Alberti,-34.6098814,-58.4008551,habil,7,147.4,Destino: la gente vuelve del trabajo (pico a la tarde),True
A,Alberti,-34.6098814,-58.4008551,habil,8,158.7,Destino: la gente vuelve del trabajo (pico a la tarde),True
A,Alberti,-34.6098814,-58.4008551,habil,9,161.0,Destino: la gente vuelve del trabajo (pico a la tarde),True
A,Alberti,-34.6098814,-58.4008551,habil,10,182.4,Destino: la gente vuelve del trabajo (pico a la tarde),True
A,Alberti,-34.6098814,-58.4008551,habil,11,213.7,Destino: la gente vuelve del trabajo (pico a la tarde),True
A,Alberti,-34.6098814,-58.4008551,habil,12,276.0,Destino: la gente vuelve del trabajo (pico a la tarde),True
A,Alberti,-34.6098814,-58.4008551,habil,13,300.5,Destino: la gente vuelve del trabajo (pico a la tarde),True
A,Alberti,-34.6098814,-58.4008551,habil,14,298.0,Destino: la gente vuelve del trabajo (pico a la tarde),True
A,Alberti,-34.6098814,-58.4008551,habil,15,386.9,Destino: la gente vuelve del trabajo (pico a la tarde),True
A,Alberti,-34.6098814,-58.4008551,habil,16,419.4,Destino: la gente vuelve del trabajo (pico a la tarde),True
A,Alberti,-34.6098814,-58.4008551,habil,17,458.6,Destino: la gente vuelve del trabajo (pico a la tarde),True
A,Alberti,-34.6098814,-58.4008551,habil,18,410.1,Destino: la gente vuelve del trabajo (pico a la tarde),True
A,Alberti,-34.6098814,-58.4008551,habil,19,209.0,Destino: la gente vuelve del trabajo (pico a la tarde),True
A,Alberti,-34.6098814,-58.4008551,habil,20,153.9,Destino: la gente vuelve del trabajo (pico a la tarde),True
A,Alberti,-34.6098814,-58.4008551,habil,21,92.8,Destino: la gente vuelve del trabajo (pico a la tarde),True
A,Alberti,-34.6098814,-58.4008551,habil,22,51.2,Destino: la gente vuelve del trabajo (pico a la tarde),True
A,Alberti,-34.6098814,-58.4008551,habil,23,11.1,Destino: la gente vuelve del trabajo (pico a la tarde),True
A,Carabobo,-34.6264544,-58.4561066,fin_de_semana,0,0.0,Origen: la gente sale de su casa (pico a la mañana),True
A,Carabobo,-34.6264544,-58.4561066,fin_de_semana,5,0.9,Origen: la gente sale de su casa (pico a la mañana),True
A,Carabobo,-34.6264544,-58.4561066,fin_de_semana,6,20.1,Origen: la gente sale de su casa (pico a la mañana),True
A,Carabobo,-34.6264544,-58.4561066,fin_de_semana,7,69.2,Origen: la gente sale de su casa (pico a la mañana),True
A,Carabobo,-34.6264544,-58.4561066,fin_de_semana,8,124.1,Origen: la gente sale de su casa (pico a la mañana),True
A,Carabobo,-34.6264544,-58.4561066,fin_de_semana,9,155.2,Origen: la gente sale de su casa (pico a la mañana),True
A,Carabobo,-34.6264544,-58.4561066,fin_de_semana,10,173.1,Origen: la gente sale de su casa (pico a la mañana),True
A,Carabobo,-34.6264544,-58.4561066,fin_de_semana,11,198.0,Origen: la gente sale de su casa (pico a la mañana),True
A,Carabobo,-34.6264544,-58.4561066,fin_de_semana,12,226.6,Origen: la gente sale de su casa (pico a la mañana),True
A,Carabobo,-34.6264544,-58.4561066,fin_de_semana,13,232.4,Origen: la gente sale de su casa (pico a la mañana),True
A,Carabobo,-34.6264544,-58.4561066,fin_de_semana,14,227.6,Origen: la gente sale de su casa (pico a la mañana),True
A,Carabobo,-34.6264544,-58.4561066,fin_de_semana,15,249.7,Origen: la gente sale de su casa (pico a la mañana),True
A,Carabobo,-34.6264544,-58.4561066,fin_de_semana,16,255.8,Origen: la gente sale de su casa (pico a la mañana),True
A,Carabobo,-34.6264544,-58.4561066,fin_de_semana,17,230.7,Origen: la gente sale de su casa (pico a la mañana),True
A,Carabobo,-34.6264544,-58.4561066,fin_de_semana,18,224.4,Origen: la gente sale de su casa (pico a la mañana),True
A,Carabobo,-34.6264544,-58.4561066,fin_de_semana,19,200.4,Origen: la gente sale de su casa (pico a la mañana),True
A,Carabobo,-34.6264544,-58.4561066,fin_de_semana,20,164.1,Origen: la gente sale de su casa (pico a la mañana),True
A,Carabobo,-34.6264544,-58.4561066,fin_de_semana,21,99.3,Origen: la gente sale de su casa (pico a la mañana),True
A,Carabobo,-34.6264544,-58.4561066,fin_de_semana,22,37.0,Origen: la gente sale de su casa (pico a la mañana),True
A,Carabobo,-34.6264544,-58.4561066,fin_de_semana,23,7.8,Origen: la gente sale de su casa (pico a la mañana),True
A,Carabobo,-34.6264544,-58.4561066,habil,5,22.6,Origen: la gente sale de su casa (pico a la mañana),True
A,Carabobo,-34.6264544,-58.4561066,habil,6,219.1,Origen: la gente sale de su casa (pico a la mañana),True
A,Carabobo,-34.6264544,-58.4561066,habil,7,909.8,Origen: la gente sale de su casa (pico a la mañana),True
A,Carabobo,-34.6264544,-58.4561066,habil,8,1131.5,Origen: la gente sale de su casa (pico a la mañana),True
A,Carabobo,-34.6264544,-58.4561066,habil,9,816.9,Origen: la gente sale de su casa (pico a la mañana),True
A,Carabobo,-34.6264544,-58.4561066,habil,10,477.0,Origen: la gente sale de su casa (pico a la mañana),True
A,Carabobo,-34.6264544,-58.4561066,habil,11,449.6,Origen: la gente sale de su casa (pico a la mañana),True
A,Carabobo,-34.6264544,-58.4561066,habil,12,482.4,Origen: la gente sale de su casa (pico a la mañana),True
A,Carabobo,-34.6264544,-58.4561066,habil,13,467.0,Origen: la gente sale de su casa (pico a la mañana),True
A,Carabobo,-34.6264544,-58.4561066,habil,14,390.8,Origen: la gente sale de su casa (pico a la mañana),True
A,Carabobo,-34.6264544,-58.4561066,habil,15,390.4,Origen: la gente sale de su casa (pico a la mañana),True
A,Carabobo,-34.6264544,-58.4561066,habil,16,501.7,Origen: la gente sale de su casa (pico a la mañana),True
A,Carabobo,-34.6264544,-58.4561066,habil,17,557.5,Origen: la gente sale de su casa (pico a la mañana),True
A,Carabobo,-34.6264544,-58.4561066,habil,18,437.5,Origen: la gente sale de su casa (pico a la mañana),True
A,Carabobo,-34.6264544,-58.4561066,habil,19,294.7,Origen: la gente sale de su casa (pico a la mañana),True
A,Carabobo,-34.6264544,-58.4561066,habil,20,216.8,Origen: la gente sale de su casa (pico a la mañana),True
A,Carabobo,-34.6264544,-58.4561066,habil,21,117.0,Origen: la gente sale de su casa (pico a la mañana),True
A,Carabobo,-34.6264544,-58.4561066,habil,22,64.7,Origen: la gente sale de su casa (pico a la mañana),True
A,Carabobo,-34.6264544,-58.4561066,habil,23,1.2,Origen: la gente sale de su casa (pico a la mañana),True
A,Castro Barros,-34.6117062,-58.4215177,fin_de_semana,0,0.3,Origen: la gente sale de su casa (pico a la mañana),True
A,Castro Barros,-34.6117062,-58.4215177,fin_de_semana,5,0.8,Origen: la gente sale de su casa (pico a la mañana),True
A,Castro Barros,-34.6117062,-58.4215177,fin_de_semana,6,19.4,Origen: la gente sale de su casa (pico a la mañana),True
A,Castro Barros,-34.6117062,-58.4215177,fin_de_semana,7,60.4,Origen: la gente sale de su casa (pico a la mañana),True
A,Castro Barros,-34.6117062,-58.4215177,fin_de_semana,8,113.3,Origen: la gente sale de su casa (pico a la mañana),True
A,Castro Barros,-34.6117062,-58.4215177,fin_de_semana,9,161.8,Origen: la gente sale de su casa (pico a la mañana),True
A,Castro Barros,-34.6117062,-58.4215177,fin_de_semana,10,185.1,Origen: la gente sale de su casa (pico a la mañana),True
A,Castro Barros,-34.6117062,-58.4215177,fin_de_semana,11,223.3,Origen: la gente sale de su casa (pico a la mañana),True
A,Castro Barros,-34.6117062,-58.4215177,fin_de_semana,12,236.1,Origen: la gente sale de su casa (pico a la mañana),True
A,Castro Barros,-34.6117062,-58.4215177,fin_de_semana,13,227.5,Origen: la gente sale de su casa (pico a la mañana),True
A,Castro Barros,-34.6117062,-58.4215177,fin_de_semana,14,215.5,Origen: la gente sale de su casa (pico a la mañana),True
A,Castro Barros,-34.6117062,-58.4215177,fin_de_semana,15,227.5,Origen: la gente sale de su casa (pico a la mañana),True
A,Castro Barros,-34.6117062,-58.4215177,fin_de_semana,16,233.7,Origen: la gente sale de su casa (pico a la mañana),True
A,Castro Barros,-34.6117062,-58.4215177,fin_de_semana,17,221.1,Origen: la gente sale de su casa (pico a la mañana),True
A,Castro Barros,-34.6117062,-58.4215177,fin_de_semana,18,227.2,Origen: la gente sale de su casa (pico a la mañana),True
A,Castro Barros,-34.6117062,-58.4215177,fin_de_semana,19,211.9,Origen: la gente sale de su casa (pico a la mañana),True
A,Castro Barros,-34.6117062,-58.4215177,fin_de_semana,20,176.0,Origen: la gente sale de su casa (pico a la mañana),True
A,Castro Barros,-34.6117062,-58.4215177,fin_de_semana,21,111.3,Origen: la gente sale de su casa (pico a la mañana),True
A,Castro Barros,-34.6117062,-58.4215177,fin_de_semana,22,54.0,Origen: la gente sale de su casa (pico a la mañana),True
A,Castro Barros,-34.6117062,-58.4215177,fin_de_semana,23,12.5,Origen: la gente sale de su casa (pico a la mañana),True
A,Castro Barros,-34.6117062,-58.4215177,habil,0,0.0,Origen: la gente sale de su casa (pico a la mañana),True
A,Castro Barros,-34.6117062,-58.4215177,habil,5,17.4,Origen: la gente sale de su casa (pico a la mañana),True
A,Castro Barros,-34.6117062,-58.4215177,habil,6,124.6,Origen: la gente sale de su casa (pico a la mañana),True
A,Castro Barros,-34.6117062,-58.4215177,habil,7,563.7,Origen: la gente sale de su casa (pico a la mañana),True
A,Castro Barros,-34.6117062,-58.4215177,habil,8,687.5,Origen: la gente sale de su casa (pico a la mañana),True
A,Castro Barros,-34.6117062,-58.4215177,habil,9,589.8,Origen: la gente sale de su casa (pico a la mañana),True
A,Castro Barros,-34.6117062,-58.4215177,habil,10,418.1,Origen: la gente sale de su casa (pico a la mañana),True
A,Castro Barros,-34.6117062,-58.4215177,habil,11,415.8,Origen: la gente sale de su casa (pico a la mañana),True
A,Castro Barros,-34.6117062,-58.4215177,habil,12,482.8,Origen: la gente sale de su casa (pico a la mañana),True
A,Castro Barros,-34.6117062,-58.4215177,habil,13,516.1,Origen: la gente sale de su casa (pico a la mañana),True
A,Castro Barros,-34.6117062,-58.4215177,habil,14,455.4,Origen: la gente sale de su casa (pico a la mañana),True
A,Castro Barros,-34.6117062,-58.4215177,habil,15,475.0,Origen: la gente sale de su casa (pico a la mañana),True
A,Castro Barros,-34.6117062,-58.4215177,habil,16,595.3,Origen: la gente sale de su casa (pico a la mañana),True
A,Castro Barros,-34.6117062,-58.4215177,habil,17,590.3,Origen: la gente sale de su casa (pico a la mañana),True
A,Castro Barros,-34.6117062,-58.4215177,habil,18,533.3,Origen: la gente sale de su casa (pico a la mañana),True
A,Castro Barros,-34.6117062,-58.4215177,habil,19,363.6,Origen: la gente sale de su casa (pico a la mañana),True
A,Castro Barros,-34.6117062,-58.4215177,habil,20,291.0,Origen: la gente sale de su casa (pico a la mañana),True
A,Castro Barros,-34.6117062,-58.4215177,habil,21,196.0,Origen: la gente sale de su casa (pico a la mañana),True
A,Castro Barros,-34.6117062,-58.4215177,habil,22,103.2,Origen: la gente sale de su casa (pico a la mañana),True
A,Castro Barros,-34.6117062,-58.4215177,habil,23,11.0,Origen: la gente sale de su casa (pico a la mañana),True
A,Congreso - Raúl Alfonsín,-34.6092208,-58.3925644,fin_de_semana,0,0.4,Destino: la gente vuelve del trabajo (pico a la tarde),True
A,Congreso - Raúl Alfonsín,-34.6092208,-58.3925644,fin_de_semana,5,1.0,Destino: la gente vuelve del trabajo (pico a la tarde),True
A,Congreso - Raúl Alfonsín,-34.6092208,-58.3925644,fin_de_semana,6,21.2,Destino: la gente vuelve del trabajo (pico a la tarde),True
A,Congreso - Raúl Alfonsín,-34.6092208,-58.3925644,fin_de_semana,7,57.3,Destino: la gente vuelve del trabajo (pico a la tarde),True
A,Congreso - Raúl Alfonsín,-34.6092208,-58.3925644,fin_de_semana,8,102.7,Destino: la gente vuelve del trabajo (pico a la tarde),True
A,Congreso - Raúl Alfonsín,-34.6092208,-58.3925644,fin_de_semana,9,135.1,Destino: la gente vuelve del trabajo (pico a la tarde),True
A,Congreso - Raúl Alfonsín,-34.6092208,-58.3925644,fin_de_semana,10,156.0,Destino: la gente vuelve del trabajo (pico a la tarde),True
A,Congreso - Raúl Alfonsín,-34.6092208,-58.3925644,fin_de_semana,11,160.0,Destino: la gente vuelve del trabajo (pico a la tarde),True
A,Congreso - Raúl Alfonsín,-34.6092208,-58.3925644,fin_de_semana,12,178.9,Destino: la gente vuelve del trabajo (pico a la tarde),True
A,Congreso - Raúl Alfonsín,-34.6092208,-58.3925644,fin_de_semana,13,183.9,Destino: la gente vuelve del trabajo (pico a la tarde),True
A,Congreso - Raúl Alfonsín,-34.6092208,-58.3925644,fin_de_semana,14,169.0,Destino: la gente vuelve del trabajo (pico a la tarde),True
A,Congreso - Raúl Alfonsín,-34.6092208,-58.3925644,fin_de_semana,15,176.8,Destino: la gente vuelve del trabajo (pico a la tarde),True
A,Congreso - Raúl Alfonsín,-34.6092208,-58.3925644,fin_de_semana,16,189.5,Destino: la gente vuelve del trabajo (pico a la tarde),True
A,Congreso - Raúl Alfonsín,-34.6092208,-58.3925644,fin_de_semana,17,192.1,Destino: la gente vuelve del trabajo (pico a la tarde),True
A,Congreso - Raúl Alfonsín,-34.6092208,-58.3925644,fin_de_semana,18,198.0,Destino: la gente vuelve del trabajo (pico a la tarde),True
A,Congreso - Raúl Alfonsín,-34.6092208,-58.3925644,fin_de_semana,19,205.3,Destino: la gente vuelve del trabajo (pico a la tarde),True
A,Congreso - Raúl Alfonsín,-34.6092208,-58.3925644,fin_de_semana,20,166.5,Destino: la gente vuelve del trabajo (pico a la tarde),True
A,Congreso - Raúl Alfonsín,-34.6092208,-58.3925644,fin_de_semana,21,138.3,Destino: la gente vuelve del trabajo (pico a la tarde),True
A,Congreso - Raúl Alfonsín,-34.6092208,-58.3925644,fin_de_semana,22,79.5,Destino: la gente vuelve del trabajo (pico a la tarde),True
A,Congreso - Raúl Alfonsín,-34.6092208,-58.3925644,fin_de_semana,23,28.0,Destino: la gente vuelve del trabajo (pico a la tarde),True
A,Congreso - Raúl Alfonsín,-34.6092208,-58.3925644,habil,0,0.0,Destino: la gente vuelve del trabajo (pico a la tarde),True
A,Congreso - Raúl Alfonsín,-34.6092208,-58.3925644,habil,4,0.0,Destino: la gente vuelve del trabajo (pico a la tarde),True
A,Congreso - Raúl Alfonsín,-34.6092208,-58.3925644,habil,5,9.0,Destino: la gente vuelve del trabajo (pico a la tarde),True
A,Congreso - Raúl Alfonsín,-34.6092208,-58.3925644,habil,6,70.0,Destino: la gente vuelve del trabajo (pico a la tarde),True
A,Congreso - Raúl Alfonsín,-34.6092208,-58.3925644,habil,7,221.8,Destino: la gente vuelve del trabajo (pico a la tarde),True
A,Congreso - Raúl Alfonsín,-34.6092208,-58.3925644,habil,8,279.0,Destino: la gente vuelve del trabajo (pico a la tarde),True
A,Congreso - Raúl Alfonsín,-34.6092208,-58.3925644,habil,9,312.6,Destino: la gente vuelve del trabajo (pico a la tarde),True
A,Congreso - Raúl Alfonsín,-34.6092208,-58.3925644,habil,10,309.0,Destino: la gente vuelve del trabajo (pico a la tarde),True
A,Congreso - Raúl Alfonsín,-34.6092208,-58.3925644,habil,11,359.3,Destino: la gente vuelve del trabajo (pico a la tarde),True
A,Congreso - Raúl Alfonsín,-34.6092208,-58.3925644,habil,12,429.2,Destino: la gente vuelve del trabajo (pico a la tarde),True
A,Congreso - Raúl Alfonsín,-34.6092208,-58.3925644,habil,13,478.8,Destino: la gente vuelve del trabajo (pico a la tarde),True
A,Congreso - Raúl Alfonsín,-34.6092208,-58.3925644,habil,14,486.1,Destino: la gente vuelve del trabajo (pico a la tarde),True
A,Congreso - Raúl Alfonsín,-34.6092208,-58.3925644,habil,15,560.1,Destino: la gente vuelve del trabajo (pico a la tarde),True
A,Congreso - Raúl Alfonsín,-34.6092208,-58.3925644,habil,16,626.3,Destino: la gente vuelve del trabajo (pico a la tarde),True
A,Congreso - Raúl Alfonsín,-34.6092208,-58.3925644,habil,17,665.7,Destino: la gente vuelve del trabajo (pico a la tarde),True
A,Congreso - Raúl Alfonsín,-34.6092208,-58.3925644,habil,18,589.5,Destino: la gente vuelve del trabajo (pico a la tarde),True
A,Congreso - Raúl Alfonsín,-34.6092208,-58.3925644,habil,19,422.3,Destino: la gente vuelve del trabajo (pico a la tarde),True
A,Congreso - Raúl Alfonsín,-34.6092208,-58.3925644,habil,20,349.2,Destino: la gente vuelve del trabajo (pico a la tarde),True
A,Congreso - Raúl Alfonsín,-34.6092208,-58.3925644,habil,21,230.2,Destino: la gente vuelve del trabajo (pico a la tarde),True
A,Congreso - Raúl Alfonsín,-34.6092208,-58.3925644,habil,22,132.6,Destino: la gente vuelve del trabajo (pico a la tarde),True
A,Congreso - Raúl Alfonsín,-34.6092208,-58.3925644,habil,23,25.4,Destino: la gente vuelve del trabajo (pico a la tarde),True
A,Lima,-34.6091227,-58.3826462,fin_de_semana,0,0.1,Destino: la gente vuelve del trabajo (pico a la tarde),True
A,Lima,-34.6091227,-58.3826462,fin_de_semana,5,0.8,Destino: la gente vuelve del trabajo (pico a la tarde),True
A,Lima,-34.6091227,-58.3826462,fin_de_semana,6,10.7,Destino: la gente vuelve del trabajo (pico a la tarde),True
A,Lima,-34.6091227,-58.3826462,fin_de_semana,7,25.1,Destino: la gente vuelve del trabajo (pico a la tarde),True
A,Lima,-34.6091227,-58.3826462,fin_de_semana,8,59.2,Destino: la gente vuelve del trabajo (pico a la tarde),True
A,Lima,-34.6091227,-58.3826462,fin_de_semana,9,74.8,Destino: la gente vuelve del trabajo (pico a la tarde),True
A,Lima,-34.6091227,-58.3826462,fin_de_semana,10,78.5,Destino: la gente vuelve del trabajo (pico a la tarde),True
A,Lima,-34.6091227,-58.3826462,fin_de_semana,11,79.0,Destino: la gente vuelve del trabajo (pico a la tarde),True
A,Lima,-34.6091227,-58.3826462,fin_de_semana,12,96.9,Destino: la gente vuelve del trabajo (pico a la tarde),True
A,Lima,-34.6091227,-58.3826462,fin_de_semana,13,87.2,Destino: la gente vuelve del trabajo (pico a la tarde),True
A,Lima,-34.6091227,-58.3826462,fin_de_semana,14,87.9,Destino: la gente vuelve del trabajo (pico a la tarde),True
A,Lima,-34.6091227,-58.3826462,fin_de_semana,15,87.8,Destino: la gente vuelve del trabajo (pico a la tarde),True
A,Lima,-34.6091227,-58.3826462,fin_de_semana,16,94.7,Destino: la gente vuelve del trabajo (pico a la tarde),True
A,Lima,-34.6091227,-58.3826462,fin_de_semana,17,94.3,Destino: la gente vuelve del trabajo (pico a la tarde),True
A,Lima,-34.6091227,-58.3826462,fin_de_semana,18,98.0,Destino: la gente vuelve del trabajo (pico a la tarde),True
A,Lima,-34.6091227,-58.3826462,fin_de_semana,19,108.5,Destino: la gente vuelve del trabajo (pico a la tarde),True
A,Lima,-34.6091227,-58.3826462,fin_de_semana,20,86.8,Destino: la gente vuelve del trabajo (pico a la tarde),True
A,Lima,-34.6091227,-58.3826462,fin_de_semana,21,77.9,Destino: la gente vuelve del trabajo (pico a la tarde),True
A,Lima,-34.6091227,-58.3826462,fin_de_semana,22,47.5,Destino: la gente vuelve del trabajo (pico a la tarde),True
A,Lima,-34.6091227,-58.3826462,fin_de_semana,23,17.1,Destino: la gente vuelve del trabajo (pico a la tarde),True
A,Lima,-34.6091227,-58.3826462,habil,3,0.0,Destino: la gente vuelve del trabajo (pico a la tarde),True
A,Lima,-34.6091227,-58.3826462,habil,4,0.0,Destino: la gente vuelve del trabajo (pico a la tarde),True
A,Lima,-34.6091227,-58.3826462,habil,5,5.7,Destino: la gente vuelve del trabajo (pico a la tarde),True
A,Lima,-34.6091227,-58.3826462,habil,6,31.8,Destino: la gente vuelve del trabajo (pico a la tarde),True
A,Lima,-34.6091227,-58.3826462,habil,7,93.9,Destino: la gente vuelve del trabajo (pico a la tarde),True
A,Lima,-34.6091227,-58.3826462,habil,8,125.1,Destino: la gente vuelve del trabajo (pico a la tarde),True
A,Lima,-34.6091227,-58.3826462,habil,9,133.1,Destino: la gente vuelve del trabajo (pico a la tarde),True
A,Lima,-34.6091227,-58.3826462,habil,10,147.5,Destino: la gente vuelve del trabajo (pico a la tarde),True
A,Lima,-34.6091227,-58.3826462,habil,11,172.1,Destino: la gente vuelve del trabajo (pico a la tarde),True
A,Lima,-34.6091227,-58.3826462,habil,12,194.0,Destino: la gente vuelve del trabajo (pico a la tarde),True
A,Lima,-34.6091227,-58.3826462,habil,13,227.9,Destino: la gente vuelve del trabajo (pico a la tarde),True
A,Lima,-34.6091227,-58.3826462,habil,14,259.1,Destino: la gente vuelve del trabajo (pico a la tarde),True
A,Lima,-34.6091227,-58.3826462,habil,15,333.7,Destino: la gente vuelve del trabajo (pico a la tarde),True
A,Lima,-34.6091227,-58.3826462,habil,16,394.4,Destino: la gente vuelve del trabajo (pico a la tarde),True
A,Lima,-34.6091227,-58.3826462,habil,17,455.1,Destino: la gente vuelve del trabajo (pico a la tarde),True
A,Lima,-34.6091227,-58.3826462,habil,18,344.9,Destino: la gente vuelve del trabajo (pico a la tarde),True
A,Lima,-34.6091227,-58.3826462,habil,19,166.7,Destino: la gente vuelve del trabajo (pico a la tarde),True
A,Lima,-34.6091227,-58.3826462,habil,20,123.5,Destino: la gente vuelve del trabajo (pico a la tarde),True
A,Lima,-34.6091227,-58.3826462,habil,21,91.2,Destino: la gente vuelve del trabajo (pico a la tarde),True
A,Lima,-34.6091227,-58.3826462,habil,22,72.9,Destino: la gente vuelve del trabajo (pico a la tarde),True
A,Lima,-34.6091227,-58.3826462,habil,23,15.4,Destino: la gente vuelve del trabajo (pico a la tarde),True
A,Loria,-34.6108281,-58.4155501,fin_de_semana,0,0.1,Origen: la gente sale de su casa (pico a la mañana),True
A,Loria,-34.6108281,-58.4155501,fin_de_semana,5,0.4,Origen: la gente sale de su casa (pico a la mañana),True
A,Loria,-34.6108281,-58.4155501,fin_de_semana,6,12.7,Origen: la gente sale de su casa (pico a la mañana),True
A,Loria,-34.6108281,-58.4155501,fin_de_semana,7,37.5,Origen: la gente sale de su casa (pico a la mañana),True
A,Loria,-34.6108281,-58.4155501,fin_de_semana,8,78.0,Origen: la gente sale de su casa (pico a la mañana),True
A,Loria,-34.6108281,-58.4155501,fin_de_semana,9,101.6,Origen: la gente sale de su casa (pico a la mañana),True
A,Loria,-34.6108281,-58.4155501,fin_de_semana,10,111.6,Origen: la gente sale de su casa (pico a la mañana),True
A,Loria,-34.6108281,-58.4155501,fin_de_semana,11,117.0,Origen: la gente sale de su casa (pico a la mañana),True
A,Loria,-34.6108281,-58.4155501,fin_de_semana,12,136.4,Origen: la gente sale de su casa (pico a la mañana),True
A,Loria,-34.6108281,-58.4155501,fin_de_semana,13,132.1,Origen: la gente sale de su casa (pico a la mañana),True
A,Loria,-34.6108281,-58.4155501,fin_de_semana,14,125.5,Origen: la gente sale de su casa (pico a la mañana),True
A,Loria,-34.6108281,-58.4155501,fin_de_semana,15,134.7,Origen: la gente sale de su casa (pico a la mañana),True
A,Loria,-34.6108281,-58.4155501,fin_de_semana,16,136.6,Origen: la gente sale de su casa (pico a la mañana),True
A,Loria,-34.6108281,-58.4155501,fin_de_semana,17,128.2,Origen: la gente sale de su casa (pico a la mañana),True
A,Loria,-34.6108281,-58.4155501,fin_de_semana,18,119.9,Origen: la gente sale de su casa (pico a la mañana),True
A,Loria,-34.6108281,-58.4155501,fin_de_semana,19,111.5,Origen: la gente sale de su casa (pico a la mañana),True
A,Loria,-34.6108281,-58.4155501,fin_de_semana,20,94.7,Origen: la gente sale de su casa (pico a la mañana),True
A,Loria,-34.6108281,-58.4155501,fin_de_semana,21,71.3,Origen: la gente sale de su casa (pico a la mañana),True
A,Loria,-34.6108281,-58.4155501,fin_de_semana,22,31.8,Origen: la gente sale de su casa (pico a la mañana),True
A,Loria,-34.6108281,-58.4155501,fin_de_semana,23,8.7,Origen: la gente sale de su casa (pico a la mañana),True
A,Loria,-34.6108281,-58.4155501,habil,0,0.0,Origen: la gente sale de su casa (pico a la mañana),True
A,Loria,-34.6108281,-58.4155501,habil,1,0.0,Origen: la gente sale de su casa (pico a la mañana),True
A,Loria,-34.6108281,-58.4155501,habil,5,8.5,Origen: la gente sale de su casa (pico a la mañana),True
A,Loria,-34.6108281,-58.4155501,habil,6,74.0,Origen: la gente sale de su casa (pico a la mañana),True
A,Loria,-34.6108281,-58.4155501,habil,7,317.3,Origen: la gente sale de su casa (pico a la mañana),True
A,Loria,-34.6108281,-58.4155501,habil,8,355.0,Origen: la gente sale de su casa (pico a la mañana),True
A,Loria,-34.6108281,-58.4155501,habil,9,303.2,Origen: la gente sale de su casa (pico a la mañana),True
A,Loria,-34.6108281,-58.4155501,habil,10,240.2,Origen: la gente sale de su casa (pico a la mañana),True
A,Loria,-34.6108281,-58.4155501,habil,11,224.9,Origen: la gente sale de su casa (pico a la mañana),True
A,Loria,-34.6108281,-58.4155501,habil,12,296.0,Origen: la gente sale de su casa (pico a la mañana),True
A,Loria,-34.6108281,-58.4155501,habil,13,311.4,Origen: la gente sale de su casa (pico a la mañana),True
A,Loria,-34.6108281,-58.4155501,habil,14,264.0,Origen: la gente sale de su casa (pico a la mañana),True
A,Loria,-34.6108281,-58.4155501,habil,15,276.2,Origen: la gente sale de su casa (pico a la mañana),True
A,Loria,-34.6108281,-58.4155501,habil,16,331.8,Origen: la gente sale de su casa (pico a la mañana),True
A,Loria,-34.6108281,-58.4155501,habil,17,325.8,Origen: la gente sale de su casa (pico a la mañana),True
A,Loria,-34.6108281,-58.4155501,habil,18,318.5,Origen: la gente sale de su casa (pico a la mañana),True
A,Loria,-34.6108281,-58.4155501,habil,19,194.5,Origen: la gente sale de su casa (pico a la mañana),True
A,Loria,-34.6108281,-58.4155501,habil,20,154.8,Origen: la gente sale de su casa (pico a la mañana),True
A,Loria,-34.6108281,-58.4155501,habil,21,126.0,Origen: la gente sale de su casa (pico a la mañana),True
A,Loria,-34.6108281,-58.4155501,habil,22,54.1,Origen: la gente sale de su casa (pico a la mañana),True
A,Loria,-34.6108281,-58.4155501,habil,23,8.0,Origen: la gente sale de su casa (pico a la mañana),True
A,Pasco,-34.6096461,-58.3985172,fin_de_semana,0,0.0,Origen: la gente sale de su casa (pico a la mañana),True
A,Pasco,-34.6096461,-58.3985172,fin_de_semana,5,0.3,Origen: la gente sale de su casa (pico a la mañana),True
A,Pasco,-34.6096461,-58.3985172,fin_de_semana,6,4.0,Origen: la gente sale de su casa (pico a la mañana),True
A,Pasco,-34.6096461,-58.3985172,fin_de_semana,7,12.8,Origen: la gente sale de su casa (pico a la mañana),True
A,Pasco,-34.6096461,-58.3985172,fin_de_semana,8,20.6,Origen: la gente sale de su casa (pico a la mañana),True
A,Pasco,-34.6096461,-58.3985172,fin_de_semana,9,36.3,Origen: la gente sale de su casa (pico a la mañana),True
A,Pasco,-34.6096461,-58.3985172,fin_de_semana,10,53.0,Origen: la gente sale de su casa (pico a la mañana),True
A,Pasco,-34.6096461,-58.3985172,fin_de_semana,11,61.3,Origen: la gente sale de su casa (pico a la mañana),True
A,Pasco,-34.6096461,-58.3985172,fin_de_semana,12,76.2,Origen: la gente sale de su casa (pico a la mañana),True
A,Pasco,-34.6096461,-58.3985172,fin_de_semana,13,84.2,Origen: la gente sale de su casa (pico a la mañana),True
A,Pasco,-34.6096461,-58.3985172,fin_de_semana,14,86.5,Origen: la gente sale de su casa (pico a la mañana),True
A,Pasco,-34.6096461,-58.3985172,fin_de_semana,15,75.7,Origen: la gente sale de su casa (pico a la mañana),True
A,Pasco,-34.6096461,-58.3985172,fin_de_semana,16,79.7,Origen: la gente sale de su casa (pico a la mañana),True
A,Pasco,-34.6096461,-58.3985172,fin_de_semana,17,67.6,Origen: la gente sale de su casa (pico a la mañana),True
A,Pasco,-34.6096461,-58.3985172,fin_de_semana,18,69.0,Origen: la gente sale de su casa (pico a la mañana),True
A,Pasco,-34.6096461,-58.3985172,fin_de_semana,19,59.2,Origen: la gente sale de su casa (pico a la mañana),True
A,Pasco,-34.6096461,-58.3985172,fin_de_semana,20,39.7,Origen: la gente sale de su casa (pico a la mañana),True
A,Pasco,-34.6096461,-58.3985172,fin_de_semana,21,28.3,Origen: la gente sale de su casa (pico a la mañana),True
A,Pasco,-34.6096461,-58.3985172,fin_de_semana,22,11.5,Origen: la gente sale de su casa (pico a la mañana),True
A,Pasco,-34.6096461,-58.3985172,fin_de_semana,23,2.0,Origen: la gente sale de su casa (pico a la mañana),True
A,Pasco,-34.6096461,-58.3985172,habil,1,0.0,Origen: la gente sale de su casa (pico a la mañana),True
A,Pasco,-34.6096461,-58.3985172,habil,5,4.4,Origen: la gente sale de su casa (pico a la mañana),True
A,Pasco,-34.6096461,-58.3985172,habil,6,25.6,Origen: la gente sale de su casa (pico a la mañana),True
A,Pasco,-34.6096461,-58.3985172,habil,7,85.6,Origen: la gente sale de su casa (pico a la mañana),True
A,Pasco,-34.6096461,-58.3985172,habil,8,130.6,Origen: la gente sale de su casa (pico a la mañana),True
A,Pasco,-34.6096461,-58.3985172,habil,9,141.7,Origen: la gente sale de su casa (pico a la mañana),True
A,Pasco,-34.6096461,-58.3985172,habil,10,125.5,Origen: la gente sale de su casa (pico a la mañana),True
A,Pasco,-34.6096461,-58.3985172,habil,11,130.5,Origen: la gente sale de su casa (pico a la mañana),True
A,Pasco,-34.6096461,-58.3985172,habil,12,158.9,Origen: la gente sale de su casa (pico a la mañana),True
A,Pasco,-34.6096461,-58.3985172,habil,13,157.4,Origen: la gente sale de su casa (pico a la mañana),True
A,Pasco,-34.6096461,-58.3985172,habil,14,157.1,Origen: la gente sale de su casa (pico a la mañana),True
A,Pasco,-34.6096461,-58.3985172,habil,15,152.5,Origen: la gente sale de su casa (pico a la mañana),True
A,Pasco,-34.6096461,-58.3985172,habil,16,172.0,Origen: la gente sale de su casa (pico a la mañana),True
A,Pasco,-34.6096461,-58.3985172,habil,17,186.0,Origen: la gente sale de su casa (pico a la mañana),True
A,Pasco,-34.6096461,-58.3985172,habil,18,168.4,Origen: la gente sale de su casa (pico a la mañana),True
A,Pasco,-34.6096461,-58.3985172,habil,19,79.6,Origen: la gente sale de su casa (pico a la mañana),True
A,Pasco,-34.6096461,-58.3985172,habil,20,55.0,Origen: la gente sale de su casa (pico a la mañana),True
A,Pasco,-34.6096461,-58.3985172,habil,21,34.3,Origen: la gente sale de su casa (pico a la mañana),True
A,Pasco,-34.6096461,-58.3985172,habil,22,14.4,Origen: la gente sale de su casa (pico a la mañana),True
A,Pasco,-34.6096461,-58.3985172,habil,23,1.3,Origen: la gente sale de su casa (pico a la mañana),True
A,Perú,-34.6085776,-58.3745001,fin_de_semana,0,0.0,Destino: la gente vuelve del trabajo (pico a la tarde),True
A,Perú,-34.6085776,-58.3745001,fin_de_semana,1,0.0,Destino: la gente vuelve del trabajo (pico a la tarde),True
A,Perú,-34.6085776,-58.3745001,fin_de_semana,5,1.3,Destino: la gente vuelve del trabajo (pico a la tarde),True
A,Perú,-34.6085776,-58.3745001,fin_de_semana,6,10.2,Destino: la gente vuelve del trabajo (pico a la tarde),True
A,Perú,-34.6085776,-58.3745001,fin_de_semana,7,24.2,Destino: la gente vuelve del trabajo (pico a la tarde),True
A,Perú,-34.6085776,-58.3745001,fin_de_semana,8,48.7,Destino: la gente vuelve del trabajo (pico a la tarde),True
A,Perú,-34.6085776,-58.3745001,fin_de_semana,9,53.6,Destino: la gente vuelve del trabajo (pico a la tarde),True
A,Perú,-34.6085776,-58.3745001,fin_de_semana,10,65.8,Destino: la gente vuelve del trabajo (pico a la tarde),True
A,Perú,-34.6085776,-58.3745001,fin_de_semana,11,83.2,Destino: la gente vuelve del trabajo (pico a la tarde),True
A,Perú,-34.6085776,-58.3745001,fin_de_semana,12,107.0,Destino: la gente vuelve del trabajo (pico a la tarde),True
A,Perú,-34.6085776,-58.3745001,fin_de_semana,13,132.3,Destino: la gente vuelve del trabajo (pico a la tarde),True
A,Perú,-34.6085776,-58.3745001,fin_de_semana,14,121.1,Destino: la gente vuelve del trabajo (pico a la tarde),True
A,Perú,-34.6085776,-58.3745001,fin_de_semana,15,125.0,Destino: la gente vuelve del trabajo (pico a la tarde),True
A,Perú,-34.6085776,-58.3745001,fin_de_semana,16,147.5,Destino: la gente vuelve del trabajo (pico a la tarde),True
A,Perú,-34.6085776,-58.3745001,fin_de_semana,17,173.2,Destino: la gente vuelve del trabajo (pico a la tarde),True
A,Perú,-34.6085776,-58.3745001,fin_de_semana,18,184.4,Destino: la gente vuelve del trabajo (pico a la tarde),True
A,Perú,-34.6085776,-58.3745001,fin_de_semana,19,164.0,Destino: la gente vuelve del trabajo (pico a la tarde),True
A,Perú,-34.6085776,-58.3745001,fin_de_semana,20,121.4,Destino: la gente vuelve del trabajo (pico a la tarde),True
A,Perú,-34.6085776,-58.3745001,fin_de_semana,21,70.6,Destino: la gente vuelve del trabajo (pico a la tarde),True
A,Perú,-34.6085776,-58.3745001,fin_de_semana,22,34.3,Destino: la gente vuelve del trabajo (pico a la tarde),True
A,Perú,-34.6085776,-58.3745001,fin_de_semana,23,12.8,Destino: la gente vuelve del trabajo (pico a la tarde),True
A,Perú,-34.6085776,-58.3745001,habil,5,7.3,Destino: la gente vuelve del trabajo (pico a la tarde),True
A,Perú,-34.6085776,-58.3745001,habil,6,31.2,Destino: la gente vuelve del trabajo (pico a la tarde),True
A,Perú,-34.6085776,-58.3745001,habil,7,66.5,Destino: la gente vuelve del trabajo (pico a la tarde),True
A,Perú,-34.6085776,-58.3745001,habil,8,84.2,Destino: la gente vuelve del trabajo (pico a la tarde),True
A,Perú,-34.6085776,-58.3745001,habil,9,109.4,Destino: la gente vuelve del trabajo (pico a la tarde),True
A,Perú,-34.6085776,-58.3745001,habil,10,158.9,Destino: la gente vuelve del trabajo (pico a la tarde),True
A,Perú,-34.6085776,-58.3745001,habil,11,230.4,Destino: la gente vuelve del trabajo (pico a la tarde),True
A,Perú,-34.6085776,-58.3745001,habil,12,315.5,Destino: la gente vuelve del trabajo (pico a la tarde),True
A,Perú,-34.6085776,-58.3745001,habil,13,374.9,Destino: la gente vuelve del trabajo (pico a la tarde),True
A,Perú,-34.6085776,-58.3745001,habil,14,518.5,Destino: la gente vuelve del trabajo (pico a la tarde),True
A,Perú,-34.6085776,-58.3745001,habil,15,796.7,Destino: la gente vuelve del trabajo (pico a la tarde),True
A,Perú,-34.6085776,-58.3745001,habil,16,924.3,Destino: la gente vuelve del trabajo (pico a la tarde),True
A,Perú,-34.6085776,-58.3745001,habil,17,1212.9,Destino: la gente vuelve del trabajo (pico a la tarde),True
A,Perú,-34.6085776,-58.3745001,habil,18,923.0,Destino: la gente vuelve del trabajo (pico a la tarde),True
A,Perú,-34.6085776,-58.3745001,habil,19,424.0,Destino: la gente vuelve del trabajo (pico a la tarde),True
A,Perú,-34.6085776,-58.3745001,habil,20,296.5,Destino: la gente vuelve del trabajo (pico a la tarde),True
A,Perú,-34.6085776,-58.3745001,habil,21,151.0,Destino: la gente vuelve del trabajo (pico a la tarde),True
A,Perú,-34.6085776,-58.3745001,habil,22,57.4,Destino: la gente vuelve del trabajo (pico a la tarde),True
A,Perú,-34.6085776,-58.3745001,habil,23,16.6,Destino: la gente vuelve del trabajo (pico a la tarde),True
A,Piedras,-34.6088397,-58.3785726,fin_de_semana,5,0.9,Destino: la gente vuelve del trabajo (pico a la tarde),True
A,Piedras,-34.6088397,-58.3785726,fin_de_semana,6,10.3,Destino: la gente vuelve del trabajo (pico a la tarde),True
A,Piedras,-34.6088397,-58.3785726,fin_de_semana,7,22.1,Destino: la gente vuelve del trabajo (pico a la tarde),True
A,Piedras,-34.6088397,-58.3785726,fin_de_semana,8,41.9,Destino: la gente vuelve del trabajo (pico a la tarde),True
A,Piedras,-34.6088397,-58.3785726,fin_de_semana,9,63.9,Destino: la gente vuelve del trabajo (pico a la tarde),True
A,Piedras,-34.6088397,-58.3785726,fin_de_semana,10,68.7,Destino: la gente vuelve del trabajo (pico a la tarde),True
A,Piedras,-34.6088397,-58.3785726,fin_de_semana,11,73.9,Destino: la gente vuelve del trabajo (pico a la tarde),True
A,Piedras,-34.6088397,-58.3785726,fin_de_semana,12,77.3,Destino: la gente vuelve del trabajo (pico a la tarde),True
A,Piedras,-34.6088397,-58.3785726,fin_de_semana,13,70.6,Destino: la gente vuelve del trabajo (pico a la tarde),True
A,Piedras,-34.6088397,-58.3785726,fin_de_semana,14,71.5,Destino: la gente vuelve del trabajo (pico a la tarde),True
A,Piedras,-34.6088397,-58.3785726,fin_de_semana,15,76.7,Destino: la gente vuelve del trabajo (pico a la tarde),True
A,Piedras,-34.6088397,-58.3785726,fin_de_semana,16,78.7,Destino: la gente vuelve del trabajo (pico a la tarde),True
A,Piedras,-34.6088397,-58.3785726,fin_de_semana,17,87.8,Destino: la gente vuelve del trabajo (pico a la tarde),True
A,Piedras,-34.6088397,-58.3785726,fin_de_semana,18,95.3,Destino: la gente vuelve del trabajo (pico a la tarde),True
A,Piedras,-34.6088397,-58.3785726,fin_de_semana,19,85.8,Destino: la gente vuelve del trabajo (pico a la tarde),True
A,Piedras,-34.6088397,-58.3785726,fin_de_semana,20,73.0,Destino: la gente vuelve del trabajo (pico a la tarde),True
A,Piedras,-34.6088397,-58.3785726,fin_de_semana,21,56.8,Destino: la gente vuelve del trabajo (pico a la tarde),True
A,Piedras,-34.6088397,-58.3785726,fin_de_semana,22,29.1,Destino: la gente vuelve del trabajo (pico a la tarde),True
A,Piedras,-34.6088397,-58.3785726,fin_de_semana,23,10.9,Destino: la gente vuelve del trabajo (pico a la tarde),True
A,Piedras,-34.6088397,-58.3785726,habil,5,5.3,Destino: la gente vuelve del trabajo (pico a la tarde),True
A,Piedras,-34.6088397,-58.3785726,habil,6,31.9,Destino: la gente vuelve del trabajo (pico a la tarde),True
A,Piedras,-34.6088397,-58.3785726,habil,7,88.2,Destino: la gente vuelve del trabajo (pico a la tarde),True
A,Piedras,-34.6088397,-58.3785726,habil,8,110.7,Destino: la gente vuelve del trabajo (pico a la tarde),True
A,Piedras,-34.6088397,-58.3785726,habil,9,125.7,Destino: la gente vuelve del trabajo (pico a la tarde),True
A,Piedras,-34.6088397,-58.3785726,habil,10,145.0,Destino: la gente vuelve del trabajo (pico a la tarde),True
A,Piedras,-34.6088397,-58.3785726,habil,11,182.1,Destino: la gente vuelve del trabajo (pico a la tarde),True
A,Piedras,-34.6088397,-58.3785726,habil,12,225.9,Destino: la gente vuelve del trabajo (pico a la tarde),True
A,Piedras,-34.6088397,-58.3785726,habil,13,264.3,Destino: la gente vuelve del trabajo (pico a la tarde),True
A,Piedras,-34.6088397,-58.3785726,habil,14,358.7,Destino: la gente vuelve del trabajo (pico a la tarde),True
A,Piedras,-34.6088397,-58.3785726,habil,15,559.3,Destino: la gente vuelve del trabajo (pico a la tarde),True
A,Piedras,-34.6088397,-58.3785726,habil,16,645.5,Destino: la gente vuelve del trabajo (pico a la tarde),True
A,Piedras,-34.6088397,-58.3785726,habil,17,829.7,Destino: la gente vuelve del trabajo (pico a la tarde),True
A,Piedras,-34.6088397,-58.3785726,habil,18,648.1,Destino: la gente vuelve del trabajo (pico a la tarde),True
A,Piedras,-34.6088397,-58.3785726,habil,19,267.0,Destino: la gente vuelve del trabajo (pico a la tarde),True
A,Piedras,-34.6088397,-58.3785726,habil,20,205.4,Destino: la gente vuelve del trabajo (pico a la tarde),True
A,Piedras,-34.6088397,-58.3785726,habil,21,146.2,Destino: la gente vuelve del trabajo (pico a la tarde),True
A,Piedras,-34.6088397,-58.3785726,habil,22,65.5,Destino: la gente vuelve del trabajo (pico a la tarde),True
A,Piedras,-34.6088397,-58.3785726,habil,23,16.5,Destino: la gente vuelve del trabajo (pico a la tarde),True
A,Plaza Miserere,-34.6097461,-58.4063571,fin_de_semana,0,0.2,Origen: la gente sale de su casa (pico a la mañana),True
A,Plaza Miserere,-34.6097461,-58.4063571,fin_de_semana,5,3.2,Origen: la gente sale de su casa (pico a la mañana),True
A,Plaza Miserere,-34.6097461,-58.4063571,fin_de_semana,6,52.1,Origen: la gente sale de su casa (pico a la mañana),True
A,Plaza Miserere,-34.6097461,-58.4063571,fin_de_semana,7,112.8,Origen: la gente sale de su casa (pico a la mañana),True
A,Plaza Miserere,-34.6097461,-58.4063571,fin_de_semana,8,193.9,Origen: la gente sale de su casa (pico a la mañana),True
A,Plaza Miserere,-34.6097461,-58.4063571,fin_de_semana,9,235.3,Origen: la gente sale de su casa (pico a la mañana),True
A,Plaza Miserere,-34.6097461,-58.4063571,fin_de_semana,10,252.6,Origen: la gente sale de su casa (pico a la mañana),True
A,Plaza Miserere,-34.6097461,-58.4063571,fin_de_semana,11,298.4,Origen: la gente sale de su casa (pico a la mañana),True
A,Plaza Miserere,-34.6097461,-58.4063571,fin_de_semana,12,354.1,Origen: la gente sale de su casa (pico a la mañana),True
A,Plaza Miserere,-34.6097461,-58.4063571,fin_de_semana,13,387.8,Origen: la gente sale de su casa (pico a la mañana),True
A,Plaza Miserere,-34.6097461,-58.4063571,fin_de_semana,14,380.3,Origen: la gente sale de su casa (pico a la mañana),True
A,Plaza Miserere,-34.6097461,-58.4063571,fin_de_semana,15,365.5,Origen: la gente sale de su casa (pico a la mañana),True
A,Plaza Miserere,-34.6097461,-58.4063571,fin_de_semana,16,330.2,Origen: la gente sale de su casa (pico a la mañana),True
A,Plaza Miserere,-34.6097461,-58.4063571,fin_de_semana,17,302.2,Origen: la gente sale de su casa (pico a la mañana),True
A,Plaza Miserere,-34.6097461,-58.4063571,fin_de_semana,18,271.5,Origen: la gente sale de su casa (pico a la mañana),True
A,Plaza Miserere,-34.6097461,-58.4063571,fin_de_semana,19,219.6,Origen: la gente sale de su casa (pico a la mañana),True
A,Plaza Miserere,-34.6097461,-58.4063571,fin_de_semana,20,176.8,Origen: la gente sale de su casa (pico a la mañana),True
A,Plaza Miserere,-34.6097461,-58.4063571,fin_de_semana,21,127.2,Origen: la gente sale de su casa (pico a la mañana),True
A,Plaza Miserere,-34.6097461,-58.4063571,fin_de_semana,22,47.1,Origen: la gente sale de su casa (pico a la mañana),True
A,Plaza Miserere,-34.6097461,-58.4063571,fin_de_semana,23,10.5,Origen: la gente sale de su casa (pico a la mañana),True
A,Plaza Miserere,-34.6097461,-58.4063571,habil,4,0.0,Origen: la gente sale de su casa (pico a la mañana),True
A,Plaza Miserere,-34.6097461,-58.4063571,habil,5,44.0,Origen: la gente sale de su casa (pico a la mañana),True
A,Plaza Miserere,-34.6097461,-58.4063571,habil,6,310.1,Origen: la gente sale de su casa (pico a la mañana),True
A,Plaza Miserere,-34.6097461,-58.4063571,habil,7,619.6,Origen: la gente sale de su casa (pico a la mañana),True
A,Plaza Miserere,-34.6097461,-58.4063571,habil,8,998.4,Origen: la gente sale de su casa (pico a la mañana),True
A,Plaza Miserere,-34.6097461,-58.4063571,habil,9,853.0,Origen: la gente sale de su casa (pico a la mañana),True
A,Plaza Miserere,-34.6097461,-58.4063571,habil,10,631.4,Origen: la gente sale de su casa (pico a la mañana),True
A,Plaza Miserere,-34.6097461,-58.4063571,habil,11,607.3,Origen: la gente sale de su casa (pico a la mañana),True
A,Plaza Miserere,-34.6097461,-58.4063571,habil,12,628.2,Origen: la gente sale de su casa (pico a la mañana),True
A,Plaza Miserere,-34.6097461,-58.4063571,habil,13,673.7,Origen: la gente sale de su casa (pico a la mañana),True
A,Plaza Miserere,-34.6097461,-58.4063571,habil,14,587.5,Origen: la gente sale de su casa (pico a la mañana),True
A,Plaza Miserere,-34.6097461,-58.4063571,habil,15,544.7,Origen: la gente sale de su casa (pico a la mañana),True
A,Plaza Miserere,-34.6097461,-58.4063571,habil,16,556.2,Origen: la gente sale de su casa (pico a la mañana),True
A,Plaza Miserere,-34.6097461,-58.4063571,habil,17,606.1,Origen: la gente sale de su casa (pico a la mañana),True
A,Plaza Miserere,-34.6097461,-58.4063571,habil,18,559.8,Origen: la gente sale de su casa (pico a la mañana),True
A,Plaza Miserere,-34.6097461,-58.4063571,habil,19,277.7,Origen: la gente sale de su casa (pico a la mañana),True
A,Plaza Miserere,-34.6097461,-58.4063571,habil,20,169.6,Origen: la gente sale de su casa (pico a la mañana),True
A,Plaza Miserere,-34.6097461,-58.4063571,habil,21,112.5,Origen: la gente sale de su casa (pico a la mañana),True
A,Plaza Miserere,-34.6097461,-58.4063571,habil,22,58.5,Origen: la gente sale de su casa (pico a la mañana),True
A,Plaza Miserere,-34.6097461,-58.4063571,habil,23,8.6,Origen: la gente sale de su casa (pico a la mañana),True
A,Plaza de Mayo,-34.608798,-58.3711432,fin_de_semana,0,0.0,Destino: la gente vuelve del trabajo (pico a la tarde),True
A,Plaza de Mayo,-34.608798,-58.3711432,fin_de_semana,2,0.0,Destino: la gente vuelve del trabajo (pico a la tarde),True
A,Plaza de Mayo,-34.608798,-58.3711432,fin_de_semana,5,3.0,Destino: la gente vuelve del trabajo (pico a la tarde),True
A,Plaza de Mayo,-34.608798,-58.3711432,fin_de_semana,6,36.1,Destino: la gente vuelve del trabajo (pico a la tarde),True
A,Plaza de Mayo,-34.608798,-58.3711432,fin_de_semana,7,93.6,Destino: la gente vuelve del trabajo (pico a la tarde),True
A,Plaza de Mayo,-34.608798,-58.3711432,fin_de_semana,8,190.1,Destino: la gente vuelve del trabajo (pico a la tarde),True
A,Plaza de Mayo,-34.608798,-58.3711432,fin_de_semana,9,201.3,Destino: la gente vuelve del trabajo (pico a la tarde),True
A,Plaza de Mayo,-34.608798,-58.3711432,fin_de_semana,10,165.6,Destino: la gente vuelve del trabajo (pico a la tarde),True
A,Plaza de Mayo,-34.608798,-58.3711432,fin_de_semana,11,162.1,Destino: la gente vuelve del trabajo (pico a la tarde),True
A,Plaza de Mayo,-34.608798,-58.3711432,fin_de_semana,12,175.8,Destino: la gente vuelve del trabajo (pico a la tarde),True
A,Plaza de Mayo,-34.608798,-58.3711432,fin_de_semana,13,177.9,Destino: la gente vuelve del trabajo (pico a la tarde),True
A,Plaza de Mayo,-34.608798,-58.3711432,fin_de_semana,14,167.5,Destino: la gente vuelve del trabajo (pico a la tarde),True
A,Plaza de Mayo,-34.608798,-58.3711432,fin_de_semana,15,198.6,Destino: la gente vuelve del trabajo (pico a la tarde),True
A,Plaza de Mayo,-34.608798,-58.3711432,fin_de_semana,16,241.4,Destino: la gente vuelve del trabajo (pico a la tarde),True
A,Plaza de Mayo,-34.608798,-58.3711432,fin_de_semana,17,292.9,Destino: la gente vuelve del trabajo (pico a la tarde),True
A,Plaza de Mayo,-34.608798,-58.3711432,fin_de_semana,18,322.1,Destino: la gente vuelve del trabajo (pico a la tarde),True
A,Plaza de Mayo,-34.608798,-58.3711432,fin_de_semana,19,285.8,Destino: la gente vuelve del trabajo (pico a la tarde),True
A,Plaza de Mayo,-34.608798,-58.3711432,fin_de_semana,20,210.2,Destino: la gente vuelve del trabajo (pico a la tarde),True
A,Plaza de Mayo,-34.608798,-58.3711432,fin_de_semana,21,124.6,Destino: la gente vuelve del trabajo (pico a la tarde),True
A,Plaza de Mayo,-34.608798,-58.3711432,fin_de_semana,22,59.4,Destino: la gente vuelve del trabajo (pico a la tarde),True
A,Plaza de Mayo,-34.608798,-58.3711432,fin_de_semana,23,18.8,Destino: la gente vuelve del trabajo (pico a la tarde),True
A,Plaza de Mayo,-34.608798,-58.3711432,habil,0,0.0,Destino: la gente vuelve del trabajo (pico a la tarde),True
A,Plaza de Mayo,-34.608798,-58.3711432,habil,1,0.0,Destino: la gente vuelve del trabajo (pico a la tarde),True
A,Plaza de Mayo,-34.608798,-58.3711432,habil,2,0.0,Destino: la gente vuelve del trabajo (pico a la tarde),True
A,Plaza de Mayo,-34.608798,-58.3711432,habil,3,0.0,Destino: la gente vuelve del trabajo (pico a la tarde),True
A,Plaza de Mayo,-34.608798,-58.3711432,habil,4,0.0,Destino: la gente vuelve del trabajo (pico a la tarde),True
A,Plaza de Mayo,-34.608798,-58.3711432,habil,5,30.1,Destino: la gente vuelve del trabajo (pico a la tarde),True
A,Plaza de Mayo,-34.608798,-58.3711432,habil,6,175.9,Destino: la gente vuelve del trabajo (pico a la tarde),True
A,Plaza de Mayo,-34.608798,-58.3711432,habil,7,336.2,Destino: la gente vuelve del trabajo (pico a la tarde),True
A,Plaza de Mayo,-34.608798,-58.3711432,habil,8,386.3,Destino: la gente vuelve del trabajo (pico a la tarde),True
A,Plaza de Mayo,-34.608798,-58.3711432,habil,9,412.1,Destino: la gente vuelve del trabajo (pico a la tarde),True
A,Plaza de Mayo,-34.608798,-58.3711432,habil,10,391.4,Destino: la gente vuelve del trabajo (pico a la tarde),True
A,Plaza de Mayo,-34.608798,-58.3711432,habil,11,416.5,Destino: la gente vuelve del trabajo (pico a la tarde),True
A,Plaza de Mayo,-34.608798,-58.3711432,habil,12,549.6,Destino: la gente vuelve del trabajo (pico a la tarde),True
A,Plaza de Mayo,-34.608798,-58.3711432,habil,13,694.9,Destino: la gente vuelve del trabajo (pico a la tarde),True
A,Plaza de Mayo,-34.608798,-58.3711432,habil,14,719.2,Destino: la gente vuelve del trabajo (pico a la tarde),True
A,Plaza de Mayo,-34.608798,-58.3711432,habil,15,1090.9,Destino: la gente vuelve del trabajo (pico a la tarde),True
A,Plaza de Mayo,-34.608798,-58.3711432,habil,16,1554.0,Destino: la gente vuelve del trabajo (pico a la tarde),True
A,Plaza de Mayo,-34.608798,-58.3711432,habil,17,2327.5,Destino: la gente vuelve del trabajo (pico a la tarde),True
A,Plaza de Mayo,-34.608798,-58.3711432,habil,18,1507.2,Destino: la gente vuelve del trabajo (pico a la tarde),True
A,Plaza de Mayo,-34.608798,-58.3711432,habil,19,582.8,Destino: la gente vuelve del trabajo (pico a la tarde),True
A,Plaza de Mayo,-34.608798,-58.3711432,habil,20,351.2,Destino: la gente vuelve del trabajo (pico a la tarde),True
A,Plaza de Mayo,-34.608798,-58.3711432,habil,21,200.5,Destino: la gente vuelve del trabajo (pico a la tarde),True
A,Plaza de Mayo,-34.608798,-58.3711432,habil,22,95.7,Destino: la gente vuelve del trabajo (pico a la tarde),True
A,Plaza de Mayo,-34.608798,-58.3711432,habil,23,16.4,Destino: la gente vuelve del trabajo (pico a la tarde),True
A,Primera Junta,-34.6205897,-58.4413922,fin_de_semana,0,0.1,Origen: la gente sale de su casa (pico a la mañana),True
A,Primera Junta,-34.6205897,-58.4413922,fin_de_semana,5,2.9,Origen: la gente sale de su casa (pico a la mañana),True
A,Primera Junta,-34.6205897,-58.4413922,fin_de_semana,6,37.9,Origen: la gente sale de su casa (pico a la mañana),True
A,Primera Junta,-34.6205897,-58.4413922,fin_de_semana,7,92.6,Origen: la gente sale de su casa (pico a la mañana),True
A,Primera Junta,-34.6205897,-58.4413922,fin_de_semana,8,168.4,Origen: la gente sale de su casa (pico a la mañana),True
A,Primera Junta,-34.6205897,-58.4413922,fin_de_semana,9,226.6,Origen: la gente sale de su casa (pico a la mañana),True
A,Primera Junta,-34.6205897,-58.4413922,fin_de_semana,10,236.9,Origen: la gente sale de su casa (pico a la mañana),True
A,Primera Junta,-34.6205897,-58.4413922,fin_de_semana,11,259.8,Origen: la gente sale de su casa (pico a la mañana),True
A,Primera Junta,-34.6205897,-58.4413922,fin_de_semana,12,290.0,Origen: la gente sale de su casa (pico a la mañana),True
A,Primera Junta,-34.6205897,-58.4413922,fin_de_semana,13,275.3,Origen: la gente sale de su casa (pico a la mañana),True
A,Primera Junta,-34.6205897,-58.4413922,fin_de_semana,14,249.1,Origen: la gente sale de su casa (pico a la mañana),True
A,Primera Junta,-34.6205897,-58.4413922,fin_de_semana,15,273.5,Origen: la gente sale de su casa (pico a la mañana),True
A,Primera Junta,-34.6205897,-58.4413922,fin_de_semana,16,295.7,Origen: la gente sale de su casa (pico a la mañana),True
A,Primera Junta,-34.6205897,-58.4413922,fin_de_semana,17,256.9,Origen: la gente sale de su casa (pico a la mañana),True
A,Primera Junta,-34.6205897,-58.4413922,fin_de_semana,18,258.2,Origen: la gente sale de su casa (pico a la mañana),True
A,Primera Junta,-34.6205897,-58.4413922,fin_de_semana,19,233.3,Origen: la gente sale de su casa (pico a la mañana),True
A,Primera Junta,-34.6205897,-58.4413922,fin_de_semana,20,195.3,Origen: la gente sale de su casa (pico a la mañana),True
A,Primera Junta,-34.6205897,-58.4413922,fin_de_semana,21,115.6,Origen: la gente sale de su casa (pico a la mañana),True
A,Primera Junta,-34.6205897,-58.4413922,fin_de_semana,22,42.7,Origen: la gente sale de su casa (pico a la mañana),True
A,Primera Junta,-34.6205897,-58.4413922,fin_de_semana,23,17.2,Origen: la gente sale de su casa (pico a la mañana),True
A,Primera Junta,-34.6205897,-58.4413922,habil,5,58.8,Origen: la gente sale de su casa (pico a la mañana),True
A,Primera Junta,-34.6205897,-58.4413922,habil,6,294.2,Origen: la gente sale de su casa (pico a la mañana),True
A,Primera Junta,-34.6205897,-58.4413922,habil,7,1009.7,Origen: la gente sale de su casa (pico a la mañana),True
A,Primera Junta,-34.6205897,-58.4413922,habil,8,1291.0,Origen: la gente sale de su casa (pico a la mañana),True
A,Primera Junta,-34.6205897,-58.4413922,habil,9,1013.1,Origen: la gente sale de su casa (pico a la mañana),True
A,Primera Junta,-34.6205897,-58.4413922,habil,10,615.7,Origen: la gente sale de su casa (pico a la mañana),True
A,Primera Junta,-34.6205897,-58.4413922,habil,11,554.5,Origen: la gente sale de su casa (pico a la mañana),True
A,Primera Junta,-34.6205897,-58.4413922,habil,12,584.8,Origen: la gente sale de su casa (pico a la mañana),True
A,Primera Junta,-34.6205897,-58.4413922,habil,13,585.8,Origen: la gente sale de su casa (pico a la mañana),True
A,Primera Junta,-34.6205897,-58.4413922,habil,14,459.6,Origen: la gente sale de su casa (pico a la mañana),True
A,Primera Junta,-34.6205897,-58.4413922,habil,15,448.8,Origen: la gente sale de su casa (pico a la mañana),True
A,Primera Junta,-34.6205897,-58.4413922,habil,16,515.7,Origen: la gente sale de su casa (pico a la mañana),True
A,Primera Junta,-34.6205897,-58.4413922,habil,17,551.2,Origen: la gente sale de su casa (pico a la mañana),True
A,Primera Junta,-34.6205897,-58.4413922,habil,18,483.2,Origen: la gente sale de su casa (pico a la mañana),True
A,Primera Junta,-34.6205897,-58.4413922,habil,19,349.9,Origen: la gente sale de su casa (pico a la mañana),True
A,Primera Junta,-34.6205897,-58.4413922,habil,20,246.3,Origen: la gente sale de su casa (pico a la mañana),True
A,Primera Junta,-34.6205897,-58.4413922,habil,21,141.2,Origen: la gente sale de su casa (pico a la mañana),True
A,Primera Junta,-34.6205897,-58.4413922,habil,22,61.9,Origen: la gente sale de su casa (pico a la mañana),True
A,Primera Junta,-34.6205897,-58.4413922,habil,23,4.0,Origen: la gente sale de su casa (pico a la mañana),True
A,Puan,-34.623559,-58.448639,fin_de_semana,0,0.0,Origen: la gente sale de su casa (pico a la mañana),True
A,Puan,-34.623559,-58.448639,fin_de_semana,5,0.9,Origen: la gente sale de su casa (pico a la mañana),True
A,Puan,-34.623559,-58.448639,fin_de_semana,6,10.8,Origen: la gente sale de su casa (pico a la mañana),True
A,Puan,-34.623559,-58.448639,fin_de_semana,7,37.6,Origen: la gente sale de su casa (pico a la mañana),True
A,Puan,-34.623559,-58.448639,fin_de_semana,8,71.8,Origen: la gente sale de su casa (pico a la mañana),True
A,Puan,-34.623559,-58.448639,fin_de_semana,9,102.8,Origen: la gente sale de su casa (pico a la mañana),True
A,Puan,-34.623559,-58.448639,fin_de_semana,10,117.9,Origen: la gente sale de su casa (pico a la mañana),True
A,Puan,-34.623559,-58.448639,fin_de_semana,11,131.6,Origen: la gente sale de su casa (pico a la mañana),True
A,Puan,-34.623559,-58.448639,fin_de_semana,12,147.1,Origen: la gente sale de su casa (pico a la mañana),True
A,Puan,-34.623559,-58.448639,fin_de_semana,13,140.0,Origen: la gente sale de su casa (pico a la mañana),True
A,Puan,-34.623559,-58.448639,fin_de_semana,14,134.2,Origen: la gente sale de su casa (pico a la mañana),True
A,Puan,-34.623559,-58.448639,fin_de_semana,15,143.7,Origen: la gente sale de su casa (pico a la mañana),True
A,Puan,-34.623559,-58.448639,fin_de_semana,16,155.3,Origen: la gente sale de su casa (pico a la mañana),True
A,Puan,-34.623559,-58.448639,fin_de_semana,17,139.2,Origen: la gente sale de su casa (pico a la mañana),True
A,Puan,-34.623559,-58.448639,fin_de_semana,18,130.8,Origen: la gente sale de su casa (pico a la mañana),True
A,Puan,-34.623559,-58.448639,fin_de_semana,19,117.5,Origen: la gente sale de su casa (pico a la mañana),True
A,Puan,-34.623559,-58.448639,fin_de_semana,20,97.1,Origen: la gente sale de su casa (pico a la mañana),True
A,Puan,-34.623559,-58.448639,fin_de_semana,21,58.5,Origen: la gente sale de su casa (pico a la mañana),True
A,Puan,-34.623559,-58.448639,fin_de_semana,22,22.6,Origen: la gente sale de su casa (pico a la mañana),True
A,Puan,-34.623559,-58.448639,fin_de_semana,23,12.5,Origen: la gente sale de su casa (pico a la mañana),True
A,Puan,-34.623559,-58.448639,habil,5,15.0,Origen: la gente sale de su casa (pico a la mañana),True
A,Puan,-34.623559,-58.448639,habil,6,121.6,Origen: la gente sale de su casa (pico a la mañana),True
A,Puan,-34.623559,-58.448639,habil,7,576.0,Origen: la gente sale de su casa (pico a la mañana),True
A,Puan,-34.623559,-58.448639,habil,8,694.7,Origen: la gente sale de su casa (pico a la mañana),True
A,Puan,-34.623559,-58.448639,habil,9,499.2,Origen: la gente sale de su casa (pico a la mañana),True
A,Puan,-34.623559,-58.448639,habil,10,306.0,Origen: la gente sale de su casa (pico a la mañana),True
A,Puan,-34.623559,-58.448639,habil,11,281.7,Origen: la gente sale de su casa (pico a la mañana),True
A,Puan,-34.623559,-58.448639,habil,12,316.0,Origen: la gente sale de su casa (pico a la mañana),True
A,Puan,-34.623559,-58.448639,habil,13,299.9,Origen: la gente sale de su casa (pico a la mañana),True
A,Puan,-34.623559,-58.448639,habil,14,239.0,Origen: la gente sale de su casa (pico a la mañana),True
A,Puan,-34.623559,-58.448639,habil,15,257.9,Origen: la gente sale de su casa (pico a la mañana),True
A,Puan,-34.623559,-58.448639,habil,16,345.7,Origen: la gente sale de su casa (pico a la mañana),True
A,Puan,-34.623559,-58.448639,habil,17,339.1,Origen: la gente sale de su casa (pico a la mañana),True
A,Puan,-34.623559,-58.448639,habil,18,317.8,Origen: la gente sale de su casa (pico a la mañana),True
A,Puan,-34.623559,-58.448639,habil,19,219.0,Origen: la gente sale de su casa (pico a la mañana),True
A,Puan,-34.623559,-58.448639,habil,20,182.3,Origen: la gente sale de su casa (pico a la mañana),True
A,Puan,-34.623559,-58.448639,habil,21,95.8,Origen: la gente sale de su casa (pico a la mañana),True
A,Puan,-34.623559,-58.448639,habil,22,59.1,Origen: la gente sale de su casa (pico a la mañana),True
A,Puan,-34.623559,-58.448639,habil,23,1.7,Origen: la gente sale de su casa (pico a la mañana),True
A,Río de Janeiro,-34.6152413,-58.429492,fin_de_semana,0,0.1,Origen: la gente sale de su casa (pico a la mañana),True
A,Río de Janeiro,-34.6152413,-58.429492,fin_de_semana,1,0.0,Origen: la gente sale de su casa (pico a la mañana),True
A,Río de Janeiro,-34.6152413,-58.429492,fin_de_semana,5,0.9,Origen: la gente sale de su casa (pico a la mañana),True
A,Río de Janeiro,-34.6152413,-58.429492,fin_de_semana,6,14.9,Origen: la gente sale de su casa (pico a la mañana),True
A,Río de Janeiro,-34.6152413,-58.429492,fin_de_semana,7,47.0,Origen: la gente sale de su casa (pico a la mañana),True
A,Río de Janeiro,-34.6152413,-58.429492,fin_de_semana,8,84.2,Origen: la gente sale de su casa (pico a la mañana),True
A,Río de Janeiro,-34.6152413,-58.429492,fin_de_semana,9,120.5,Origen: la gente sale de su casa (pico a la mañana),True
A,Río de Janeiro,-34.6152413,-58.429492,fin_de_semana,10,131.0,Origen: la gente sale de su casa (pico a la mañana),True
A,Río de Janeiro,-34.6152413,-58.429492,fin_de_semana,11,150.9,Origen: la gente sale de su casa (pico a la mañana),True
A,Río de Janeiro,-34.6152413,-58.429492,fin_de_semana,12,172.4,Origen: la gente sale de su casa (pico a la mañana),True
A,Río de Janeiro,-34.6152413,-58.429492,fin_de_semana,13,163.1,Origen: la gente sale de su casa (pico a la mañana),True
A,Río de Janeiro,-34.6152413,-58.429492,fin_de_semana,14,158.7,Origen: la gente sale de su casa (pico a la mañana),True
A,Río de Janeiro,-34.6152413,-58.429492,fin_de_semana,15,161.2,Origen: la gente sale de su casa (pico a la mañana),True
A,Río de Janeiro,-34.6152413,-58.429492,fin_de_semana,16,184.1,Origen: la gente sale de su casa (pico a la mañana),True
A,Río de Janeiro,-34.6152413,-58.429492,fin_de_semana,17,170.8,Origen: la gente sale de su casa (pico a la mañana),True
A,Río de Janeiro,-34.6152413,-58.429492,fin_de_semana,18,165.2,Origen: la gente sale de su casa (pico a la mañana),True
A,Río de Janeiro,-34.6152413,-58.429492,fin_de_semana,19,152.4,Origen: la gente sale de su casa (pico a la mañana),True
A,Río de Janeiro,-34.6152413,-58.429492,fin_de_semana,20,122.5,Origen: la gente sale de su casa (pico a la mañana),True
A,Río de Janeiro,-34.6152413,-58.429492,fin_de_semana,21,83.5,Origen: la gente sale de su casa (pico a la mañana),True
A,Río de Janeiro,-34.6152413,-58.429492,fin_de_semana,22,36.7,Origen: la gente sale de su casa (pico a la mañana),True
A,Río de Janeiro,-34.6152413,-58.429492,fin_de_semana,23,9.9,Origen: la gente sale de su casa (pico a la mañana),True
A,Río de Janeiro,-34.6152413,-58.429492,habil,4,0.0,Origen: la gente sale de su casa (pico a la mañana),True
A,Río de Janeiro,-34.6152413,-58.429492,habil,5,13.6,Origen: la gente sale de su casa (pico a la mañana),True
A,Río de Janeiro,-34.6152413,-58.429492,habil,6,114.1,Origen: la gente sale de su casa (pico a la mañana),True
A,Río de Janeiro,-34.6152413,-58.429492,habil,7,495.0,Origen: la gente sale de su casa (pico a la mañana),True
A,Río de Janeiro,-34.6152413,-58.429492,habil,8,664.1,Origen: la gente sale de su casa (pico a la mañana),True
A,Río de Janeiro,-34.6152413,-58.429492,habil,9,523.1,Origen: la gente sale de su casa (pico a la mañana),True
A,Río de Janeiro,-34.6152413,-58.429492,habil,10,346.7,Origen: la gente sale de su casa (pico a la mañana),True
A,Río de Janeiro,-34.6152413,-58.429492,habil,11,320.3,Origen: la gente sale de su casa (pico a la mañana),True
A,Río de Janeiro,-34.6152413,-58.429492,habil,12,384.4,Origen: la gente sale de su casa (pico a la mañana),True
A,Río de Janeiro,-34.6152413,-58.429492,habil,13,381.0,Origen: la gente sale de su casa (pico a la mañana),True
A,Río de Janeiro,-34.6152413,-58.429492,habil,14,301.8,Origen: la gente sale de su casa (pico a la mañana),True
A,Río de Janeiro,-34.6152413,-58.429492,habil,15,311.1,Origen: la gente sale de su casa (pico a la mañana),True
A,Río de Janeiro,-34.6152413,-58.429492,habil,16,425.5,Origen: la gente sale de su casa (pico a la mañana),True
A,Río de Janeiro,-34.6152413,-58.429492,habil,17,406.9,Origen: la gente sale de su casa (pico a la mañana),True
A,Río de Janeiro,-34.6152413,-58.429492,habil,18,363.0,Origen: la gente sale de su casa (pico a la mañana),True
A,Río de Janeiro,-34.6152413,-58.429492,habil,19,260.1,Origen: la gente sale de su casa (pico a la mañana),True
A,Río de Janeiro,-34.6152413,-58.429492,habil,20,186.2,Origen: la gente sale de su casa (pico a la mañana),True
A,Río de Janeiro,-34.6152413,-58.429492,habil,21,113.5,Origen: la gente sale de su casa (pico a la mañana),True
A,Río de Janeiro,-34.6152413,-58.429492,habil,22,56.6,Origen: la gente sale de su casa (pico a la mañana),True
A,Río de Janeiro,-34.6152413,-58.429492,habil,23,6.3,Origen: la gente sale de su casa (pico a la mañana),True
A,San José de Flores,-34.6290748,-58.4634771,fin_de_semana,5,2.8,Origen: la gente sale de su casa (pico a la mañana),True
A,San José de Flores,-34.6290748,-58.4634771,fin_de_semana,6,34.4,Origen: la gente sale de su casa (pico a la mañana),True
A,San José de Flores,-34.6290748,-58.4634771,fin_de_semana,7,86.4,Origen: la gente sale de su casa (pico a la mañana),True
A,San José de Flores,-34.6290748,-58.4634771,fin_de_semana,8,173.1,Origen: la gente sale de su casa (pico a la mañana),True
A,San José de Flores,-34.6290748,-58.4634771,fin_de_semana,9,207.6,Origen: la gente sale de su casa (pico a la mañana),True
A,San José de Flores,-34.6290748,-58.4634771,fin_de_semana,10,211.1,Origen: la gente sale de su casa (pico a la mañana),True
A,San José de Flores,-34.6290748,-58.4634771,fin_de_semana,11,246.9,Origen: la gente sale de su casa (pico a la mañana),True
A,San José de Flores,-34.6290748,-58.4634771,fin_de_semana,12,287.0,Origen: la gente sale de su casa (pico a la mañana),True
A,San José de Flores,-34.6290748,-58.4634771,fin_de_semana,13,308.6,Origen: la gente sale de su casa (pico a la mañana),True
A,San José de Flores,-34.6290748,-58.4634771,fin_de_semana,14,296.8,Origen: la gente sale de su casa (pico a la mañana),True
A,San José de Flores,-34.6290748,-58.4634771,fin_de_semana,15,295.3,Origen: la gente sale de su casa (pico a la mañana),True
A,San José de Flores,-34.6290748,-58.4634771,fin_de_semana,16,292.9,Origen: la gente sale de su casa (pico a la mañana),True
A,San José de Flores,-34.6290748,-58.4634771,fin_de_semana,17,257.7,Origen: la gente sale de su casa (pico a la mañana),True
A,San José de Flores,-34.6290748,-58.4634771,fin_de_semana,18,237.4,Origen: la gente sale de su casa (pico a la mañana),True
A,San José de Flores,-34.6290748,-58.4634771,fin_de_semana,19,209.7,Origen: la gente sale de su casa (pico a la mañana),True
A,San José de Flores,-34.6290748,-58.4634771,fin_de_semana,20,165.9,Origen: la gente sale de su casa (pico a la mañana),True
A,San José de Flores,-34.6290748,-58.4634771,fin_de_semana,21,98.7,Origen: la gente sale de su casa (pico a la mañana),True
A,San José de Flores,-34.6290748,-58.4634771,fin_de_semana,22,35.7,Origen: la gente sale de su casa (pico a la mañana),True
A,San José de Flores,-34.6290748,-58.4634771,fin_de_semana,23,7.4,Origen: la gente sale de su casa (pico a la mañana),True
A,San José de Flores,-34.6290748,-58.4634771,habil,2,0.0,Origen: la gente sale de su casa (pico a la mañana),True
A,San José de Flores,-34.6290748,-58.4634771,habil,5,43.9,Origen: la gente sale de su casa (pico a la mañana),True
A,San José de Flores,-34.6290748,-58.4634771,habil,6,349.6,Origen: la gente sale de su casa (pico a la mañana),True
A,San José de Flores,-34.6290748,-58.4634771,habil,7,1031.0,Origen: la gente sale de su casa (pico a la mañana),True
A,San José de Flores,-34.6290748,-58.4634771,habil,8,1261.2,Origen: la gente sale de su casa (pico a la mañana),True
A,San José de Flores,-34.6290748,-58.4634771,habil,9,885.5,Origen: la gente sale de su casa (pico a la mañana),True
A,San José de Flores,-34.6290748,-58.4634771,habil,10,554.5,Origen: la gente sale de su casa (pico a la mañana),True
A,San José de Flores,-34.6290748,-58.4634771,habil,11,521.3,Origen: la gente sale de su casa (pico a la mañana),True
A,San José de Flores,-34.6290748,-58.4634771,habil,12,582.6,Origen: la gente sale de su casa (pico a la mañana),True
A,San José de Flores,-34.6290748,-58.4634771,habil,13,565.4,Origen: la gente sale de su casa (pico a la mañana),True
A,San José de Flores,-34.6290748,-58.4634771,habil,14,459.4,Origen: la gente sale de su casa (pico a la mañana),True
A,San José de Flores,-34.6290748,-58.4634771,habil,15,467.5,Origen: la gente sale de su casa (pico a la mañana),True
A,San José de Flores,-34.6290748,-58.4634771,habil,16,550.8,Origen: la gente sale de su casa (pico a la mañana),True
A,San José de Flores,-34.6290748,-58.4634771,habil,17,603.2,Origen: la gente sale de su casa (pico a la mañana),True
A,San José de Flores,-34.6290748,-58.4634771,habil,18,453.4,Origen: la gente sale de su casa (pico a la mañana),True
A,San José de Flores,-34.6290748,-58.4634771,habil,19,299.3,Origen: la gente sale de su casa (pico a la mañana),True
A,San José de Flores,-34.6290748,-58.4634771,habil,20,205.6,Origen: la gente sale de su casa (pico a la mañana),True
A,San José de Flores,-34.6290748,-58.4634771,habil,21,120.6,Origen: la gente sale de su casa (pico a la mañana),True
A,San José de Flores,-34.6290748,-58.4634771,habil,22,52.8,Origen: la gente sale de su casa (pico a la mañana),True
A,San José de Flores,-34.6290748,-58.4634771,habil,23,0.4,Origen: la gente sale de su casa (pico a la mañana),True
A,San Pedrito,-34.630944,-58.4704936,fin_de_semana,0,0.0,Origen: la gente sale de su casa (pico a la mañana),True
A,San Pedrito,-34.630944,-58.4704936,fin_de_semana,5,7.6,Origen: la gente sale de su casa (pico a la mañana),True
A,San Pedrito,-34.630944,-58.4704936,fin_de_semana,6,78.1,Origen: la gente sale de su casa (pico a la mañana),True
A,San Pedrito,-34.630944,-58.4704936,fin_de_semana,7,215.7,Origen: la gente sale de su casa (pico a la mañana),True
A,San Pedrito,-34.630944,-58.4704936,fin_de_semana,8,384.3,Origen: la gente sale de su casa (pico a la mañana),True
A,San Pedrito,-34.630944,-58.4704936,fin_de_semana,9,447.0,Origen: la gente sale de su casa (pico a la mañana),True
A,San Pedrito,-34.630944,-58.4704936,fin_de_semana,10,525.1,Origen: la gente sale de su casa (pico a la mañana),True
A,San Pedrito,-34.630944,-58.4704936,fin_de_semana,11,763.4,Origen: la gente sale de su casa (pico a la mañana),True
A,San Pedrito,-34.630944,-58.4704936,fin_de_semana,12,1033.3,Origen: la gente sale de su casa (pico a la mañana),True
A,San Pedrito,-34.630944,-58.4704936,fin_de_semana,13,1220.5,Origen: la gente sale de su casa (pico a la mañana),True
A,San Pedrito,-34.630944,-58.4704936,fin_de_semana,14,1017.0,Origen: la gente sale de su casa (pico a la mañana),True
A,San Pedrito,-34.630944,-58.4704936,fin_de_semana,15,787.1,Origen: la gente sale de su casa (pico a la mañana),True
A,San Pedrito,-34.630944,-58.4704936,fin_de_semana,16,600.0,Origen: la gente sale de su casa (pico a la mañana),True
A,San Pedrito,-34.630944,-58.4704936,fin_de_semana,17,448.7,Origen: la gente sale de su casa (pico a la mañana),True
A,San Pedrito,-34.630944,-58.4704936,fin_de_semana,18,341.8,Origen: la gente sale de su casa (pico a la mañana),True
A,San Pedrito,-34.630944,-58.4704936,fin_de_semana,19,275.8,Origen: la gente sale de su casa (pico a la mañana),True
A,San Pedrito,-34.630944,-58.4704936,fin_de_semana,20,211.1,Origen: la gente sale de su casa (pico a la mañana),True
A,San Pedrito,-34.630944,-58.4704936,fin_de_semana,21,130.0,Origen: la gente sale de su casa (pico a la mañana),True
A,San Pedrito,-34.630944,-58.4704936,fin_de_semana,22,42.6,Origen: la gente sale de su casa (pico a la mañana),True
A,San Pedrito,-34.630944,-58.4704936,fin_de_semana,23,12.2,Origen: la gente sale de su casa (pico a la mañana),True
A,San Pedrito,-34.630944,-58.4704936,habil,5,121.5,Origen: la gente sale de su casa (pico a la mañana),True
A,San Pedrito,-34.630944,-58.4704936,habil,6,878.0,Origen: la gente sale de su casa (pico a la mañana),True
A,San Pedrito,-34.630944,-58.4704936,habil,7,2645.8,Origen: la gente sale de su casa (pico a la mañana),True
A,San Pedrito,-34.630944,-58.4704936,habil,8,3097.2,Origen: la gente sale de su casa (pico a la mañana),True
A,San Pedrito,-34.630944,-58.4704936,habil,9,1995.2,Origen: la gente sale de su casa (pico a la mañana),True
A,San Pedrito,-34.630944,-58.4704936,habil,10,1183.0,Origen: la gente sale de su casa (pico a la mañana),True
A,San Pedrito,-34.630944,-58.4704936,habil,11,1190.4,Origen: la gente sale de su casa (pico a la mañana),True
A,San Pedrito,-34.630944,-58.4704936,habil,12,1366.4,Origen: la gente sale de su casa (pico a la mañana),True
A,San Pedrito,-34.630944,-58.4704936,habil,13,1405.0,Origen: la gente sale de su casa (pico a la mañana),True
A,San Pedrito,-34.630944,-58.4704936,habil,14,1167.8,Origen: la gente sale de su casa (pico a la mañana),True
A,San Pedrito,-34.630944,-58.4704936,habil,15,1185.9,Origen: la gente sale de su casa (pico a la mañana),True
A,San Pedrito,-34.630944,-58.4704936,habil,16,1424.2,Origen: la gente sale de su casa (pico a la mañana),True
A,San Pedrito,-34.630944,-58.4704936,habil,17,1530.4,Origen: la gente sale de su casa (pico a la mañana),True
A,San Pedrito,-34.630944,-58.4704936,habil,18,760.4,Origen: la gente sale de su casa (pico a la mañana),True
A,San Pedrito,-34.630944,-58.4704936,habil,19,356.8,Origen: la gente sale de su casa (pico a la mañana),True
A,San Pedrito,-34.630944,-58.4704936,habil,20,210.1,Origen: la gente sale de su casa (pico a la mañana),True
A,San Pedrito,-34.630944,-58.4704936,habil,21,130.7,Origen: la gente sale de su casa (pico a la mañana),True
A,San Pedrito,-34.630944,-58.4704936,habil,22,58.7,Origen: la gente sale de su casa (pico a la mañana),True
A,San Pedrito,-34.630944,-58.4704936,habil,23,0.4,Origen: la gente sale de su casa (pico a la mañana),True
A,Sáenz Peña,-34.6094069,-58.3867508,fin_de_semana,0,0.2,Destino: la gente vuelve del trabajo (pico a la tarde),True
A,Sáenz Peña,-34.6094069,-58.3867508,fin_de_semana,5,1.0,Destino: la gente vuelve del trabajo (pico a la tarde),True
A,Sáenz Peña,-34.6094069,-58.3867508,fin_de_semana,6,15.6,Destino: la gente vuelve del trabajo (pico a la tarde),True
A,Sáenz Peña,-34.6094069,-58.3867508,fin_de_semana,7,41.5,Destino: la gente vuelve del trabajo (pico a la tarde),True
A,Sáenz Peña,-34.6094069,-58.3867508,fin_de_semana,8,87.6,Destino: la gente vuelve del trabajo (pico a la tarde),True
A,Sáenz Peña,-34.6094069,-58.3867508,fin_de_semana,9,116.4,Destino: la gente vuelve del trabajo (pico a la tarde),True
A,Sáenz Peña,-34.6094069,-58.3867508,fin_de_semana,10,127.2,Destino: la gente vuelve del trabajo (pico a la tarde),True
A,Sáenz Peña,-34.6094069,-58.3867508,fin_de_semana,11,145.7,Destino: la gente vuelve del trabajo (pico a la tarde),True
A,Sáenz Peña,-34.6094069,-58.3867508,fin_de_semana,12,159.1,Destino: la gente vuelve del trabajo (pico a la tarde),True
A,Sáenz Peña,-34.6094069,-58.3867508,fin_de_semana,13,158.8,Destino: la gente vuelve del trabajo (pico a la tarde),True
A,Sáenz Peña,-34.6094069,-58.3867508,fin_de_semana,14,149.0,Destino: la gente vuelve del trabajo (pico a la tarde),True
A,Sáenz Peña,-34.6094069,-58.3867508,fin_de_semana,15,152.0,Destino: la gente vuelve del trabajo (pico a la tarde),True
A,Sáenz Peña,-34.6094069,-58.3867508,fin_de_semana,16,163.1,Destino: la gente vuelve del trabajo (pico a la tarde),True
A,Sáenz Peña,-34.6094069,-58.3867508,fin_de_semana,17,159.8,Destino: la gente vuelve del trabajo (pico a la tarde),True
A,Sáenz Peña,-34.6094069,-58.3867508,fin_de_semana,18,165.6,Destino: la gente vuelve del trabajo (pico a la tarde),True
A,Sáenz Peña,-34.6094069,-58.3867508,fin_de_semana,19,169.3,Destino: la gente vuelve del trabajo (pico a la tarde),True
A,Sáenz Peña,-34.6094069,-58.3867508,fin_de_semana,20,138.8,Destino: la gente vuelve del trabajo (pico a la tarde),True
A,Sáenz Peña,-34.6094069,-58.3867508,fin_de_semana,21,105.8,Destino: la gente vuelve del trabajo (pico a la tarde),True
A,Sáenz Peña,-34.6094069,-58.3867508,fin_de_semana,22,60.8,Destino: la gente vuelve del trabajo (pico a la tarde),True
A,Sáenz Peña,-34.6094069,-58.3867508,fin_de_semana,23,20.2,Destino: la gente vuelve del trabajo (pico a la tarde),True
A,Sáenz Peña,-34.6094069,-58.3867508,habil,5,11.8,Destino: la gente vuelve del trabajo (pico a la tarde),True
A,Sáenz Peña,-34.6094069,-58.3867508,habil,6,64.6,Destino: la gente vuelve del trabajo (pico a la tarde),True
A,Sáenz Peña,-34.6094069,-58.3867508,habil,7,188.9,Destino: la gente vuelve del trabajo (pico a la tarde),True
A,Sáenz Peña,-34.6094069,-58.3867508,habil,8,238.2,Destino: la gente vuelve del trabajo (pico a la tarde),True
A,Sáenz Peña,-34.6094069,-58.3867508,habil,9,253.4,Destino: la gente vuelve del trabajo (pico a la tarde),True
A,Sáenz Peña,-34.6094069,-58.3867508,habil,10,274.4,Destino: la gente vuelve del trabajo (pico a la tarde),True
A,Sáenz Peña,-34.6094069,-58.3867508,habil,11,334.0,Destino: la gente vuelve del trabajo (pico a la tarde),True
A,Sáenz Peña,-34.6094069,-58.3867508,habil,12,414.1,Destino: la gente vuelve del trabajo (pico a la tarde),True
A,Sáenz Peña,-34.6094069,-58.3867508,habil,13,470.8,Destino: la gente vuelve del trabajo (pico a la tarde),True
A,Sáenz Peña,-34.6094069,-58.3867508,habil,14,550.9,Destino: la gente vuelve del trabajo (pico a la tarde),True
A,Sáenz Peña,-34.6094069,-58.3867508,habil,15,679.2,Destino: la gente vuelve del trabajo (pico a la tarde),True
A,Sáenz Peña,-34.6094069,-58.3867508,habil,16,809.5,Destino: la gente vuelve del trabajo (pico a la tarde),True
A,Sáenz Peña,-34.6094069,-58.3867508,habil,17,823.3,Destino: la gente vuelve del trabajo (pico a la tarde),True
A,Sáenz Peña,-34.6094069,-58.3867508,habil,18,638.2,Destino: la gente vuelve del trabajo (pico a la tarde),True
A,Sáenz Peña,-34.6094069,-58.3867508,habil,19,336.5,Destino: la gente vuelve del trabajo (pico a la tarde),True
A,Sáenz Peña,-34.6094069,-58.3867508,habil,20,269.4,Destino: la gente vuelve del trabajo (pico a la tarde),True
A,Sáenz Peña,-34.6094069,-58.3867508,habil,21,150.2,Destino: la gente vuelve del trabajo (pico a la tarde),True
A,Sáenz Peña,-34.6094069,-58.3867508,habil,22,87.0,Destino: la gente vuelve del trabajo (pico a la tarde),True
A,Sáenz Peña,-34.6094069,-58.3867508,habil,23,18.4,Destino: la gente vuelve del trabajo (pico a la tarde),True
B,Callao (B),-34.604451,-58.3927552,fin_de_semana,0,66.3,Destino: la gente vuelve del trabajo (pico a la tarde),True
B,Callao (B),-34.604451,-58.3927552,fin_de_semana,1,18.5,Destino: la gente vuelve del trabajo (pico a la tarde),True
B,Callao (B),-34.604451,-58.3927552,fin_de_semana,5,3.1,Destino: la gente vuelve del trabajo (pico a la tarde),True
B,Callao (B),-34.604451,-58.3927552,fin_de_semana,6,41.3,Destino: la gente vuelve del trabajo (pico a la tarde),True
B,Callao (B),-34.604451,-58.3927552,fin_de_semana,7,79.7,Destino: la gente vuelve del trabajo (pico a la tarde),True
B,Callao (B),-34.604451,-58.3927552,fin_de_semana,8,139.0,Destino: la gente vuelve del trabajo (pico a la tarde),True
B,Callao (B),-34.604451,-58.3927552,fin_de_semana,9,171.4,Destino: la gente vuelve del trabajo (pico a la tarde),True
B,Callao (B),-34.604451,-58.3927552,fin_de_semana,10,206.9,Destino: la gente vuelve del trabajo (pico a la tarde),True
B,Callao (B),-34.604451,-58.3927552,fin_de_semana,11,255.1,Destino: la gente vuelve del trabajo (pico a la tarde),True
B,Callao (B),-34.604451,-58.3927552,fin_de_semana,12,308.5,Destino: la gente vuelve del trabajo (pico a la tarde),True
B,Callao (B),-34.604451,-58.3927552,fin_de_semana,13,350.0,Destino: la gente vuelve del trabajo (pico a la tarde),True
B,Callao (B),-34.604451,-58.3927552,fin_de_semana,14,321.6,Destino: la gente vuelve del trabajo (pico a la tarde),True
B,Callao (B),-34.604451,-58.3927552,fin_de_semana,15,350.1,Destino: la gente vuelve del trabajo (pico a la tarde),True
B,Callao (B),-34.604451,-58.3927552,fin_de_semana,16,378.3,Destino: la gente vuelve del trabajo (pico a la tarde),True
B,Callao (B),-34.604451,-58.3927552,fin_de_semana,17,373.2,Destino: la gente vuelve del trabajo (pico a la tarde),True
B,Callao (B),-34.604451,-58.3927552,fin_de_semana,18,389.7,Destino: la gente vuelve del trabajo (pico a la tarde),True
B,Callao (B),-34.604451,-58.3927552,fin_de_semana,19,411.5,Destino: la gente vuelve del trabajo (pico a la tarde),True
B,Callao (B),-34.604451,-58.3927552,fin_de_semana,20,356.9,Destino: la gente vuelve del trabajo (pico a la tarde),True
B,Callao (B),-34.604451,-58.3927552,fin_de_semana,21,322.0,Destino: la gente vuelve del trabajo (pico a la tarde),True
B,Callao (B),-34.604451,-58.3927552,fin_de_semana,22,194.2,Destino: la gente vuelve del trabajo (pico a la tarde),True
B,Callao (B),-34.604451,-58.3927552,fin_de_semana,23,109.5,Destino: la gente vuelve del trabajo (pico a la tarde),True
B,Callao (B),-34.604451,-58.3927552,habil,0,0.4,Destino: la gente vuelve del trabajo (pico a la tarde),True
B,Callao (B),-34.604451,-58.3927552,habil,1,0.1,Destino: la gente vuelve del trabajo (pico a la tarde),True
B,Callao (B),-34.604451,-58.3927552,habil,2,0.1,Destino: la gente vuelve del trabajo (pico a la tarde),True
B,Callao (B),-34.604451,-58.3927552,habil,3,0.3,Destino: la gente vuelve del trabajo (pico a la tarde),True
B,Callao (B),-34.604451,-58.3927552,habil,4,0.4,Destino: la gente vuelve del trabajo (pico a la tarde),True
B,Callao (B),-34.604451,-58.3927552,habil,5,29.0,Destino: la gente vuelve del trabajo (pico a la tarde),True
B,Callao (B),-34.604451,-58.3927552,habil,6,136.2,Destino: la gente vuelve del trabajo (pico a la tarde),True
B,Callao (B),-34.604451,-58.3927552,habil,7,317.9,Destino: la gente vuelve del trabajo (pico a la tarde),True
B,Callao (B),-34.604451,-58.3927552,habil,8,421.9,Destino: la gente vuelve del trabajo (pico a la tarde),True
B,Callao (B),-34.604451,-58.3927552,habil,9,434.0,Destino: la gente vuelve del trabajo (pico a la tarde),True
B,Callao (B),-34.604451,-58.3927552,habil,10,493.0,Destino: la gente vuelve del trabajo (pico a la tarde),True
B,Callao (B),-34.604451,-58.3927552,habil,11,618.6,Destino: la gente vuelve del trabajo (pico a la tarde),True
B,Callao (B),-34.604451,-58.3927552,habil,12,831.3,Destino: la gente vuelve del trabajo (pico a la tarde),True
B,Callao (B),-34.604451,-58.3927552,habil,13,890.9,Destino: la gente vuelve del trabajo (pico a la tarde),True
B,Callao (B),-34.604451,-58.3927552,habil,14,848.1,Destino: la gente vuelve del trabajo (pico a la tarde),True
B,Callao (B),-34.604451,-58.3927552,habil,15,1008.7,Destino: la gente vuelve del trabajo (pico a la tarde),True
B,Callao (B),-34.604451,-58.3927552,habil,16,1196.7,Destino: la gente vuelve del trabajo (pico a la tarde),True
B,Callao (B),-34.604451,-58.3927552,habil,17,1241.3,Destino: la gente vuelve del trabajo (pico a la tarde),True
B,Callao (B),-34.604451,-58.3927552,habil,18,1105.3,Destino: la gente vuelve del trabajo (pico a la tarde),True
B,Callao (B),-34.604451,-58.3927552,habil,19,759.9,Destino: la gente vuelve del trabajo (pico a la tarde),True
B,Callao (B),-34.604451,-58.3927552,habil,20,616.7,Destino: la gente vuelve del trabajo (pico a la tarde),True
B,Callao (B),-34.604451,-58.3927552,habil,21,454.6,Destino: la gente vuelve del trabajo (pico a la tarde),True
B,Callao (B),-34.604451,-58.3927552,habil,22,292.3,Destino: la gente vuelve del trabajo (pico a la tarde),True
B,Callao (B),-34.604451,-58.3927552,habil,23,84.3,Destino: la gente vuelve del trabajo (pico a la tarde),True
B,Carlos Gardel,-34.6040822,-58.4113533,fin_de_semana,0,0.7,Destino: la gente vuelve del trabajo (pico a la tarde),True
B,Carlos Gardel,-34.6040822,-58.4113533,fin_de_semana,5,2.1,Destino: la gente vuelve del trabajo (pico a la tarde),True
B,Carlos Gardel,-34.6040822,-58.4113533,fin_de_semana,6,19.2,Destino: la gente vuelve del trabajo (pico a la tarde),True
B,Carlos Gardel,-34.6040822,-58.4113533,fin_de_semana,7,32.9,Destino: la gente vuelve del trabajo (pico a la tarde),True
B,Carlos Gardel,-34.6040822,-58.4113533,fin_de_semana,8,62.7,Destino: la gente vuelve del trabajo (pico a la tarde),True
B,Carlos Gardel,-34.6040822,-58.4113533,fin_de_semana,9,90.2,Destino: la gente vuelve del trabajo (pico a la tarde),True
B,Carlos Gardel,-34.6040822,-58.4113533,fin_de_semana,10,122.6,Destino: la gente vuelve del trabajo (pico a la tarde),True
B,Carlos Gardel,-34.6040822,-58.4113533,fin_de_semana,11,179.2,Destino: la gente vuelve del trabajo (pico a la tarde),True
B,Carlos Gardel,-34.6040822,-58.4113533,fin_de_semana,12,242.4,Destino: la gente vuelve del trabajo (pico a la tarde),True
B,Carlos Gardel,-34.6040822,-58.4113533,fin_de_semana,13,290.6,Destino: la gente vuelve del trabajo (pico a la tarde),True
B,Carlos Gardel,-34.6040822,-58.4113533,fin_de_semana,14,337.3,Destino: la gente vuelve del trabajo (pico a la tarde),True
B,Carlos Gardel,-34.6040822,-58.4113533,fin_de_semana,15,404.2,Destino: la gente vuelve del trabajo (pico a la tarde),True
B,Carlos Gardel,-34.6040822,-58.4113533,fin_de_semana,16,498.8,Destino: la gente vuelve del trabajo (pico a la tarde),True
B,Carlos Gardel,-34.6040822,-58.4113533,fin_de_semana,17,564.6,Destino: la gente vuelve del trabajo (pico a la tarde),True
B,Carlos Gardel,-34.6040822,-58.4113533,fin_de_semana,18,595.6,Destino: la gente vuelve del trabajo (pico a la tarde),True
B,Carlos Gardel,-34.6040822,-58.4113533,fin_de_semana,19,585.3,Destino: la gente vuelve del trabajo (pico a la tarde),True
B,Carlos Gardel,-34.6040822,-58.4113533,fin_de_semana,20,492.7,Destino: la gente vuelve del trabajo (pico a la tarde),True
B,Carlos Gardel,-34.6040822,-58.4113533,fin_de_semana,21,403.3,Destino: la gente vuelve del trabajo (pico a la tarde),True
B,Carlos Gardel,-34.6040822,-58.4113533,fin_de_semana,22,243.7,Destino: la gente vuelve del trabajo (pico a la tarde),True
B,Carlos Gardel,-34.6040822,-58.4113533,fin_de_semana,23,48.1,Destino: la gente vuelve del trabajo (pico a la tarde),True
B,Carlos Gardel,-34.6040822,-58.4113533,habil,0,0.0,Destino: la gente vuelve del trabajo (pico a la tarde),True
B,Carlos Gardel,-34.6040822,-58.4113533,habil,2,0.0,Destino: la gente vuelve del trabajo (pico a la tarde),True
B,Carlos Gardel,-34.6040822,-58.4113533,habil,3,0.0,Destino: la gente vuelve del trabajo (pico a la tarde),True
B,Carlos Gardel,-34.6040822,-58.4113533,habil,4,0.1,Destino: la gente vuelve del trabajo (pico a la tarde),True
B,Carlos Gardel,-34.6040822,-58.4113533,habil,5,12.8,Destino: la gente vuelve del trabajo (pico a la tarde),True
B,Carlos Gardel,-34.6040822,-58.4113533,habil,6,70.4,Destino: la gente vuelve del trabajo (pico a la tarde),True
B,Carlos Gardel,-34.6040822,-58.4113533,habil,7,197.2,Destino: la gente vuelve del trabajo (pico a la tarde),True
B,Carlos Gardel,-34.6040822,-58.4113533,habil,8,261.1,Destino: la gente vuelve del trabajo (pico a la tarde),True
B,Carlos Gardel,-34.6040822,-58.4113533,habil,9,231.6,Destino: la gente vuelve del trabajo (pico a la tarde),True
B,Carlos Gardel,-34.6040822,-58.4113533,habil,10,231.9,Destino: la gente vuelve del trabajo (pico a la tarde),True
B,Carlos Gardel,-34.6040822,-58.4113533,habil,11,270.4,Destino: la gente vuelve del trabajo (pico a la tarde),True
B,Carlos Gardel,-34.6040822,-58.4113533,habil,12,354.1,Destino: la gente vuelve del trabajo (pico a la tarde),True
B,Carlos Gardel,-34.6040822,-58.4113533,habil,13,392.5,Destino: la gente vuelve del trabajo (pico a la tarde),True
B,Carlos Gardel,-34.6040822,-58.4113533,habil,14,405.5,Destino: la gente vuelve del trabajo (pico a la tarde),True
B,Carlos Gardel,-34.6040822,-58.4113533,habil,15,470.2,Destino: la gente vuelve del trabajo (pico a la tarde),True
B,Carlos Gardel,-34.6040822,-58.4113533,habil,16,610.2,Destino: la gente vuelve del trabajo (pico a la tarde),True
B,Carlos Gardel,-34.6040822,-58.4113533,habil,17,638.4,Destino: la gente vuelve del trabajo (pico a la tarde),True
B,Carlos Gardel,-34.6040822,-58.4113533,habil,18,622.0,Destino: la gente vuelve del trabajo (pico a la tarde),True
B,Carlos Gardel,-34.6040822,-58.4113533,habil,19,506.9,Destino: la gente vuelve del trabajo (pico a la tarde),True
B,Carlos Gardel,-34.6040822,-58.4113533,habil,20,423.7,Destino: la gente vuelve del trabajo (pico a la tarde),True
B,Carlos Gardel,-34.6040822,-58.4113533,habil,21,324.1,Destino: la gente vuelve del trabajo (pico a la tarde),True
B,Carlos Gardel,-34.6040822,-58.4113533,habil,22,259.3,Destino: la gente vuelve del trabajo (pico a la tarde),True
B,Carlos Gardel,-34.6040822,-58.4113533,habil,23,33.9,Destino: la gente vuelve del trabajo (pico a la tarde),True
B,Carlos Pellegrini,-34.6036824,-58.3812708,fin_de_semana,0,73.9,Destino: la gente vuelve del trabajo (pico a la tarde),True
B,Carlos Pellegrini,-34.6036824,-58.3812708,fin_de_semana,1,28.1,Destino: la gente vuelve del trabajo (pico a la tarde),True
B,Carlos Pellegrini,-34.6036824,-58.3812708,fin_de_semana,5,7.1,Destino: la gente vuelve del trabajo (pico a la tarde),True
B,Carlos Pellegrini,-34.6036824,-58.3812708,fin_de_semana,6,54.0,Destino: la gente vuelve del trabajo (pico a la tarde),True
B,Carlos Pellegrini,-34.6036824,-58.3812708,fin_de_semana,7,87.8,Destino: la gente vuelve del trabajo (pico a la tarde),True
B,Carlos Pellegrini,-34.6036824,-58.3812708,fin_de_semana,8,173.0,Destino: la gente vuelve del trabajo (pico a la tarde),True
B,Carlos Pellegrini,-34.6036824,-58.3812708,fin_de_semana,9,222.9,Destino: la gente vuelve del trabajo (pico a la tarde),True
B,Carlos Pellegrini,-34.6036824,-58.3812708,fin_de_semana,10,286.4,Destino: la gente vuelve del trabajo (pico a la tarde),True
B,Carlos Pellegrini,-34.6036824,-58.3812708,fin_de_semana,11,351.3,Destino: la gente vuelve del trabajo (pico a la tarde),True
B,Carlos Pellegrini,-34.6036824,-58.3812708,fin_de_semana,12,411.2,Destino: la gente vuelve del trabajo (pico a la tarde),True
B,Carlos Pellegrini,-34.6036824,-58.3812708,fin_de_semana,13,431.1,Destino: la gente vuelve del trabajo (pico a la tarde),True
B,Carlos Pellegrini,-34.6036824,-58.3812708,fin_de_semana,14,419.3,Destino: la gente vuelve del trabajo (pico a la tarde),True
B,Carlos Pellegrini,-34.6036824,-58.3812708,fin_de_semana,15,470.3,Destino: la gente vuelve del trabajo (pico a la tarde),True
B,Carlos Pellegrini,-34.6036824,-58.3812708,fin_de_semana,16,554.8,Destino: la gente vuelve del trabajo (pico a la tarde),True
B,Carlos Pellegrini,-34.6036824,-58.3812708,fin_de_semana,17,588.1,Destino: la gente vuelve del trabajo (pico a la tarde),True
B,Carlos Pellegrini,-34.6036824,-58.3812708,fin_de_semana,18,612.5,Destino: la gente vuelve del trabajo (pico a la tarde),True
B,Carlos Pellegrini,-34.6036824,-58.3812708,fin_de_semana,19,644.9,Destino: la gente vuelve del trabajo (pico a la tarde),True
B,Carlos Pellegrini,-34.6036824,-58.3812708,fin_de_semana,20,559.6,Destino: la gente vuelve del trabajo (pico a la tarde),True
B,Carlos Pellegrini,-34.6036824,-58.3812708,fin_de_semana,21,477.2,Destino: la gente vuelve del trabajo (pico a la tarde),True
B,Carlos Pellegrini,-34.6036824,-58.3812708,fin_de_semana,22,319.0,Destino: la gente vuelve del trabajo (pico a la tarde),True
B,Carlos Pellegrini,-34.6036824,-58.3812708,fin_de_semana,23,151.4,Destino: la gente vuelve del trabajo (pico a la tarde),True
B,Carlos Pellegrini,-34.6036824,-58.3812708,habil,0,0.2,Destino: la gente vuelve del trabajo (pico a la tarde),True
B,Carlos Pellegrini,-34.6036824,-58.3812708,habil,1,0.1,Destino: la gente vuelve del trabajo (pico a la tarde),True
B,Carlos Pellegrini,-34.6036824,-58.3812708,habil,4,0.0,Destino: la gente vuelve del trabajo (pico a la tarde),True
B,Carlos Pellegrini,-34.6036824,-58.3812708,habil,5,54.2,Destino: la gente vuelve del trabajo (pico a la tarde),True
B,Carlos Pellegrini,-34.6036824,-58.3812708,habil,6,188.7,Destino: la gente vuelve del trabajo (pico a la tarde),True
B,Carlos Pellegrini,-34.6036824,-58.3812708,habil,7,362.6,Destino: la gente vuelve del trabajo (pico a la tarde),True
B,Carlos Pellegrini,-34.6036824,-58.3812708,habil,8,407.0,Destino: la gente vuelve del trabajo (pico a la tarde),True
B,Carlos Pellegrini,-34.6036824,-58.3812708,habil,9,397.5,Destino: la gente vuelve del trabajo (pico a la tarde),True
B,Carlos Pellegrini,-34.6036824,-58.3812708,habil,10,433.3,Destino: la gente vuelve del trabajo (pico a la tarde),True
B,Carlos Pellegrini,-34.6036824,-58.3812708,habil,11,544.6,Destino: la gente vuelve del trabajo (pico a la tarde),True
B,Carlos Pellegrini,-34.6036824,-58.3812708,habil,12,672.1,Destino: la gente vuelve del trabajo (pico a la tarde),True
B,Carlos Pellegrini,-34.6036824,-58.3812708,habil,13,885.0,Destino: la gente vuelve del trabajo (pico a la tarde),True
B,Carlos Pellegrini,-34.6036824,-58.3812708,habil,14,872.3,Destino: la gente vuelve del trabajo (pico a la tarde),True
B,Carlos Pellegrini,-34.6036824,-58.3812708,habil,15,1043.9,Destino: la gente vuelve del trabajo (pico a la tarde),True
B,Carlos Pellegrini,-34.6036824,-58.3812708,habil,16,1207.0,Destino: la gente vuelve del trabajo (pico a la tarde),True
B,Carlos Pellegrini,-34.6036824,-58.3812708,habil,17,1422.7,Destino: la gente vuelve del trabajo (pico a la tarde),True
B,Carlos Pellegrini,-34.6036824,-58.3812708,habil,18,1375.8,Destino: la gente vuelve del trabajo (pico a la tarde),True
B,Carlos Pellegrini,-34.6036824,-58.3812708,habil,19,813.0,Destino: la gente vuelve del trabajo (pico a la tarde),True
B,Carlos Pellegrini,-34.6036824,-58.3812708,habil,20,653.2,Destino: la gente vuelve del trabajo (pico a la tarde),True
B,Carlos Pellegrini,-34.6036824,-58.3812708,habil,21,480.2,Destino: la gente vuelve del trabajo (pico a la tarde),True
B,Carlos Pellegrini,-34.6036824,-58.3812708,habil,22,394.9,Destino: la gente vuelve del trabajo (pico a la tarde),True
B,Carlos Pellegrini,-34.6036824,-58.3812708,habil,23,119.6,Destino: la gente vuelve del trabajo (pico a la tarde),True
B,Dorrego,-34.5917642,-58.4474918,fin_de_semana,0,98.1,Origen: la gente sale de su casa (pico a la mañana),True
B,Dorrego,-34.5917642,-58.4474918,fin_de_semana,1,12.8,Origen: la gente sale de su casa (pico a la mañana),True
B,Dorrego,-34.5917642,-58.4474918,fin_de_semana,2,0.0,Origen: la gente sale de su casa (pico a la mañana),True
B,Dorrego,-34.5917642,-58.4474918,fin_de_semana,5,5.4,Origen: la gente sale de su casa (pico a la mañana),True
B,Dorrego,-34.5917642,-58.4474918,fin_de_semana,6,44.2,Origen: la gente sale de su casa (pico a la mañana),True
B,Dorrego,-34.5917642,-58.4474918,fin_de_semana,7,71.8,Origen: la gente sale de su casa (pico a la mañana),True
B,Dorrego,-34.5917642,-58.4474918,fin_de_semana,8,147.0,Origen: la gente sale de su casa (pico a la mañana),True
B,Dorrego,-34.5917642,-58.4474918,fin_de_semana,9,187.9,Origen: la gente sale de su casa (pico a la mañana),True
B,Dorrego,-34.5917642,-58.4474918,fin_de_semana,10,190.4,Origen: la gente sale de su casa (pico a la mañana),True
B,Dorrego,-34.5917642,-58.4474918,fin_de_semana,11,214.5,Origen: la gente sale de su casa (pico a la mañana),True
B,Dorrego,-34.5917642,-58.4474918,fin_de_semana,12,251.2,Origen: la gente sale de su casa (pico a la mañana),True
B,Dorrego,-34.5917642,-58.4474918,fin_de_semana,13,300.6,Origen: la gente sale de su casa (pico a la mañana),True
B,Dorrego,-34.5917642,-58.4474918,fin_de_semana,14,275.3,Origen: la gente sale de su casa (pico a la mañana),True
B,Dorrego,-34.5917642,-58.4474918,fin_de_semana,15,312.8,Origen: la gente sale de su casa (pico a la mañana),True
B,Dorrego,-34.5917642,-58.4474918,fin_de_semana,16,325.6,Origen: la gente sale de su casa (pico a la mañana),True
B,Dorrego,-34.5917642,-58.4474918,fin_de_semana,17,346.9,Origen: la gente sale de su casa (pico a la mañana),True
B,Dorrego,-34.5917642,-58.4474918,fin_de_semana,18,352.0,Origen: la gente sale de su casa (pico a la mañana),True
B,Dorrego,-34.5917642,-58.4474918,fin_de_semana,19,297.6,Origen: la gente sale de su casa (pico a la mañana),True
B,Dorrego,-34.5917642,-58.4474918,fin_de_semana,20,228.6,Origen: la gente sale de su casa (pico a la mañana),True
B,Dorrego,-34.5917642,-58.4474918,fin_de_semana,21,189.3,Origen: la gente sale de su casa (pico a la mañana),True
B,Dorrego,-34.5917642,-58.4474918,fin_de_semana,22,94.7,Origen: la gente sale de su casa (pico a la mañana),True
B,Dorrego,-34.5917642,-58.4474918,fin_de_semana,23,150.1,Origen: la gente sale de su casa (pico a la mañana),True
B,Dorrego,-34.5917642,-58.4474918,habil,0,0.2,Origen: la gente sale de su casa (pico a la mañana),True
B,Dorrego,-34.5917642,-58.4474918,habil,1,0.0,Origen: la gente sale de su casa (pico a la mañana),True
B,Dorrego,-34.5917642,-58.4474918,habil,5,33.4,Origen: la gente sale de su casa (pico a la mañana),True
B,Dorrego,-34.5917642,-58.4474918,habil,6,201.9,Origen: la gente sale de su casa (pico a la mañana),True
B,Dorrego,-34.5917642,-58.4474918,habil,7,506.2,Origen: la gente sale de su casa (pico a la mañana),True
B,Dorrego,-34.5917642,-58.4474918,habil,8,769.2,Origen: la gente sale de su casa (pico a la mañana),True
B,Dorrego,-34.5917642,-58.4474918,habil,9,644.8,Origen: la gente sale de su casa (pico a la mañana),True
B,Dorrego,-34.5917642,-58.4474918,habil,10,461.8,Origen: la gente sale de su casa (pico a la mañana),True
B,Dorrego,-34.5917642,-58.4474918,habil,11,407.0,Origen: la gente sale de su casa (pico a la mañana),True
B,Dorrego,-34.5917642,-58.4474918,habil,12,430.9,Origen: la gente sale de su casa (pico a la mañana),True
B,Dorrego,-34.5917642,-58.4474918,habil,13,461.4,Origen: la gente sale de su casa (pico a la mañana),True
B,Dorrego,-34.5917642,-58.4474918,habil,14,441.9,Origen: la gente sale de su casa (pico a la mañana),True
B,Dorrego,-34.5917642,-58.4474918,habil,15,480.0,Origen: la gente sale de su casa (pico a la mañana),True
B,Dorrego,-34.5917642,-58.4474918,habil,16,673.7,Origen: la gente sale de su casa (pico a la mañana),True
B,Dorrego,-34.5917642,-58.4474918,habil,17,816.9,Origen: la gente sale de su casa (pico a la mañana),True
B,Dorrego,-34.5917642,-58.4474918,habil,18,699.4,Origen: la gente sale de su casa (pico a la mañana),True
B,Dorrego,-34.5917642,-58.4474918,habil,19,381.2,Origen: la gente sale de su casa (pico a la mañana),True
B,Dorrego,-34.5917642,-58.4474918,habil,20,288.5,Origen: la gente sale de su casa (pico a la mañana),True
B,Dorrego,-34.5917642,-58.4474918,habil,21,209.4,Origen: la gente sale de su casa (pico a la mañana),True
B,Dorrego,-34.5917642,-58.4474918,habil,22,169.6,Origen: la gente sale de su casa (pico a la mañana),True
B,Dorrego,-34.5917642,-58.4474918,habil,23,98.9,Origen: la gente sale de su casa (pico a la mañana),True
B,Echeverría,-34.5779686,-58.4807356,fin_de_semana,0,0.1,Origen: la gente sale de su casa (pico a la mañana),True
B,Echeverría,-34.5779686,-58.4807356,fin_de_semana,5,1.3,Origen: la gente sale de su casa (pico a la mañana),True
B,Echeverría,-34.5779686,-58.4807356,fin_de_semana,6,13.0,Origen: la gente sale de su casa (pico a la mañana),True
B,Echeverría,-34.5779686,-58.4807356,fin_de_semana,7,37.5,Origen: la gente sale de su casa (pico a la mañana),True
B,Echeverría,-34.5779686,-58.4807356,fin_de_semana,8,69.7,Origen: la gente sale de su casa (pico a la mañana),True
B,Echeverría,-34.5779686,-58.4807356,fin_de_semana,9,89.2,Origen: la gente sale de su casa (pico a la mañana),True
B,Echeverría,-34.5779686,-58.4807356,fin_de_semana,10,98.7,Origen: la gente sale de su casa (pico a la mañana),True
B,Echeverría,-34.5779686,-58.4807356,fin_de_semana,11,107.7,Origen: la gente sale de su casa (pico a la mañana),True
B,Echeverría,-34.5779686,-58.4807356,fin_de_semana,12,132.5,Origen: la gente sale de su casa (pico a la mañana),True
B,Echeverría,-34.5779686,-58.4807356,fin_de_semana,13,134.3,Origen: la gente sale de su casa (pico a la mañana),True
B,Echeverría,-34.5779686,-58.4807356,fin_de_semana,14,127.1,Origen: la gente sale de su casa (pico a la mañana),True
B,Echeverría,-34.5779686,-58.4807356,fin_de_semana,15,135.2,Origen: la gente sale de su casa (pico a la mañana),True
B,Echeverría,-34.5779686,-58.4807356,fin_de_semana,16,142.0,Origen: la gente sale de su casa (pico a la mañana),True
B,Echeverría,-34.5779686,-58.4807356,fin_de_semana,17,136.8,Origen: la gente sale de su casa (pico a la mañana),True
B,Echeverría,-34.5779686,-58.4807356,fin_de_semana,18,131.8,Origen: la gente sale de su casa (pico a la mañana),True
B,Echeverría,-34.5779686,-58.4807356,fin_de_semana,19,131.7,Origen: la gente sale de su casa (pico a la mañana),True
B,Echeverría,-34.5779686,-58.4807356,fin_de_semana,20,113.3,Origen: la gente sale de su casa (pico a la mañana),True
B,Echeverría,-34.5779686,-58.4807356,fin_de_semana,21,63.6,Origen: la gente sale de su casa (pico a la mañana),True
B,Echeverría,-34.5779686,-58.4807356,fin_de_semana,22,20.8,Origen: la gente sale de su casa (pico a la mañana),True
B,Echeverría,-34.5779686,-58.4807356,fin_de_semana,23,5.1,Origen: la gente sale de su casa (pico a la mañana),True
B,Echeverría,-34.5779686,-58.4807356,habil,0,0.0,Origen: la gente sale de su casa (pico a la mañana),True
B,Echeverría,-34.5779686,-58.4807356,habil,1,0.0,Origen: la gente sale de su casa (pico a la mañana),True
B,Echeverría,-34.5779686,-58.4807356,habil,5,16.1,Origen: la gente sale de su casa (pico a la mañana),True
B,Echeverría,-34.5779686,-58.4807356,habil,6,173.1,Origen: la gente sale de su casa (pico a la mañana),True
B,Echeverría,-34.5779686,-58.4807356,habil,7,557.2,Origen: la gente sale de su casa (pico a la mañana),True
B,Echeverría,-34.5779686,-58.4807356,habil,8,710.4,Origen: la gente sale de su casa (pico a la mañana),True
B,Echeverría,-34.5779686,-58.4807356,habil,9,445.9,Origen: la gente sale de su casa (pico a la mañana),True
B,Echeverría,-34.5779686,-58.4807356,habil,10,251.4,Origen: la gente sale de su casa (pico a la mañana),True
B,Echeverría,-34.5779686,-58.4807356,habil,11,229.1,Origen: la gente sale de su casa (pico a la mañana),True
B,Echeverría,-34.5779686,-58.4807356,habil,12,246.7,Origen: la gente sale de su casa (pico a la mañana),True
B,Echeverría,-34.5779686,-58.4807356,habil,13,239.1,Origen: la gente sale de su casa (pico a la mañana),True
B,Echeverría,-34.5779686,-58.4807356,habil,14,200.5,Origen: la gente sale de su casa (pico a la mañana),True
B,Echeverría,-34.5779686,-58.4807356,habil,15,217.7,Origen: la gente sale de su casa (pico a la mañana),True
B,Echeverría,-34.5779686,-58.4807356,habil,16,266.1,Origen: la gente sale de su casa (pico a la mañana),True
B,Echeverría,-34.5779686,-58.4807356,habil,17,287.2,Origen: la gente sale de su casa (pico a la mañana),True
B,Echeverría,-34.5779686,-58.4807356,habil,18,238.2,Origen: la gente sale de su casa (pico a la mañana),True
B,Echeverría,-34.5779686,-58.4807356,habil,19,189.6,Origen: la gente sale de su casa (pico a la mañana),True
B,Echeverría,-34.5779686,-58.4807356,habil,20,133.2,Origen: la gente sale de su casa (pico a la mañana),True
B,Echeverría,-34.5779686,-58.4807356,habil,21,73.2,Origen: la gente sale de su casa (pico a la mañana),True
B,Echeverría,-34.5779686,-58.4807356,habil,22,32.7,Origen: la gente sale de su casa (pico a la mañana),True
B,Echeverría,-34.5779686,-58.4807356,habil,23,0.8,Origen: la gente sale de su casa (pico a la mañana),True
B,Federico Lacroze,-34.5871827,-58.4551513,fin_de_semana,0,36.4,Origen: la gente sale de su casa (pico a la mañana),True
B,Federico Lacroze,-34.5871827,-58.4551513,fin_de_semana,1,4.7,Origen: la gente sale de su casa (pico a la mañana),True
B,Federico Lacroze,-34.5871827,-58.4551513,fin_de_semana,2,0.1,Origen: la gente sale de su casa (pico a la mañana),True
B,Federico Lacroze,-34.5871827,-58.4551513,fin_de_semana,5,18.7,Origen: la gente sale de su casa (pico a la mañana),True
B,Federico Lacroze,-34.5871827,-58.4551513,fin_de_semana,6,86.6,Origen: la gente sale de su casa (pico a la mañana),True
B,Federico Lacroze,-34.5871827,-58.4551513,fin_de_semana,7,208.4,Origen: la gente sale de su casa (pico a la mañana),True
B,Federico Lacroze,-34.5871827,-58.4551513,fin_de_semana,8,380.6,Origen: la gente sale de su casa (pico a la mañana),True
B,Federico Lacroze,-34.5871827,-58.4551513,fin_de_semana,9,462.6,Origen: la gente sale de su casa (pico a la mañana),True
B,Federico Lacroze,-34.5871827,-58.4551513,fin_de_semana,10,449.1,Origen: la gente sale de su casa (pico a la mañana),True
B,Federico Lacroze,-34.5871827,-58.4551513,fin_de_semana,11,447.9,Origen: la gente sale de su casa (pico a la mañana),True
B,Federico Lacroze,-34.5871827,-58.4551513,fin_de_semana,12,491.1,Origen: la gente sale de su casa (pico a la mañana),True
B,Federico Lacroze,-34.5871827,-58.4551513,fin_de_semana,13,510.8,Origen: la gente sale de su casa (pico a la mañana),True
B,Federico Lacroze,-34.5871827,-58.4551513,fin_de_semana,14,482.5,Origen: la gente sale de su casa (pico a la mañana),True
B,Federico Lacroze,-34.5871827,-58.4551513,fin_de_semana,15,488.6,Origen: la gente sale de su casa (pico a la mañana),True
B,Federico Lacroze,-34.5871827,-58.4551513,fin_de_semana,16,490.4,Origen: la gente sale de su casa (pico a la mañana),True
B,Federico Lacroze,-34.5871827,-58.4551513,fin_de_semana,17,457.0,Origen: la gente sale de su casa (pico a la mañana),True
B,Federico Lacroze,-34.5871827,-58.4551513,fin_de_semana,18,438.4,Origen: la gente sale de su casa (pico a la mañana),True
B,Federico Lacroze,-34.5871827,-58.4551513,fin_de_semana,19,394.8,Origen: la gente sale de su casa (pico a la mañana),True
B,Federico Lacroze,-34.5871827,-58.4551513,fin_de_semana,20,324.0,Origen: la gente sale de su casa (pico a la mañana),True
B,Federico Lacroze,-34.5871827,-58.4551513,fin_de_semana,21,204.5,Origen: la gente sale de su casa (pico a la mañana),True
B,Federico Lacroze,-34.5871827,-58.4551513,fin_de_semana,22,78.5,Origen: la gente sale de su casa (pico a la mañana),True
B,Federico Lacroze,-34.5871827,-58.4551513,fin_de_semana,23,38.3,Origen: la gente sale de su casa (pico a la mañana),True
B,Federico Lacroze,-34.5871827,-58.4551513,habil,0,0.1,Origen: la gente sale de su casa (pico a la mañana),True
B,Federico Lacroze,-34.5871827,-58.4551513,habil,1,0.0,Origen: la gente sale de su casa (pico a la mañana),True
B,Federico Lacroze,-34.5871827,-58.4551513,habil,2,0.0,Origen: la gente sale de su casa (pico a la mañana),True
B,Federico Lacroze,-34.5871827,-58.4551513,habil,3,0.0,Origen: la gente sale de su casa (pico a la mañana),True
B,Federico Lacroze,-34.5871827,-58.4551513,habil,4,0.0,Origen: la gente sale de su casa (pico a la mañana),True
B,Federico Lacroze,-34.5871827,-58.4551513,habil,5,186.9,Origen: la gente sale de su casa (pico a la mañana),True
B,Federico Lacroze,-34.5871827,-58.4551513,habil,6,857.1,Origen: la gente sale de su casa (pico a la mañana),True
B,Federico Lacroze,-34.5871827,-58.4551513,habil,7,1923.5,Origen: la gente sale de su casa (pico a la mañana),True
B,Federico Lacroze,-34.5871827,-58.4551513,habil,8,2565.4,Origen: la gente sale de su casa (pico a la mañana),True
B,Federico Lacroze,-34.5871827,-58.4551513,habil,9,1998.2,Origen: la gente sale de su casa (pico a la mañana),True
B,Federico Lacroze,-34.5871827,-58.4551513,habil,10,1170.7,Origen: la gente sale de su casa (pico a la mañana),True
B,Federico Lacroze,-34.5871827,-58.4551513,habil,11,924.5,Origen: la gente sale de su casa (pico a la mañana),True
B,Federico Lacroze,-34.5871827,-58.4551513,habil,12,996.8,Origen: la gente sale de su casa (pico a la mañana),True
B,Federico Lacroze,-34.5871827,-58.4551513,habil,13,1005.6,Origen: la gente sale de su casa (pico a la mañana),True
B,Federico Lacroze,-34.5871827,-58.4551513,habil,14,826.2,Origen: la gente sale de su casa (pico a la mañana),True
B,Federico Lacroze,-34.5871827,-58.4551513,habil,15,810.6,Origen: la gente sale de su casa (pico a la mañana),True
B,Federico Lacroze,-34.5871827,-58.4551513,habil,16,911.7,Origen: la gente sale de su casa (pico a la mañana),True
B,Federico Lacroze,-34.5871827,-58.4551513,habil,17,1076.1,Origen: la gente sale de su casa (pico a la mañana),True
B,Federico Lacroze,-34.5871827,-58.4551513,habil,18,856.3,Origen: la gente sale de su casa (pico a la mañana),True
B,Federico Lacroze,-34.5871827,-58.4551513,habil,19,478.9,Origen: la gente sale de su casa (pico a la mañana),True
B,Federico Lacroze,-34.5871827,-58.4551513,habil,20,331.9,Origen: la gente sale de su casa (pico a la mañana),True
B,Federico Lacroze,-34.5871827,-58.4551513,habil,21,199.9,Origen: la gente sale de su casa (pico a la mañana),True
B,Federico Lacroze,-34.5871827,-58.4551513,habil,22,109.2,Origen: la gente sale de su casa (pico a la mañana),True
B,Federico Lacroze,-34.5871827,-58.4551513,habil,23,16.8,Origen: la gente sale de su casa (pico a la mañana),True
B,Florida,-34.6033487,-58.3745624,fin_de_semana,0,0.1,Destino: la gente vuelve del trabajo (pico a la tarde),True
B,Florida,-34.6033487,-58.3745624,fin_de_semana,5,1.2,Destino: la gente vuelve del trabajo (pico a la tarde),True
B,Florida,-34.6033487,-58.3745624,fin_de_semana,6,9.7,Destino: la gente vuelve del trabajo (pico a la tarde),True
B,Florida,-34.6033487,-58.3745624,fin_de_semana,7,15.4,Destino: la gente vuelve del trabajo (pico a la tarde),True
B,Florida,-34.6033487,-58.3745624,fin_de_semana,8,29.8,Destino: la gente vuelve del trabajo (pico a la tarde),True
B,Florida,-34.6033487,-58.3745624,fin_de_semana,9,45.5,Destino: la gente vuelve del trabajo (pico a la tarde),True
B,Florida,-34.6033487,-58.3745624,fin_de_semana,10,77.3,Destino: la gente vuelve del trabajo (pico a la tarde),True
B,Florida,-34.6033487,-58.3745624,fin_de_semana,11,114.2,Destino: la gente vuelve del trabajo (pico a la tarde),True
B,Florida,-34.6033487,-58.3745624,fin_de_semana,12,151.3,Destino: la gente vuelve del trabajo (pico a la tarde),True
B,Florida,-34.6033487,-58.3745624,fin_de_semana,13,182.2,Destino: la gente vuelve del trabajo (pico a la tarde),True
B,Florida,-34.6033487,-58.3745624,fin_de_semana,14,177.4,Destino: la gente vuelve del trabajo (pico a la tarde),True
B,Florida,-34.6033487,-58.3745624,fin_de_semana,15,184.0,Destino: la gente vuelve del trabajo (pico a la tarde),True
B,Florida,-34.6033487,-58.3745624,fin_de_semana,16,215.6,Destino: la gente vuelve del trabajo (pico a la tarde),True
B,Florida,-34.6033487,-58.3745624,fin_de_semana,17,246.6,Destino: la gente vuelve del trabajo (pico a la tarde),True
B,Florida,-34.6033487,-58.3745624,fin_de_semana,18,244.4,Destino: la gente vuelve del trabajo (pico a la tarde),True
B,Florida,-34.6033487,-58.3745624,fin_de_semana,19,217.5,Destino: la gente vuelve del trabajo (pico a la tarde),True
B,Florida,-34.6033487,-58.3745624,fin_de_semana,20,163.1,Destino: la gente vuelve del trabajo (pico a la tarde),True
B,Florida,-34.6033487,-58.3745624,fin_de_semana,21,100.1,Destino: la gente vuelve del trabajo (pico a la tarde),True
B,Florida,-34.6033487,-58.3745624,fin_de_semana,22,47.1,Destino: la gente vuelve del trabajo (pico a la tarde),True
B,Florida,-34.6033487,-58.3745624,fin_de_semana,23,17.8,Destino: la gente vuelve del trabajo (pico a la tarde),True
B,Florida,-34.6033487,-58.3745624,habil,5,4.7,Destino: la gente vuelve del trabajo (pico a la tarde),True
B,Florida,-34.6033487,-58.3745624,habil,6,24.7,Destino: la gente vuelve del trabajo (pico a la tarde),True
B,Florida,-34.6033487,-58.3745624,habil,7,70.8,Destino: la gente vuelve del trabajo (pico a la tarde),True
B,Florida,-34.6033487,-58.3745624,habil,8,104.7,Destino: la gente vuelve del trabajo (pico a la tarde),True
B,Florida,-34.6033487,-58.3745624,habil,9,138.0,Destino: la gente vuelve del trabajo (pico a la tarde),True
B,Florida,-34.6033487,-58.3745624,habil,10,248.5,Destino: la gente vuelve del trabajo (pico a la tarde),True
B,Florida,-34.6033487,-58.3745624,habil,11,372.3,Destino: la gente vuelve del trabajo (pico a la tarde),True
B,Florida,-34.6033487,-58.3745624,habil,12,499.4,Destino: la gente vuelve del trabajo (pico a la tarde),True
B,Florida,-34.6033487,-58.3745624,habil,13,556.4,Destino: la gente vuelve del trabajo (pico a la tarde),True
B,Florida,-34.6033487,-58.3745624,habil,14,691.9,Destino: la gente vuelve del trabajo (pico a la tarde),True
B,Florida,-34.6033487,-58.3745624,habil,15,963.2,Destino: la gente vuelve del trabajo (pico a la tarde),True
B,Florida,-34.6033487,-58.3745624,habil,16,1176.9,Destino: la gente vuelve del trabajo (pico a la tarde),True
B,Florida,-34.6033487,-58.3745624,habil,17,1598.2,Destino: la gente vuelve del trabajo (pico a la tarde),True
B,Florida,-34.6033487,-58.3745624,habil,18,1239.5,Destino: la gente vuelve del trabajo (pico a la tarde),True
B,Florida,-34.6033487,-58.3745624,habil,19,563.1,Destino: la gente vuelve del trabajo (pico a la tarde),True
B,Florida,-34.6033487,-58.3745624,habil,20,329.1,Destino: la gente vuelve del trabajo (pico a la tarde),True
B,Florida,-34.6033487,-58.3745624,habil,21,151.4,Destino: la gente vuelve del trabajo (pico a la tarde),True
B,Florida,-34.6033487,-58.3745624,habil,22,70.6,Destino: la gente vuelve del trabajo (pico a la tarde),True
B,Florida,-34.6033487,-58.3745624,habil,23,18.6,Destino: la gente vuelve del trabajo (pico a la tarde),True
B,Juan Manuel de Rosas,-34.5739773,-58.4868061,fin_de_semana,0,36.5,Origen: la gente sale de su casa (pico a la mañana),True
B,Juan Manuel de Rosas,-34.5739773,-58.4868061,fin_de_semana,1,1.2,Origen: la gente sale de su casa (pico a la mañana),True
B,Juan Manuel de Rosas,-34.5739773,-58.4868061,fin_de_semana,5,16.2,Origen: la gente sale de su casa (pico a la mañana),True
B,Juan Manuel de Rosas,-34.5739773,-58.4868061,fin_de_semana,6,89.3,Origen: la gente sale de su casa (pico a la mañana),True
B,Juan Manuel de Rosas,-34.5739773,-58.4868061,fin_de_semana,7,239.4,Origen: la gente sale de su casa (pico a la mañana),True
B,Juan Manuel de Rosas,-34.5739773,-58.4868061,fin_de_semana,8,399.6,Origen: la gente sale de su casa (pico a la mañana),True
B,Juan Manuel de Rosas,-34.5739773,-58.4868061,fin_de_semana,9,527.7,Origen: la gente sale de su casa (pico a la mañana),True
B,Juan Manuel de Rosas,-34.5739773,-58.4868061,fin_de_semana,10,465.6,Origen: la gente sale de su casa (pico a la mañana),True
B,Juan Manuel de Rosas,-34.5739773,-58.4868061,fin_de_semana,11,544.9,Origen: la gente sale de su casa (pico a la mañana),True
B,Juan Manuel de Rosas,-34.5739773,-58.4868061,fin_de_semana,12,568.6,Origen: la gente sale de su casa (pico a la mañana),True
B,Juan Manuel de Rosas,-34.5739773,-58.4868061,fin_de_semana,13,611.7,Origen: la gente sale de su casa (pico a la mañana),True
B,Juan Manuel de Rosas,-34.5739773,-58.4868061,fin_de_semana,14,551.7,Origen: la gente sale de su casa (pico a la mañana),True
B,Juan Manuel de Rosas,-34.5739773,-58.4868061,fin_de_semana,15,615.8,Origen: la gente sale de su casa (pico a la mañana),True
B,Juan Manuel de Rosas,-34.5739773,-58.4868061,fin_de_semana,16,577.2,Origen: la gente sale de su casa (pico a la mañana),True
B,Juan Manuel de Rosas,-34.5739773,-58.4868061,fin_de_semana,17,569.4,Origen: la gente sale de su casa (pico a la mañana),True
B,Juan Manuel de Rosas,-34.5739773,-58.4868061,fin_de_semana,18,528.8,Origen: la gente sale de su casa (pico a la mañana),True
B,Juan Manuel de Rosas,-34.5739773,-58.4868061,fin_de_semana,19,540.1,Origen: la gente sale de su casa (pico a la mañana),True
B,Juan Manuel de Rosas,-34.5739773,-58.4868061,fin_de_semana,20,429.7,Origen: la gente sale de su casa (pico a la mañana),True
B,Juan Manuel de Rosas,-34.5739773,-58.4868061,fin_de_semana,21,264.2,Origen: la gente sale de su casa (pico a la mañana),True
B,Juan Manuel de Rosas,-34.5739773,-58.4868061,fin_de_semana,22,87.2,Origen: la gente sale de su casa (pico a la mañana),True
B,Juan Manuel de Rosas,-34.5739773,-58.4868061,fin_de_semana,23,30.4,Origen: la gente sale de su casa (pico a la mañana),True
B,Juan Manuel de Rosas,-34.5739773,-58.4868061,habil,0,0.2,Origen: la gente sale de su casa (pico a la mañana),True
B,Juan Manuel de Rosas,-34.5739773,-58.4868061,habil,1,0.0,Origen: la gente sale de su casa (pico a la mañana),True
B,Juan Manuel de Rosas,-34.5739773,-58.4868061,habil,4,0.0,Origen: la gente sale de su casa (pico a la mañana),True
B,Juan Manuel de Rosas,-34.5739773,-58.4868061,habil,5,217.7,Origen: la gente sale de su casa (pico a la mañana),True
B,Juan Manuel de Rosas,-34.5739773,-58.4868061,habil,6,1047.9,Origen: la gente sale de su casa (pico a la mañana),True
B,Juan Manuel de Rosas,-34.5739773,-58.4868061,habil,7,2562.1,Origen: la gente sale de su casa (pico a la mañana),True
B,Juan Manuel de Rosas,-34.5739773,-58.4868061,habil,8,3147.7,Origen: la gente sale de su casa (pico a la mañana),True
B,Juan Manuel de Rosas,-34.5739773,-58.4868061,habil,9,1936.8,Origen: la gente sale de su casa (pico a la mañana),True
B,Juan Manuel de Rosas,-34.5739773,-58.4868061,habil,10,1084.2,Origen: la gente sale de su casa (pico a la mañana),True
B,Juan Manuel de Rosas,-34.5739773,-58.4868061,habil,11,980.3,Origen: la gente sale de su casa (pico a la mañana),True
B,Juan Manuel de Rosas,-34.5739773,-58.4868061,habil,12,1002.6,Origen: la gente sale de su casa (pico a la mañana),True
B,Juan Manuel de Rosas,-34.5739773,-58.4868061,habil,13,1007.1,Origen: la gente sale de su casa (pico a la mañana),True
B,Juan Manuel de Rosas,-34.5739773,-58.4868061,habil,14,811.4,Origen: la gente sale de su casa (pico a la mañana),True
B,Juan Manuel de Rosas,-34.5739773,-58.4868061,habil,15,845.7,Origen: la gente sale de su casa (pico a la mañana),True
B,Juan Manuel de Rosas,-34.5739773,-58.4868061,habil,16,1037.3,Origen: la gente sale de su casa (pico a la mañana),True
B,Juan Manuel de Rosas,-34.5739773,-58.4868061,habil,17,1227.5,Origen: la gente sale de su casa (pico a la mañana),True
B,Juan Manuel de Rosas,-34.5739773,-58.4868061,habil,18,942.2,Origen: la gente sale de su casa (pico a la mañana),True
B,Juan Manuel de Rosas,-34.5739773,-58.4868061,habil,19,633.2,Origen: la gente sale de su casa (pico a la mañana),True
B,Juan Manuel de Rosas,-34.5739773,-58.4868061,habil,20,468.1,Origen: la gente sale de su casa (pico a la mañana),True
B,Juan Manuel de Rosas,-34.5739773,-58.4868061,habil,21,255.5,Origen: la gente sale de su casa (pico a la mañana),True
B,Juan Manuel de Rosas,-34.5739773,-58.4868061,habil,22,146.4,Origen: la gente sale de su casa (pico a la mañana),True
B,Juan Manuel de Rosas,-34.5739773,-58.4868061,habil,23,7.8,Origen: la gente sale de su casa (pico a la mañana),True
B,Leandro N. Alem,-34.6029769,-58.3697268,fin_de_semana,0,24.7,Destino: la gente vuelve del trabajo (pico a la tarde),True
B,Leandro N. Alem,-34.6029769,-58.3697268,fin_de_semana,1,9.4,Destino: la gente vuelve del trabajo (pico a la tarde),True
B,Leandro N. Alem,-34.6029769,-58.3697268,fin_de_semana,5,9.3,Destino: la gente vuelve del trabajo (pico a la tarde),True
B,Leandro N. Alem,-34.6029769,-58.3697268,fin_de_semana,6,62.6,Destino: la gente vuelve del trabajo (pico a la tarde),True
B,Leandro N. Alem,-34.6029769,-58.3697268,fin_de_semana,7,111.3,Destino: la gente vuelve del trabajo (pico a la tarde),True
B,Leandro N. Alem,-34.6029769,-58.3697268,fin_de_semana,8,166.0,Destino: la gente vuelve del trabajo (pico a la tarde),True
B,Leandro N. Alem,-34.6029769,-58.3697268,fin_de_semana,9,178.9,Destino: la gente vuelve del trabajo (pico a la tarde),True
B,Leandro N. Alem,-34.6029769,-58.3697268,fin_de_semana,10,165.5,Destino: la gente vuelve del trabajo (pico a la tarde),True
B,Leandro N. Alem,-34.6029769,-58.3697268,fin_de_semana,11,184.6,Destino: la gente vuelve del trabajo (pico a la tarde),True
B,Leandro N. Alem,-34.6029769,-58.3697268,fin_de_semana,12,205.3,Destino: la gente vuelve del trabajo (pico a la tarde),True
B,Leandro N. Alem,-34.6029769,-58.3697268,fin_de_semana,13,202.5,Destino: la gente vuelve del trabajo (pico a la tarde),True
B,Leandro N. Alem,-34.6029769,-58.3697268,fin_de_semana,14,196.4,Destino: la gente vuelve del trabajo (pico a la tarde),True
B,Leandro N. Alem,-34.6029769,-58.3697268,fin_de_semana,15,230.0,Destino: la gente vuelve del trabajo (pico a la tarde),True
B,Leandro N. Alem,-34.6029769,-58.3697268,fin_de_semana,16,274.4,Destino: la gente vuelve del trabajo (pico a la tarde),True
B,Leandro N. Alem,-34.6029769,-58.3697268,fin_de_semana,17,334.6,Destino: la gente vuelve del trabajo (pico a la tarde),True
B,Leandro N. Alem,-34.6029769,-58.3697268,fin_de_semana,18,364.0,Destino: la gente vuelve del trabajo (pico a la tarde),True
B,Leandro N. Alem,-34.6029769,-58.3697268,fin_de_semana,19,331.8,Destino: la gente vuelve del trabajo (pico a la tarde),True
B,Leandro N. Alem,-34.6029769,-58.3697268,fin_de_semana,20,259.7,Destino: la gente vuelve del trabajo (pico a la tarde),True
B,Leandro N. Alem,-34.6029769,-58.3697268,fin_de_semana,21,183.2,Destino: la gente vuelve del trabajo (pico a la tarde),True
B,Leandro N. Alem,-34.6029769,-58.3697268,fin_de_semana,22,85.7,Destino: la gente vuelve del trabajo (pico a la tarde),True
B,Leandro N. Alem,-34.6029769,-58.3697268,fin_de_semana,23,31.0,Destino: la gente vuelve del trabajo (pico a la tarde),True
B,Leandro N. Alem,-34.6029769,-58.3697268,habil,0,0.2,Destino: la gente vuelve del trabajo (pico a la tarde),True
B,Leandro N. Alem,-34.6029769,-58.3697268,habil,1,0.0,Destino: la gente vuelve del trabajo (pico a la tarde),True
B,Leandro N. Alem,-34.6029769,-58.3697268,habil,4,0.1,Destino: la gente vuelve del trabajo (pico a la tarde),True
B,Leandro N. Alem,-34.6029769,-58.3697268,habil,5,90.6,Destino: la gente vuelve del trabajo (pico a la tarde),True
B,Leandro N. Alem,-34.6029769,-58.3697268,habil,6,351.1,Destino: la gente vuelve del trabajo (pico a la tarde),True
B,Leandro N. Alem,-34.6029769,-58.3697268,habil,7,625.4,Destino: la gente vuelve del trabajo (pico a la tarde),True
B,Leandro N. Alem,-34.6029769,-58.3697268,habil,8,627.6,Destino: la gente vuelve del trabajo (pico a la tarde),True
B,Leandro N. Alem,-34.6029769,-58.3697268,habil,9,522.8,Destino: la gente vuelve del trabajo (pico a la tarde),True
B,Leandro N. Alem,-34.6029769,-58.3697268,habil,10,391.0,Destino: la gente vuelve del trabajo (pico a la tarde),True
B,Leandro N. Alem,-34.6029769,-58.3697268,habil,11,415.0,Destino: la gente vuelve del trabajo (pico a la tarde),True
B,Leandro N. Alem,-34.6029769,-58.3697268,habil,12,539.5,Destino: la gente vuelve del trabajo (pico a la tarde),True
B,Leandro N. Alem,-34.6029769,-58.3697268,habil,13,647.5,Destino: la gente vuelve del trabajo (pico a la tarde),True
B,Leandro N. Alem,-34.6029769,-58.3697268,habil,14,647.1,Destino: la gente vuelve del trabajo (pico a la tarde),True
B,Leandro N. Alem,-34.6029769,-58.3697268,habil,15,904.2,Destino: la gente vuelve del trabajo (pico a la tarde),True
B,Leandro N. Alem,-34.6029769,-58.3697268,habil,16,1279.0,Destino: la gente vuelve del trabajo (pico a la tarde),True
B,Leandro N. Alem,-34.6029769,-58.3697268,habil,17,2085.3,Destino: la gente vuelve del trabajo (pico a la tarde),True
B,Leandro N. Alem,-34.6029769,-58.3697268,habil,18,1670.9,Destino: la gente vuelve del trabajo (pico a la tarde),True
B,Leandro N. Alem,-34.6029769,-58.3697268,habil,19,656.9,Destino: la gente vuelve del trabajo (pico a la tarde),True
B,Leandro N. Alem,-34.6029769,-58.3697268,habil,20,386.4,Destino: la gente vuelve del trabajo (pico a la tarde),True
B,Leandro N. Alem,-34.6029769,-58.3697268,habil,21,227.4,Destino: la gente vuelve del trabajo (pico a la tarde),True
B,Leandro N. Alem,-34.6029769,-58.3697268,habil,22,123.5,Destino: la gente vuelve del trabajo (pico a la tarde),True
B,Leandro N. Alem,-34.6029769,-58.3697268,habil,23,31.1,Destino: la gente vuelve del trabajo (pico a la tarde),True
B,Los Incas - Parque Chas,-34.5812088,-58.4743442,fin_de_semana,0,0.3,Origen: la gente sale de su casa (pico a la mañana),True
B,Los Incas - Parque Chas,-34.5812088,-58.4743442,fin_de_semana,5,2.5,Origen: la gente sale de su casa (pico a la mañana),True
B,Los Incas - Parque Chas,-34.5812088,-58.4743442,fin_de_semana,6,20.5,Origen: la gente sale de su casa (pico a la mañana),True
B,Los Incas - Parque Chas,-34.5812088,-58.4743442,fin_de_semana,7,49.5,Origen: la gente sale de su casa (pico a la mañana),True
B,Los Incas - Parque Chas,-34.5812088,-58.4743442,fin_de_semana,8,88.0,Origen: la gente sale de su casa (pico a la mañana),True
B,Los Incas - Parque Chas,-34.5812088,-58.4743442,fin_de_semana,9,123.3,Origen: la gente sale de su casa (pico a la mañana),True
B,Los Incas - Parque Chas,-34.5812088,-58.4743442,fin_de_semana,10,134.8,Origen: la gente sale de su casa (pico a la mañana),True
B,Los Incas - Parque Chas,-34.5812088,-58.4743442,fin_de_semana,11,153.8,Origen: la gente sale de su casa (pico a la mañana),True
B,Los Incas - Parque Chas,-34.5812088,-58.4743442,fin_de_semana,12,178.2,Origen: la gente sale de su casa (pico a la mañana),True
B,Los Incas - Parque Chas,-34.5812088,-58.4743442,fin_de_semana,13,185.4,Origen: la gente sale de su casa (pico a la mañana),True
B,Los Incas - Parque Chas,-34.5812088,-58.4743442,fin_de_semana,14,170.5,Origen: la gente sale de su casa (pico a la mañana),True
B,Los Incas - Parque Chas,-34.5812088,-58.4743442,fin_de_semana,15,182.5,Origen: la gente sale de su casa (pico a la mañana),True
B,Los Incas - Parque Chas,-34.5812088,-58.4743442,fin_de_semana,16,188.8,Origen: la gente sale de su casa (pico a la mañana),True
B,Los Incas - Parque Chas,-34.5812088,-58.4743442,fin_de_semana,17,171.7,Origen: la gente sale de su casa (pico a la mañana),True
B,Los Incas - Parque Chas,-34.5812088,-58.4743442,fin_de_semana,18,172.8,Origen: la gente sale de su casa (pico a la mañana),True
B,Los Incas - Parque Chas,-34.5812088,-58.4743442,fin_de_semana,19,165.1,Origen: la gente sale de su casa (pico a la mañana),True
B,Los Incas - Parque Chas,-34.5812088,-58.4743442,fin_de_semana,20,136.5,Origen: la gente sale de su casa (pico a la mañana),True
B,Los Incas - Parque Chas,-34.5812088,-58.4743442,fin_de_semana,21,81.6,Origen: la gente sale de su casa (pico a la mañana),True
B,Los Incas - Parque Chas,-34.5812088,-58.4743442,fin_de_semana,22,30.6,Origen: la gente sale de su casa (pico a la mañana),True
B,Los Incas - Parque Chas,-34.5812088,-58.4743442,fin_de_semana,23,7.7,Origen: la gente sale de su casa (pico a la mañana),True
B,Los Incas - Parque Chas,-34.5812088,-58.4743442,habil,1,0.0,Origen: la gente sale de su casa (pico a la mañana),True
B,Los Incas - Parque Chas,-34.5812088,-58.4743442,habil,5,23.6,Origen: la gente sale de su casa (pico a la mañana),True
B,Los Incas - Parque Chas,-34.5812088,-58.4743442,habil,6,223.7,Origen: la gente sale de su casa (pico a la mañana),True
B,Los Incas - Parque Chas,-34.5812088,-58.4743442,habil,7,600.5,Origen: la gente sale de su casa (pico a la mañana),True
B,Los Incas - Parque Chas,-34.5812088,-58.4743442,habil,8,784.7,Origen: la gente sale de su casa (pico a la mañana),True
B,Los Incas - Parque Chas,-34.5812088,-58.4743442,habil,9,567.3,Origen: la gente sale de su casa (pico a la mañana),True
B,Los Incas - Parque Chas,-34.5812088,-58.4743442,habil,10,383.6,Origen: la gente sale de su casa (pico a la mañana),True
B,Los Incas - Parque Chas,-34.5812088,-58.4743442,habil,11,355.4,Origen: la gente sale de su casa (pico a la mañana),True
B,Los Incas - Parque Chas,-34.5812088,-58.4743442,habil,12,393.3,Origen: la gente sale de su casa (pico a la mañana),True
B,Los Incas - Parque Chas,-34.5812088,-58.4743442,habil,13,359.8,Origen: la gente sale de su casa (pico a la mañana),True
B,Los Incas - Parque Chas,-34.5812088,-58.4743442,habil,14,307.2,Origen: la gente sale de su casa (pico a la mañana),True
B,Los Incas - Parque Chas,-34.5812088,-58.4743442,habil,15,339.4,Origen: la gente sale de su casa (pico a la mañana),True
B,Los Incas - Parque Chas,-34.5812088,-58.4743442,habil,16,424.5,Origen: la gente sale de su casa (pico a la mañana),True
B,Los Incas - Parque Chas,-34.5812088,-58.4743442,habil,17,473.2,Origen: la gente sale de su casa (pico a la mañana),True
B,Los Incas - Parque Chas,-34.5812088,-58.4743442,habil,18,399.5,Origen: la gente sale de su casa (pico a la mañana),True
B,Los Incas - Parque Chas,-34.5812088,-58.4743442,habil,19,234.2,Origen: la gente sale de su casa (pico a la mañana),True
B,Los Incas - Parque Chas,-34.5812088,-58.4743442,habil,20,170.3,Origen: la gente sale de su casa (pico a la mañana),True
B,Los Incas - Parque Chas,-34.5812088,-58.4743442,habil,21,102.3,Origen: la gente sale de su casa (pico a la mañana),True
B,Los Incas - Parque Chas,-34.5812088,-58.4743442,habil,22,54.8,Origen: la gente sale de su casa (pico a la mañana),True
B,Los Incas - Parque Chas,-34.5812088,-58.4743442,habil,23,2.3,Origen: la gente sale de su casa (pico a la mañana),True
B,Malabia - Osvaldo Pugliese,-34.5990344,-58.4396927,fin_de_semana,0,1.3,Origen: la gente sale de su casa (pico a la mañana),True
B,Malabia - Osvaldo Pugliese,-34.5990344,-58.4396927,fin_de_semana,1,0.0,Origen: la gente sale de su casa (pico a la mañana),True
B,Malabia - Osvaldo Pugliese,-34.5990344,-58.4396927,fin_de_semana,2,0.0,Origen: la gente sale de su casa (pico a la mañana),True
B,Malabia - Osvaldo Pugliese,-34.5990344,-58.4396927,fin_de_semana,4,0.0,Origen: la gente sale de su casa (pico a la mañana),True
B,Malabia - Osvaldo Pugliese,-34.5990344,-58.4396927,fin_de_semana,5,1.3,Origen: la gente sale de su casa (pico a la mañana),True
B,Malabia - Osvaldo Pugliese,-34.5990344,-58.4396927,fin_de_semana,6,24.0,Origen: la gente sale de su casa (pico a la mañana),True
B,Malabia - Osvaldo Pugliese,-34.5990344,-58.4396927,fin_de_semana,7,62.5,Origen: la gente sale de su casa (pico a la mañana),True
B,Malabia - Osvaldo Pugliese,-34.5990344,-58.4396927,fin_de_semana,8,129.7,Origen: la gente sale de su casa (pico a la mañana),True
B,Malabia - Osvaldo Pugliese,-34.5990344,-58.4396927,fin_de_semana,9,177.2,Origen: la gente sale de su casa (pico a la mañana),True
B,Malabia - Osvaldo Pugliese,-34.5990344,-58.4396927,fin_de_semana,10,202.7,Origen: la gente sale de su casa (pico a la mañana),True
B,Malabia - Osvaldo Pugliese,-34.5990344,-58.4396927,fin_de_semana,11,251.2,Origen: la gente sale de su casa (pico a la mañana),True
B,Malabia - Osvaldo Pugliese,-34.5990344,-58.4396927,fin_de_semana,12,304.4,Origen: la gente sale de su casa (pico a la mañana),True
B,Malabia - Osvaldo Pugliese,-34.5990344,-58.4396927,fin_de_semana,13,325.1,Origen: la gente sale de su casa (pico a la mañana),True
B,Malabia - Osvaldo Pugliese,-34.5990344,-58.4396927,fin_de_semana,14,318.3,Origen: la gente sale de su casa (pico a la mañana),True
B,Malabia - Osvaldo Pugliese,-34.5990344,-58.4396927,fin_de_semana,15,333.8,Origen: la gente sale de su casa (pico a la mañana),True
B,Malabia - Osvaldo Pugliese,-34.5990344,-58.4396927,fin_de_semana,16,375.1,Origen: la gente sale de su casa (pico a la mañana),True
B,Malabia - Osvaldo Pugliese,-34.5990344,-58.4396927,fin_de_semana,17,363.8,Origen: la gente sale de su casa (pico a la mañana),True
B,Malabia - Osvaldo Pugliese,-34.5990344,-58.4396927,fin_de_semana,18,364.3,Origen: la gente sale de su casa (pico a la mañana),True
B,Malabia - Osvaldo Pugliese,-34.5990344,-58.4396927,fin_de_semana,19,372.2,Origen: la gente sale de su casa (pico a la mañana),True
B,Malabia - Osvaldo Pugliese,-34.5990344,-58.4396927,fin_de_semana,20,288.3,Origen: la gente sale de su casa (pico a la mañana),True
B,Malabia - Osvaldo Pugliese,-34.5990344,-58.4396927,fin_de_semana,21,169.4,Origen: la gente sale de su casa (pico a la mañana),True
B,Malabia - Osvaldo Pugliese,-34.5990344,-58.4396927,fin_de_semana,22,76.7,Origen: la gente sale de su casa (pico a la mañana),True
B,Malabia - Osvaldo Pugliese,-34.5990344,-58.4396927,fin_de_semana,23,26.9,Origen: la gente sale de su casa (pico a la mañana),True
B,Malabia - Osvaldo Pugliese,-34.5990344,-58.4396927,habil,0,0.0,Origen: la gente sale de su casa (pico a la mañana),True
B,Malabia - Osvaldo Pugliese,-34.5990344,-58.4396927,habil,2,0.0,Origen: la gente sale de su casa (pico a la mañana),True
B,Malabia - Osvaldo Pugliese,-34.5990344,-58.4396927,habil,5,22.8,Origen: la gente sale de su casa (pico a la mañana),True
B,Malabia - Osvaldo Pugliese,-34.5990344,-58.4396927,habil,6,182.6,Origen: la gente sale de su casa (pico a la mañana),True
B,Malabia - Osvaldo Pugliese,-34.5990344,-58.4396927,habil,7,704.2,Origen: la gente sale de su casa (pico a la mañana),True
B,Malabia - Osvaldo Pugliese,-34.5990344,-58.4396927,habil,8,1081.2,Origen: la gente sale de su casa (pico a la mañana),True
B,Malabia - Osvaldo Pugliese,-34.5990344,-58.4396927,habil,9,904.2,Origen: la gente sale de su casa (pico a la mañana),True
B,Malabia - Osvaldo Pugliese,-34.5990344,-58.4396927,habil,10,588.8,Origen: la gente sale de su casa (pico a la mañana),True
B,Malabia - Osvaldo Pugliese,-34.5990344,-58.4396927,habil,11,535.6,Origen: la gente sale de su casa (pico a la mañana),True
B,Malabia - Osvaldo Pugliese,-34.5990344,-58.4396927,habil,12,611.4,Origen: la gente sale de su casa (pico a la mañana),True
B,Malabia - Osvaldo Pugliese,-34.5990344,-58.4396927,habil,13,613.8,Origen: la gente sale de su casa (pico a la mañana),True
B,Malabia - Osvaldo Pugliese,-34.5990344,-58.4396927,habil,14,555.0,Origen: la gente sale de su casa (pico a la mañana),True
B,Malabia - Osvaldo Pugliese,-34.5990344,-58.4396927,habil,15,592.6,Origen: la gente sale de su casa (pico a la mañana),True
B,Malabia - Osvaldo Pugliese,-34.5990344,-58.4396927,habil,16,782.9,Origen: la gente sale de su casa (pico a la mañana),True
B,Malabia - Osvaldo Pugliese,-34.5990344,-58.4396927,habil,17,822.7,Origen: la gente sale de su casa (pico a la mañana),True
B,Malabia - Osvaldo Pugliese,-34.5990344,-58.4396927,habil,18,806.1,Origen: la gente sale de su casa (pico a la mañana),True
B,Malabia - Osvaldo Pugliese,-34.5990344,-58.4396927,habil,19,521.4,Origen: la gente sale de su casa (pico a la mañana),True
B,Malabia - Osvaldo Pugliese,-34.5990344,-58.4396927,habil,20,367.3,Origen: la gente sale de su casa (pico a la mañana),True
B,Malabia - Osvaldo Pugliese,-34.5990344,-58.4396927,habil,21,235.3,Origen: la gente sale de su casa (pico a la mañana),True
B,Malabia - Osvaldo Pugliese,-34.5990344,-58.4396927,habil,22,133.3,Origen: la gente sale de su casa (pico a la mañana),True
B,Malabia - Osvaldo Pugliese,-34.5990344,-58.4396927,habil,23,19.2,Origen: la gente sale de su casa (pico a la mañana),True
B,Medrano - Almagro,-34.6032012,-58.4208126,fin_de_semana,0,40.0,Origen: la gente sale de su casa (pico a la mañana),True
B,Medrano - Almagro,-34.6032012,-58.4208126,fin_de_semana,1,14.5,Origen: la gente sale de su casa (pico a la mañana),True
B,Medrano - Almagro,-34.6032012,-58.4208126,fin_de_semana,2,0.0,Origen: la gente sale de su casa (pico a la mañana),True
B,Medrano - Almagro,-34.6032012,-58.4208126,fin_de_semana,5,2.4,Origen: la gente sale de su casa (pico a la mañana),True
B,Medrano - Almagro,-34.6032012,-58.4208126,fin_de_semana,6,31.3,Origen: la gente sale de su casa (pico a la mañana),True
B,Medrano - Almagro,-34.6032012,-58.4208126,fin_de_semana,7,80.8,Origen: la gente sale de su casa (pico a la mañana),True
B,Medrano - Almagro,-34.6032012,-58.4208126,fin_de_semana,8,141.9,Origen: la gente sale de su casa (pico a la mañana),True
B,Medrano - Almagro,-34.6032012,-58.4208126,fin_de_semana,9,199.1,Origen: la gente sale de su casa (pico a la mañana),True
B,Medrano - Almagro,-34.6032012,-58.4208126,fin_de_semana,10,247.8,Origen: la gente sale de su casa (pico a la mañana),True
B,Medrano - Almagro,-34.6032012,-58.4208126,fin_de_semana,11,322.6,Origen: la gente sale de su casa (pico a la mañana),True
B,Medrano - Almagro,-34.6032012,-58.4208126,fin_de_semana,12,352.9,Origen: la gente sale de su casa (pico a la mañana),True
B,Medrano - Almagro,-34.6032012,-58.4208126,fin_de_semana,13,352.7,Origen: la gente sale de su casa (pico a la mañana),True
B,Medrano - Almagro,-34.6032012,-58.4208126,fin_de_semana,14,327.7,Origen: la gente sale de su casa (pico a la mañana),True
B,Medrano - Almagro,-34.6032012,-58.4208126,fin_de_semana,15,346.9,Origen: la gente sale de su casa (pico a la mañana),True
B,Medrano - Almagro,-34.6032012,-58.4208126,fin_de_semana,16,375.5,Origen: la gente sale de su casa (pico a la mañana),True
B,Medrano - Almagro,-34.6032012,-58.4208126,fin_de_semana,17,345.3,Origen: la gente sale de su casa (pico a la mañana),True
B,Medrano - Almagro,-34.6032012,-58.4208126,fin_de_semana,18,351.1,Origen: la gente sale de su casa (pico a la mañana),True
B,Medrano - Almagro,-34.6032012,-58.4208126,fin_de_semana,19,369.6,Origen: la gente sale de su casa (pico a la mañana),True
B,Medrano - Almagro,-34.6032012,-58.4208126,fin_de_semana,20,333.4,Origen: la gente sale de su casa (pico a la mañana),True
B,Medrano - Almagro,-34.6032012,-58.4208126,fin_de_semana,21,205.9,Origen: la gente sale de su casa (pico a la mañana),True
B,Medrano - Almagro,-34.6032012,-58.4208126,fin_de_semana,22,99.5,Origen: la gente sale de su casa (pico a la mañana),True
B,Medrano - Almagro,-34.6032012,-58.4208126,fin_de_semana,23,36.2,Origen: la gente sale de su casa (pico a la mañana),True
B,Medrano - Almagro,-34.6032012,-58.4208126,habil,0,0.2,Origen: la gente sale de su casa (pico a la mañana),True
B,Medrano - Almagro,-34.6032012,-58.4208126,habil,1,0.1,Origen: la gente sale de su casa (pico a la mañana),True
B,Medrano - Almagro,-34.6032012,-58.4208126,habil,4,0.1,Origen: la gente sale de su casa (pico a la mañana),True
B,Medrano - Almagro,-34.6032012,-58.4208126,habil,5,31.9,Origen: la gente sale de su casa (pico a la mañana),True
B,Medrano - Almagro,-34.6032012,-58.4208126,habil,6,168.5,Origen: la gente sale de su casa (pico a la mañana),True
B,Medrano - Almagro,-34.6032012,-58.4208126,habil,7,614.3,Origen: la gente sale de su casa (pico a la mañana),True
B,Medrano - Almagro,-34.6032012,-58.4208126,habil,8,775.3,Origen: la gente sale de su casa (pico a la mañana),True
B,Medrano - Almagro,-34.6032012,-58.4208126,habil,9,731.6,Origen: la gente sale de su casa (pico a la mañana),True
B,Medrano - Almagro,-34.6032012,-58.4208126,habil,10,604.7,Origen: la gente sale de su casa (pico a la mañana),True
B,Medrano - Almagro,-34.6032012,-58.4208126,habil,11,621.3,Origen: la gente sale de su casa (pico a la mañana),True
B,Medrano - Almagro,-34.6032012,-58.4208126,habil,12,712.3,Origen: la gente sale de su casa (pico a la mañana),True
B,Medrano - Almagro,-34.6032012,-58.4208126,habil,13,679.4,Origen: la gente sale de su casa (pico a la mañana),True
B,Medrano - Almagro,-34.6032012,-58.4208126,habil,14,649.7,Origen: la gente sale de su casa (pico a la mañana),True
B,Medrano - Almagro,-34.6032012,-58.4208126,habil,15,711.0,Origen: la gente sale de su casa (pico a la mañana),True
B,Medrano - Almagro,-34.6032012,-58.4208126,habil,16,845.3,Origen: la gente sale de su casa (pico a la mañana),True
B,Medrano - Almagro,-34.6032012,-58.4208126,habil,17,918.2,Origen: la gente sale de su casa (pico a la mañana),True
B,Medrano - Almagro,-34.6032012,-58.4208126,habil,18,819.7,Origen: la gente sale de su casa (pico a la mañana),True
B,Medrano - Almagro,-34.6032012,-58.4208126,habil,19,593.1,Origen: la gente sale de su casa (pico a la mañana),True
B,Medrano - Almagro,-34.6032012,-58.4208126,habil,20,484.5,Origen: la gente sale de su casa (pico a la mañana),True
B,Medrano - Almagro,-34.6032012,-58.4208126,habil,21,355.1,Origen: la gente sale de su casa (pico a la mañana),True
B,Medrano - Almagro,-34.6032012,-58.4208126,habil,22,191.3,Origen: la gente sale de su casa (pico a la mañana),True
B,Medrano - Almagro,-34.6032012,-58.4208126,habil,23,39.3,Origen: la gente sale de su casa (pico a la mañana),True
B,Pasteur - AMIA,-34.6046438,-58.3994148,fin_de_semana,0,0.2,Destino: la gente vuelve del trabajo (pico a la tarde),True
B,Pasteur - AMIA,-34.6046438,-58.3994148,fin_de_semana,1,0.0,Destino: la gente vuelve del trabajo (pico a la tarde),True
B,Pasteur - AMIA,-34.6046438,-58.3994148,fin_de_semana,5,1.3,Destino: la gente vuelve del trabajo (pico a la tarde),True
B,Pasteur - AMIA,-34.6046438,-58.3994148,fin_de_semana,6,13.6,Destino: la gente vuelve del trabajo (pico a la tarde),True
B,Pasteur - AMIA,-34.6046438,-58.3994148,fin_de_semana,7,33.2,Destino: la gente vuelve del trabajo (pico a la tarde),True
B,Pasteur - AMIA,-34.6046438,-58.3994148,fin_de_semana,8,76.1,Destino: la gente vuelve del trabajo (pico a la tarde),True
B,Pasteur - AMIA,-34.6046438,-58.3994148,fin_de_semana,9,120.6,Destino: la gente vuelve del trabajo (pico a la tarde),True
B,Pasteur - AMIA,-34.6046438,-58.3994148,fin_de_semana,10,177.6,Destino: la gente vuelve del trabajo (pico a la tarde),True
B,Pasteur - AMIA,-34.6046438,-58.3994148,fin_de_semana,11,258.8,Destino: la gente vuelve del trabajo (pico a la tarde),True
B,Pasteur - AMIA,-34.6046438,-58.3994148,fin_de_semana,12,350.4,Destino: la gente vuelve del trabajo (pico a la tarde),True
B,Pasteur - AMIA,-34.6046438,-58.3994148,fin_de_semana,13,374.4,Destino: la gente vuelve del trabajo (pico a la tarde),True
B,Pasteur - AMIA,-34.6046438,-58.3994148,fin_de_semana,14,286.4,Destino: la gente vuelve del trabajo (pico a la tarde),True
B,Pasteur - AMIA,-34.6046438,-58.3994148,fin_de_semana,15,224.0,Destino: la gente vuelve del trabajo (pico a la tarde),True
B,Pasteur - AMIA,-34.6046438,-58.3994148,fin_de_semana,16,200.6,Destino: la gente vuelve del trabajo (pico a la tarde),True
B,Pasteur - AMIA,-34.6046438,-58.3994148,fin_de_semana,17,180.7,Destino: la gente vuelve del trabajo (pico a la tarde),True
B,Pasteur - AMIA,-34.6046438,-58.3994148,fin_de_semana,18,166.6,Destino: la gente vuelve del trabajo (pico a la tarde),True
B,Pasteur - AMIA,-34.6046438,-58.3994148,fin_de_semana,19,148.9,Destino: la gente vuelve del trabajo (pico a la tarde),True
B,Pasteur - AMIA,-34.6046438,-58.3994148,fin_de_semana,20,103.9,Destino: la gente vuelve del trabajo (pico a la tarde),True
B,Pasteur - AMIA,-34.6046438,-58.3994148,fin_de_semana,21,61.4,Destino: la gente vuelve del trabajo (pico a la tarde),True
B,Pasteur - AMIA,-34.6046438,-58.3994148,fin_de_semana,22,33.5,Destino: la gente vuelve del trabajo (pico a la tarde),True
B,Pasteur - AMIA,-34.6046438,-58.3994148,fin_de_semana,23,9.8,Destino: la gente vuelve del trabajo (pico a la tarde),True
B,Pasteur - AMIA,-34.6046438,-58.3994148,habil,4,0.0,Destino: la gente vuelve del trabajo (pico a la tarde),True
B,Pasteur - AMIA,-34.6046438,-58.3994148,habil,5,17.7,Destino: la gente vuelve del trabajo (pico a la tarde),True
B,Pasteur - AMIA,-34.6046438,-58.3994148,habil,6,68.9,Destino: la gente vuelve del trabajo (pico a la tarde),True
B,Pasteur - AMIA,-34.6046438,-58.3994148,habil,7,214.5,Destino: la gente vuelve del trabajo (pico a la tarde),True
B,Pasteur - AMIA,-34.6046438,-58.3994148,habil,8,279.5,Destino: la gente vuelve del trabajo (pico a la tarde),True
B,Pasteur - AMIA,-34.6046438,-58.3994148,habil,9,317.2,Destino: la gente vuelve del trabajo (pico a la tarde),True
B,Pasteur - AMIA,-34.6046438,-58.3994148,habil,10,406.5,Destino: la gente vuelve del trabajo (pico a la tarde),True
B,Pasteur - AMIA,-34.6046438,-58.3994148,habil,11,519.7,Destino: la gente vuelve del trabajo (pico a la tarde),True
B,Pasteur - AMIA,-34.6046438,-58.3994148,habil,12,679.2,Destino: la gente vuelve del trabajo (pico a la tarde),True
B,Pasteur - AMIA,-34.6046438,-58.3994148,habil,13,707.0,Destino: la gente vuelve del trabajo (pico a la tarde),True
B,Pasteur - AMIA,-34.6046438,-58.3994148,habil,14,643.6,Destino: la gente vuelve del trabajo (pico a la tarde),True
B,Pasteur - AMIA,-34.6046438,-58.3994148,habil,15,724.5,Destino: la gente vuelve del trabajo (pico a la tarde),True
B,Pasteur - AMIA,-34.6046438,-58.3994148,habil,16,809.9,Destino: la gente vuelve del trabajo (pico a la tarde),True
B,Pasteur - AMIA,-34.6046438,-58.3994148,habil,17,880.9,Destino: la gente vuelve del trabajo (pico a la tarde),True
B,Pasteur - AMIA,-34.6046438,-58.3994148,habil,18,760.7,Destino: la gente vuelve del trabajo (pico a la tarde),True
B,Pasteur - AMIA,-34.6046438,-58.3994148,habil,19,329.8,Destino: la gente vuelve del trabajo (pico a la tarde),True
B,Pasteur - AMIA,-34.6046438,-58.3994148,habil,20,240.6,Destino: la gente vuelve del trabajo (pico a la tarde),True
B,Pasteur - AMIA,-34.6046438,-58.3994148,habil,21,168.2,Destino: la gente vuelve del trabajo (pico a la tarde),True
B,Pasteur - AMIA,-34.6046438,-58.3994148,habil,22,90.7,Destino: la gente vuelve del trabajo (pico a la tarde),True
B,Pasteur - AMIA,-34.6046438,-58.3994148,habil,23,17.8,Destino: la gente vuelve del trabajo (pico a la tarde),True
B,Pueyrredón (B),-34.6045673,-58.4054021,fin_de_semana,0,12.5,Destino: la gente vuelve del trabajo (pico a la tarde),True
B,Pueyrredón (B),-34.6045673,-58.4054021,fin_de_semana,1,3.9,Destino: la gente vuelve del trabajo (pico a la tarde),True
B,Pueyrredón (B),-34.6045673,-58.4054021,fin_de_semana,2,0.0,Destino: la gente vuelve del trabajo (pico a la tarde),True
B,Pueyrredón (B),-34.6045673,-58.4054021,fin_de_semana,3,0.0,Destino: la gente vuelve del trabajo (pico a la tarde),True
B,Pueyrredón (B),-34.6045673,-58.4054021,fin_de_semana,5,1.3,Destino: la gente vuelve del trabajo (pico a la tarde),True
B,Pueyrredón (B),-34.6045673,-58.4054021,fin_de_semana,6,16.7,Destino: la gente vuelve del trabajo (pico a la tarde),True
B,Pueyrredón (B),-34.6045673,-58.4054021,fin_de_semana,7,36.4,Destino: la gente vuelve del trabajo (pico a la tarde),True
B,Pueyrredón (B),-34.6045673,-58.4054021,fin_de_semana,8,66.9,Destino: la gente vuelve del trabajo (pico a la tarde),True
B,Pueyrredón (B),-34.6045673,-58.4054021,fin_de_semana,9,97.2,Destino: la gente vuelve del trabajo (pico a la tarde),True
B,Pueyrredón (B),-34.6045673,-58.4054021,fin_de_semana,10,140.7,Destino: la gente vuelve del trabajo (pico a la tarde),True
B,Pueyrredón (B),-34.6045673,-58.4054021,fin_de_semana,11,217.0,Destino: la gente vuelve del trabajo (pico a la tarde),True
B,Pueyrredón (B),-34.6045673,-58.4054021,fin_de_semana,12,297.9,Destino: la gente vuelve del trabajo (pico a la tarde),True
B,Pueyrredón (B),-34.6045673,-58.4054021,fin_de_semana,13,344.5,Destino: la gente vuelve del trabajo (pico a la tarde),True
B,Pueyrredón (B),-34.6045673,-58.4054021,fin_de_semana,14,297.0,Destino: la gente vuelve del trabajo (pico a la tarde),True
B,Pueyrredón (B),-34.6045673,-58.4054021,fin_de_semana,15,254.89999999999998,Destino: la gente vuelve del trabajo (pico a la tarde),True
B,Pueyrredón (B),-34.6045673,-58.4054021,fin_de_semana,16,244.10000000000002,Destino: la gente vuelve del trabajo (pico a la tarde),True
B,Pueyrredón (B),-34.6045673,-58.4054021,fin_de_semana,17,226.2,Destino: la gente vuelve del trabajo (pico a la tarde),True
B,Pueyrredón (B),-34.6045673,-58.4054021,fin_de_semana,18,208.9,Destino: la gente vuelve del trabajo (pico a la tarde),True
B,Pueyrredón (B),-34.6045673,-58.4054021,fin_de_semana,19,180.0,Destino: la gente vuelve del trabajo (pico a la tarde),True
B,Pueyrredón (B),-34.6045673,-58.4054021,fin_de_semana,20,142.9,Destino: la gente vuelve del trabajo (pico a la tarde),True
B,Pueyrredón (B),-34.6045673,-58.4054021,fin_de_semana,21,96.30000000000001,Destino: la gente vuelve del trabajo (pico a la tarde),True
B,Pueyrredón (B),-34.6045673,-58.4054021,fin_de_semana,22,67.6,Destino: la gente vuelve del trabajo (pico a la tarde),True
B,Pueyrredón (B),-34.6045673,-58.4054021,fin_de_semana,23,20.9,Destino: la gente vuelve del trabajo (pico a la tarde),True
B,Pueyrredón (B),-34.6045673,-58.4054021,habil,0,0.1,Destino: la gente vuelve del trabajo (pico a la tarde),True
B,Pueyrredón (B),-34.6045673,-58.4054021,habil,1,0.0,Destino: la gente vuelve del trabajo (pico a la tarde),True
B,Pueyrredón (B),-34.6045673,-58.4054021,habil,3,0.0,Destino: la gente vuelve del trabajo (pico a la tarde),True
B,Pueyrredón (B),-34.6045673,-58.4054021,habil,4,0.0,Destino: la gente vuelve del trabajo (pico a la tarde),True
B,Pueyrredón (B),-34.6045673,-58.4054021,habil,5,19.3,Destino: la gente vuelve del trabajo (pico a la tarde),True
B,Pueyrredón (B),-34.6045673,-58.4054021,habil,6,93.4,Destino: la gente vuelve del trabajo (pico a la tarde),True
B,Pueyrredón (B),-34.6045673,-58.4054021,habil,7,220.10000000000002,Destino: la gente vuelve del trabajo (pico a la tarde),True
B,Pueyrredón (B),-34.6045673,-58.4054021,habil,8,265.0,Destino: la gente vuelve del trabajo (pico a la tarde),True
B,Pueyrredón (B),-34.6045673,-58.4054021,habil,9,274.0,Destino: la gente vuelve del trabajo (pico a la tarde),True
B,Pueyrredón (B),-34.6045673,-58.4054021,habil,10,297.0,Destino: la gente vuelve del trabajo (pico a la tarde),True
B,Pueyrredón (B),-34.6045673,-58.4054021,habil,11,381.6,Destino: la gente vuelve del trabajo (pico a la tarde),True
B,Pueyrredón (B),-34.6045673,-58.4054021,habil,12,458.70000000000005,Destino: la gente vuelve del trabajo (pico a la tarde),True
B,Pueyrredón (B),-34.6045673,-58.4054021,habil,13,501.1,Destino: la gente vuelve del trabajo (pico a la tarde),True
B,Pueyrredón (B),-34.6045673,-58.4054021,habil,14,480.4,Destino: la gente vuelve del trabajo (pico a la tarde),True
B,Pueyrredón (B),-34.6045673,-58.4054021,habil,15,513.7,Destino: la gente vuelve del trabajo (pico a la tarde),True
B,Pueyrredón (B),-34.6045673,-58.4054021,habil,16,586.5,Destino: la gente vuelve del trabajo (pico a la tarde),True
B,Pueyrredón (B),-34.6045673,-58.4054021,habil,17,602.0,Destino: la gente vuelve del trabajo (pico a la tarde),True
B,Pueyrredón (B),-34.6045673,-58.4054021,habil,18,505.5,Destino: la gente vuelve del trabajo (pico a la tarde),True
B,Pueyrredón (B),-34.6045673,-58.4054021,habil,19,279.9,Destino: la gente vuelve del trabajo (pico a la tarde),True
B,Pueyrredón (B),-34.6045673,-58.4054021,habil,20,173.9,Destino: la gente vuelve del trabajo (pico a la tarde),True
B,Pueyrredón (B),-34.6045673,-58.4054021,habil,21,95.39999999999999,Destino: la gente vuelve del trabajo (pico a la tarde),True
B,Pueyrredón (B),-34.6045673,-58.4054021,habil,22,68.9,Destino: la gente vuelve del trabajo (pico a la tarde),True
B,Pueyrredón (B),-34.6045673,-58.4054021,habil,23,14.2,Destino: la gente vuelve del trabajo (pico a la tarde),True
B,Tronador - Villa Ortúzar,-34.584083,-58.4663718,fin_de_semana,0,0.4,Origen: la gente sale de su casa (pico a la mañana),True
B,Tronador - Villa Ortúzar,-34.584083,-58.4663718,fin_de_semana,1,0.0,Origen: la gente sale de su casa (pico a la mañana),True
B,Tronador - Villa Ortúzar,-34.584083,-58.4663718,fin_de_semana,5,1.0,Origen: la gente sale de su casa (pico a la mañana),True
B,Tronador - Villa Ortúzar,-34.584083,-58.4663718,fin_de_semana,6,16.4,Origen: la gente sale de su casa (pico a la mañana),True
B,Tronador - Villa Ortúzar,-34.584083,-58.4663718,fin_de_semana,7,23.3,Origen: la gente sale de su casa (pico a la mañana),True
B,Tronador - Villa Ortúzar,-34.584083,-58.4663718,fin_de_semana,8,42.6,Origen: la gente sale de su casa (pico a la mañana),True
B,Tronador - Villa Ortúzar,-34.584083,-58.4663718,fin_de_semana,9,58.3,Origen: la gente sale de su casa (pico a la mañana),True
B,Tronador - Villa Ortúzar,-34.584083,-58.4663718,fin_de_semana,10,72.0,Origen: la gente sale de su casa (pico a la mañana),True
B,Tronador - Villa Ortúzar,-34.584083,-58.4663718,fin_de_semana,11,88.3,Origen: la gente sale de su casa (pico a la mañana),True
B,Tronador - Villa Ortúzar,-34.584083,-58.4663718,fin_de_semana,12,108.3,Origen: la gente sale de su casa (pico a la mañana),True
B,Tronador - Villa Ortúzar,-34.584083,-58.4663718,fin_de_semana,13,113.4,Origen: la gente sale de su casa (pico a la mañana),True
B,Tronador - Villa Ortúzar,-34.584083,-58.4663718,fin_de_semana,14,99.9,Origen: la gente sale de su casa (pico a la mañana),True
B,Tronador - Villa Ortúzar,-34.584083,-58.4663718,fin_de_semana,15,102.7,Origen: la gente sale de su casa (pico a la mañana),True
B,Tronador - Villa Ortúzar,-34.584083,-58.4663718,fin_de_semana,16,109.1,Origen: la gente sale de su casa (pico a la mañana),True
B,Tronador - Villa Ortúzar,-34.584083,-58.4663718,fin_de_semana,17,108.6,Origen: la gente sale de su casa (pico a la mañana),True
B,Tronador - Villa Ortúzar,-34.584083,-58.4663718,fin_de_semana,18,109.5,Origen: la gente sale de su casa (pico a la mañana),True
B,Tronador - Villa Ortúzar,-34.584083,-58.4663718,fin_de_semana,19,86.8,Origen: la gente sale de su casa (pico a la mañana),True
B,Tronador - Villa Ortúzar,-34.584083,-58.4663718,fin_de_semana,20,72.9,Origen: la gente sale de su casa (pico a la mañana),True
B,Tronador - Villa Ortúzar,-34.584083,-58.4663718,fin_de_semana,21,53.9,Origen: la gente sale de su casa (pico a la mañana),True
B,Tronador - Villa Ortúzar,-34.584083,-58.4663718,fin_de_semana,22,22.5,Origen: la gente sale de su casa (pico a la mañana),True
B,Tronador - Villa Ortúzar,-34.584083,-58.4663718,fin_de_semana,23,6.9,Origen: la gente sale de su casa (pico a la mañana),True
B,Tronador - Villa Ortúzar,-34.584083,-58.4663718,habil,0,0.0,Origen: la gente sale de su casa (pico a la mañana),True
B,Tronador - Villa Ortúzar,-34.584083,-58.4663718,habil,1,0.0,Origen: la gente sale de su casa (pico a la mañana),True
B,Tronador - Villa Ortúzar,-34.584083,-58.4663718,habil,5,14.5,Origen: la gente sale de su casa (pico a la mañana),True
B,Tronador - Villa Ortúzar,-34.584083,-58.4663718,habil,6,88.5,Origen: la gente sale de su casa (pico a la mañana),True
B,Tronador - Villa Ortúzar,-34.584083,-58.4663718,habil,7,248.8,Origen: la gente sale de su casa (pico a la mañana),True
B,Tronador - Villa Ortúzar,-34.584083,-58.4663718,habil,8,342.9,Origen: la gente sale de su casa (pico a la mañana),True
B,Tronador - Villa Ortúzar,-34.584083,-58.4663718,habil,9,268.1,Origen: la gente sale de su casa (pico a la mañana),True
B,Tronador - Villa Ortúzar,-34.584083,-58.4663718,habil,10,196.1,Origen: la gente sale de su casa (pico a la mañana),True
B,Tronador - Villa Ortúzar,-34.584083,-58.4663718,habil,11,190.8,Origen: la gente sale de su casa (pico a la mañana),True
B,Tronador - Villa Ortúzar,-34.584083,-58.4663718,habil,12,230.0,Origen: la gente sale de su casa (pico a la mañana),True
B,Tronador - Villa Ortúzar,-34.584083,-58.4663718,habil,13,216.7,Origen: la gente sale de su casa (pico a la mañana),True
B,Tronador - Villa Ortúzar,-34.584083,-58.4663718,habil,14,219.5,Origen: la gente sale de su casa (pico a la mañana),True
B,Tronador - Villa Ortúzar,-34.584083,-58.4663718,habil,15,260.3,Origen: la gente sale de su casa (pico a la mañana),True
B,Tronador - Villa Ortúzar,-34.584083,-58.4663718,habil,16,378.8,Origen: la gente sale de su casa (pico a la mañana),True
B,Tronador - Villa Ortúzar,-34.584083,-58.4663718,habil,17,470.9,Origen: la gente sale de su casa (pico a la mañana),True
B,Tronador - Villa Ortúzar,-34.584083,-58.4663718,habil,18,348.5,Origen: la gente sale de su casa (pico a la mañana),True
B,Tronador - Villa Ortúzar,-34.584083,-58.4663718,habil,19,151.5,Origen: la gente sale de su casa (pico a la mañana),True
B,Tronador - Villa Ortúzar,-34.584083,-58.4663718,habil,20,107.1,Origen: la gente sale de su casa (pico a la mañana),True
B,Tronador - Villa Ortúzar,-34.584083,-58.4663718,habil,21,93.8,Origen: la gente sale de su casa (pico a la mañana),True
B,Tronador - Villa Ortúzar,-34.584083,-58.4663718,habil,22,85.1,Origen: la gente sale de su casa (pico a la mañana),True
B,Tronador - Villa Ortúzar,-34.584083,-58.4663718,habil,23,6.3,Origen: la gente sale de su casa (pico a la mañana),True
B,Uruguay,-34.604043,-58.3870845,fin_de_semana,0,0.0,Destino: la gente vuelve del trabajo (pico a la tarde),True
B,Uruguay,-34.604043,-58.3870845,fin_de_semana,5,1.2,Destino: la gente vuelve del trabajo (pico a la tarde),True
B,Uruguay,-34.604043,-58.3870845,fin_de_semana,6,9.1,Destino: la gente vuelve del trabajo (pico a la tarde),True
B,Uruguay,-34.604043,-58.3870845,fin_de_semana,7,18.8,Destino: la gente vuelve del trabajo (pico a la tarde),True
B,Uruguay,-34.604043,-58.3870845,fin_de_semana,8,39.6,Destino: la gente vuelve del trabajo (pico a la tarde),True
B,Uruguay,-34.604043,-58.3870845,fin_de_semana,9,57.7,Destino: la gente vuelve del trabajo (pico a la tarde),True
B,Uruguay,-34.604043,-58.3870845,fin_de_semana,10,76.2,Destino: la gente vuelve del trabajo (pico a la tarde),True
B,Uruguay,-34.604043,-58.3870845,fin_de_semana,11,93.9,Destino: la gente vuelve del trabajo (pico a la tarde),True
B,Uruguay,-34.604043,-58.3870845,fin_de_semana,12,126.0,Destino: la gente vuelve del trabajo (pico a la tarde),True
B,Uruguay,-34.604043,-58.3870845,fin_de_semana,13,140.8,Destino: la gente vuelve del trabajo (pico a la tarde),True
B,Uruguay,-34.604043,-58.3870845,fin_de_semana,14,123.2,Destino: la gente vuelve del trabajo (pico a la tarde),True
B,Uruguay,-34.604043,-58.3870845,fin_de_semana,15,135.4,Destino: la gente vuelve del trabajo (pico a la tarde),True
B,Uruguay,-34.604043,-58.3870845,fin_de_semana,16,153.1,Destino: la gente vuelve del trabajo (pico a la tarde),True
B,Uruguay,-34.604043,-58.3870845,fin_de_semana,17,153.2,Destino: la gente vuelve del trabajo (pico a la tarde),True
B,Uruguay,-34.604043,-58.3870845,fin_de_semana,18,161.4,Destino: la gente vuelve del trabajo (pico a la tarde),True
B,Uruguay,-34.604043,-58.3870845,fin_de_semana,19,158.2,Destino: la gente vuelve del trabajo (pico a la tarde),True
B,Uruguay,-34.604043,-58.3870845,fin_de_semana,20,139.9,Destino: la gente vuelve del trabajo (pico a la tarde),True
B,Uruguay,-34.604043,-58.3870845,fin_de_semana,21,156.9,Destino: la gente vuelve del trabajo (pico a la tarde),True
B,Uruguay,-34.604043,-58.3870845,fin_de_semana,22,99.2,Destino: la gente vuelve del trabajo (pico a la tarde),True
B,Uruguay,-34.604043,-58.3870845,fin_de_semana,23,39.2,Destino: la gente vuelve del trabajo (pico a la tarde),True
B,Uruguay,-34.604043,-58.3870845,habil,3,0.0,Destino: la gente vuelve del trabajo (pico a la tarde),True
B,Uruguay,-34.604043,-58.3870845,habil,5,8.2,Destino: la gente vuelve del trabajo (pico a la tarde),True
B,Uruguay,-34.604043,-58.3870845,habil,6,42.3,Destino: la gente vuelve del trabajo (pico a la tarde),True
B,Uruguay,-34.604043,-58.3870845,habil,7,100.2,Destino: la gente vuelve del trabajo (pico a la tarde),True
B,Uruguay,-34.604043,-58.3870845,habil,8,146.6,Destino: la gente vuelve del trabajo (pico a la tarde),True
B,Uruguay,-34.604043,-58.3870845,habil,9,166.2,Destino: la gente vuelve del trabajo (pico a la tarde),True
B,Uruguay,-34.604043,-58.3870845,habil,10,221.7,Destino: la gente vuelve del trabajo (pico a la tarde),True
B,Uruguay,-34.604043,-58.3870845,habil,11,296.7,Destino: la gente vuelve del trabajo (pico a la tarde),True
B,Uruguay,-34.604043,-58.3870845,habil,12,371.1,Destino: la gente vuelve del trabajo (pico a la tarde),True
B,Uruguay,-34.604043,-58.3870845,habil,13,498.7,Destino: la gente vuelve del trabajo (pico a la tarde),True
B,Uruguay,-34.604043,-58.3870845,habil,14,476.2,Destino: la gente vuelve del trabajo (pico a la tarde),True
B,Uruguay,-34.604043,-58.3870845,habil,15,554.5,Destino: la gente vuelve del trabajo (pico a la tarde),True
B,Uruguay,-34.604043,-58.3870845,habil,16,624.4,Destino: la gente vuelve del trabajo (pico a la tarde),True
B,Uruguay,-34.604043,-58.3870845,habil,17,652.7,Destino: la gente vuelve del trabajo (pico a la tarde),True
B,Uruguay,-34.604043,-58.3870845,habil,18,583.1,Destino: la gente vuelve del trabajo (pico a la tarde),True
B,Uruguay,-34.604043,-58.3870845,habil,19,319.6,Destino: la gente vuelve del trabajo (pico a la tarde),True
B,Uruguay,-34.604043,-58.3870845,habil,20,219.2,Destino: la gente vuelve del trabajo (pico a la tarde),True
B,Uruguay,-34.604043,-58.3870845,habil,21,152.5,Destino: la gente vuelve del trabajo (pico a la tarde),True
B,Uruguay,-34.604043,-58.3870845,habil,22,129.8,Destino: la gente vuelve del trabajo (pico a la tarde),True
B,Uruguay,-34.604043,-58.3870845,habil,23,24.3,Destino: la gente vuelve del trabajo (pico a la tarde),True
B,Ángel Gallardo,-34.6021483,-58.4311317,fin_de_semana,0,0.4,Origen: la gente sale de su casa (pico a la mañana),True
B,Ángel Gallardo,-34.6021483,-58.4311317,fin_de_semana,5,2.3,Origen: la gente sale de su casa (pico a la mañana),True
B,Ángel Gallardo,-34.6021483,-58.4311317,fin_de_semana,6,29.1,Origen: la gente sale de su casa (pico a la mañana),True
B,Ángel Gallardo,-34.6021483,-58.4311317,fin_de_semana,7,62.7,Origen: la gente sale de su casa (pico a la mañana),True
B,Ángel Gallardo,-34.6021483,-58.4311317,fin_de_semana,8,128.2,Origen: la gente sale de su casa (pico a la mañana),True
B,Ángel Gallardo,-34.6021483,-58.4311317,fin_de_semana,9,181.8,Origen: la gente sale de su casa (pico a la mañana),True
B,Ángel Gallardo,-34.6021483,-58.4311317,fin_de_semana,10,226.1,Origen: la gente sale de su casa (pico a la mañana),True
B,Ángel Gallardo,-34.6021483,-58.4311317,fin_de_semana,11,268.8,Origen: la gente sale de su casa (pico a la mañana),True
B,Ángel Gallardo,-34.6021483,-58.4311317,fin_de_semana,12,314.1,Origen: la gente sale de su casa (pico a la mañana),True
B,Ángel Gallardo,-34.6021483,-58.4311317,fin_de_semana,13,312.9,Origen: la gente sale de su casa (pico a la mañana),True
B,Ángel Gallardo,-34.6021483,-58.4311317,fin_de_semana,14,300.0,Origen: la gente sale de su casa (pico a la mañana),True
B,Ángel Gallardo,-34.6021483,-58.4311317,fin_de_semana,15,323.4,Origen: la gente sale de su casa (pico a la mañana),True
B,Ángel Gallardo,-34.6021483,-58.4311317,fin_de_semana,16,368.4,Origen: la gente sale de su casa (pico a la mañana),True
B,Ángel Gallardo,-34.6021483,-58.4311317,fin_de_semana,17,352.4,Origen: la gente sale de su casa (pico a la mañana),True
B,Ángel Gallardo,-34.6021483,-58.4311317,fin_de_semana,18,371.5,Origen: la gente sale de su casa (pico a la mañana),True
B,Ángel Gallardo,-34.6021483,-58.4311317,fin_de_semana,19,346.6,Origen: la gente sale de su casa (pico a la mañana),True
B,Ángel Gallardo,-34.6021483,-58.4311317,fin_de_semana,20,286.8,Origen: la gente sale de su casa (pico a la mañana),True
B,Ángel Gallardo,-34.6021483,-58.4311317,fin_de_semana,21,169.2,Origen: la gente sale de su casa (pico a la mañana),True
B,Ángel Gallardo,-34.6021483,-58.4311317,fin_de_semana,22,64.3,Origen: la gente sale de su casa (pico a la mañana),True
B,Ángel Gallardo,-34.6021483,-58.4311317,fin_de_semana,23,18.9,Origen: la gente sale de su casa (pico a la mañana),True
B,Ángel Gallardo,-34.6021483,-58.4311317,habil,0,0.0,Origen: la gente sale de su casa (pico a la mañana),True
B,Ángel Gallardo,-34.6021483,-58.4311317,habil,5,28.5,Origen: la gente sale de su casa (pico a la mañana),True
B,Ángel Gallardo,-34.6021483,-58.4311317,habil,6,182.5,Origen: la gente sale de su casa (pico a la mañana),True
B,Ángel Gallardo,-34.6021483,-58.4311317,habil,7,712.7,Origen: la gente sale de su casa (pico a la mañana),True
B,Ángel Gallardo,-34.6021483,-58.4311317,habil,8,961.0,Origen: la gente sale de su casa (pico a la mañana),True
B,Ángel Gallardo,-34.6021483,-58.4311317,habil,9,842.4,Origen: la gente sale de su casa (pico a la mañana),True
B,Ángel Gallardo,-34.6021483,-58.4311317,habil,10,609.5,Origen: la gente sale de su casa (pico a la mañana),True
B,Ángel Gallardo,-34.6021483,-58.4311317,habil,11,565.5,Origen: la gente sale de su casa (pico a la mañana),True
B,Ángel Gallardo,-34.6021483,-58.4311317,habil,12,628.8,Origen: la gente sale de su casa (pico a la mañana),True
B,Ángel Gallardo,-34.6021483,-58.4311317,habil,13,613.1,Origen: la gente sale de su casa (pico a la mañana),True
B,Ángel Gallardo,-34.6021483,-58.4311317,habil,14,541.4,Origen: la gente sale de su casa (pico a la mañana),True
B,Ángel Gallardo,-34.6021483,-58.4311317,habil,15,570.8,Origen: la gente sale de su casa (pico a la mañana),True
B,Ángel Gallardo,-34.6021483,-58.4311317,habil,16,702.3,Origen: la gente sale de su casa (pico a la mañana),True
B,Ángel Gallardo,-34.6021483,-58.4311317,habil,17,714.5,Origen: la gente sale de su casa (pico a la mañana),True
B,Ángel Gallardo,-34.6021483,-58.4311317,habil,18,665.8,Origen: la gente sale de su casa (pico a la mañana),True
B,Ángel Gallardo,-34.6021483,-58.4311317,habil,19,485.0,Origen: la gente sale de su casa (pico a la mañana),True
B,Ángel Gallardo,-34.6021483,-58.4311317,habil,20,386.4,Origen: la gente sale de su casa (pico a la mañana),True
B,Ángel Gallardo,-34.6021483,-58.4311317,habil,21,230.3,Origen: la gente sale de su casa (pico a la mañana),True
B,Ángel Gallardo,-34.6021483,-58.4311317,habil,22,120.3,Origen: la gente sale de su casa (pico a la mañana),True
B,Ángel Gallardo,-34.6021483,-58.4311317,habil,23,19.6,Origen: la gente sale de su casa (pico a la mañana),True
C,Avenida de Mayo,-34.6089745,-58.3806319,fin_de_semana,5,0.6,Destino: la gente vuelve del trabajo (pico a la tarde),True
C,Avenida de Mayo,-34.6089745,-58.3806319,fin_de_semana,6,13.9,Destino: la gente vuelve del trabajo (pico a la tarde),True
C,Avenida de Mayo,-34.6089745,-58.3806319,fin_de_semana,7,16.9,Destino: la gente vuelve del trabajo (pico a la tarde),True
C,Avenida de Mayo,-34.6089745,-58.3806319,fin_de_semana,8,30.1,Destino: la gente vuelve del trabajo (pico a la tarde),True
C,Avenida de Mayo,-34.6089745,-58.3806319,fin_de_semana,9,41.1,Destino: la gente vuelve del trabajo (pico a la tarde),True
C,Avenida de Mayo,-34.6089745,-58.3806319,fin_de_semana,10,50.8,Destino: la gente vuelve del trabajo (pico a la tarde),True
C,Avenida de Mayo,-34.6089745,-58.3806319,fin_de_semana,11,56.3,Destino: la gente vuelve del trabajo (pico a la tarde),True
C,Avenida de Mayo,-34.6089745,-58.3806319,fin_de_semana,12,57.7,Destino: la gente vuelve del trabajo (pico a la tarde),True
C,Avenida de Mayo,-34.6089745,-58.3806319,fin_de_semana,13,62.3,Destino: la gente vuelve del trabajo (pico a la tarde),True
C,Avenida de Mayo,-34.6089745,-58.3806319,fin_de_semana,14,62.6,Destino: la gente vuelve del trabajo (pico a la tarde),True
C,Avenida de Mayo,-34.6089745,-58.3806319,fin_de_semana,15,66.9,Destino: la gente vuelve del trabajo (pico a la tarde),True
C,Avenida de Mayo,-34.6089745,-58.3806319,fin_de_semana,16,71.1,Destino: la gente vuelve del trabajo (pico a la tarde),True
C,Avenida de Mayo,-34.6089745,-58.3806319,fin_de_semana,17,79.8,Destino: la gente vuelve del trabajo (pico a la tarde),True
C,Avenida de Mayo,-34.6089745,-58.3806319,fin_de_semana,18,94.1,Destino: la gente vuelve del trabajo (pico a la tarde),True
C,Avenida de Mayo,-34.6089745,-58.3806319,fin_de_semana,19,89.7,Destino: la gente vuelve del trabajo (pico a la tarde),True
C,Avenida de Mayo,-34.6089745,-58.3806319,fin_de_semana,20,76.2,Destino: la gente vuelve del trabajo (pico a la tarde),True
C,Avenida de Mayo,-34.6089745,-58.3806319,fin_de_semana,21,50.8,Destino: la gente vuelve del trabajo (pico a la tarde),True
C,Avenida de Mayo,-34.6089745,-58.3806319,fin_de_semana,22,16.0,Destino: la gente vuelve del trabajo (pico a la tarde),True
C,Avenida de Mayo,-34.6089745,-58.3806319,fin_de_semana,23,3.8,Destino: la gente vuelve del trabajo (pico a la tarde),True
C,Avenida de Mayo,-34.6089745,-58.3806319,habil,2,0.0,Destino: la gente vuelve del trabajo (pico a la tarde),True
C,Avenida de Mayo,-34.6089745,-58.3806319,habil,3,0.1,Destino: la gente vuelve del trabajo (pico a la tarde),True
C,Avenida de Mayo,-34.6089745,-58.3806319,habil,4,0.0,Destino: la gente vuelve del trabajo (pico a la tarde),True
C,Avenida de Mayo,-34.6089745,-58.3806319,habil,5,7.8,Destino: la gente vuelve del trabajo (pico a la tarde),True
C,Avenida de Mayo,-34.6089745,-58.3806319,habil,6,28.8,Destino: la gente vuelve del trabajo (pico a la tarde),True
C,Avenida de Mayo,-34.6089745,-58.3806319,habil,7,58.5,Destino: la gente vuelve del trabajo (pico a la tarde),True
C,Avenida de Mayo,-34.6089745,-58.3806319,habil,8,65.0,Destino: la gente vuelve del trabajo (pico a la tarde),True
C,Avenida de Mayo,-34.6089745,-58.3806319,habil,9,89.5,Destino: la gente vuelve del trabajo (pico a la tarde),True
C,Avenida de Mayo,-34.6089745,-58.3806319,habil,10,107.3,Destino: la gente vuelve del trabajo (pico a la tarde),True
C,Avenida de Mayo,-34.6089745,-58.3806319,habil,11,124.5,Destino: la gente vuelve del trabajo (pico a la tarde),True
C,Avenida de Mayo,-34.6089745,-58.3806319,habil,12,131.0,Destino: la gente vuelve del trabajo (pico a la tarde),True
C,Avenida de Mayo,-34.6089745,-58.3806319,habil,13,147.8,Destino: la gente vuelve del trabajo (pico a la tarde),True
C,Avenida de Mayo,-34.6089745,-58.3806319,habil,14,189.7,Destino: la gente vuelve del trabajo (pico a la tarde),True
C,Avenida de Mayo,-34.6089745,-58.3806319,habil,15,300.2,Destino: la gente vuelve del trabajo (pico a la tarde),True
C,Avenida de Mayo,-34.6089745,-58.3806319,habil,16,332.5,Destino: la gente vuelve del trabajo (pico a la tarde),True
C,Avenida de Mayo,-34.6089745,-58.3806319,habil,17,389.9,Destino: la gente vuelve del trabajo (pico a la tarde),True
C,Avenida de Mayo,-34.6089745,-58.3806319,habil,18,268.6,Destino: la gente vuelve del trabajo (pico a la tarde),True
C,Avenida de Mayo,-34.6089745,-58.3806319,habil,19,143.7,Destino: la gente vuelve del trabajo (pico a la tarde),True
C,Avenida de Mayo,-34.6089745,-58.3806319,habil,20,122.4,Destino: la gente vuelve del trabajo (pico a la tarde),True
C,Avenida de Mayo,-34.6089745,-58.3806319,habil,21,72.7,Destino: la gente vuelve del trabajo (pico a la tarde),True
C,Avenida de Mayo,-34.6089745,-58.3806319,habil,22,25.5,Destino: la gente vuelve del trabajo (pico a la tarde),True
C,Avenida de Mayo,-34.6089745,-58.3806319,habil,23,2.6,Destino: la gente vuelve del trabajo (pico a la tarde),True
C,Constitución,-34.6273936,-58.3811172,fin_de_semana,4,0.0,Origen: la gente sale de su casa (pico a la mañana),True
C,Constitución,-34.6273936,-58.3811172,fin_de_semana,5,79.7,Origen: la gente sale de su casa (pico a la mañana),True
C,Constitución,-34.6273936,-58.3811172,fin_de_semana,6,700.6,Origen: la gente sale de su casa (pico a la mañana),True
C,Constitución,-34.6273936,-58.3811172,fin_de_semana,7,1397.6,Origen: la gente sale de su casa (pico a la mañana),True
C,Constitución,-34.6273936,-58.3811172,fin_de_semana,8,2121.7,Origen: la gente sale de su casa (pico a la mañana),True
C,Constitución,-34.6273936,-58.3811172,fin_de_semana,9,2058.5,Origen: la gente sale de su casa (pico a la mañana),True
C,Constitución,-34.6273936,-58.3811172,fin_de_semana,10,1761.4,Origen: la gente sale de su casa (pico a la mañana),True
C,Constitución,-34.6273936,-58.3811172,fin_de_semana,11,1743.7,Origen: la gente sale de su casa (pico a la mañana),True
C,Constitución,-34.6273936,-58.3811172,fin_de_semana,12,1700.0,Origen: la gente sale de su casa (pico a la mañana),True
C,Constitución,-34.6273936,-58.3811172,fin_de_semana,13,1674.9,Origen: la gente sale de su casa (pico a la mañana),True
C,Constitución,-34.6273936,-58.3811172,fin_de_semana,14,1417.5,Origen: la gente sale de su casa (pico a la mañana),True
C,Constitución,-34.6273936,-58.3811172,fin_de_semana,15,1607.3,Origen: la gente sale de su casa (pico a la mañana),True
C,Constitución,-34.6273936,-58.3811172,fin_de_semana,16,1568.9,Origen: la gente sale de su casa (pico a la mañana),True
C,Constitución,-34.6273936,-58.3811172,fin_de_semana,17,1403.9,Origen: la gente sale de su casa (pico a la mañana),True
C,Constitución,-34.6273936,-58.3811172,fin_de_semana,18,1323.2,Origen: la gente sale de su casa (pico a la mañana),True
C,Constitución,-34.6273936,-58.3811172,fin_de_semana,19,1212.8,Origen: la gente sale de su casa (pico a la mañana),True
C,Constitución,-34.6273936,-58.3811172,fin_de_semana,20,961.4,Origen: la gente sale de su casa (pico a la mañana),True
C,Constitución,-34.6273936,-58.3811172,fin_de_semana,21,575.5,Origen: la gente sale de su casa (pico a la mañana),True
C,Constitución,-34.6273936,-58.3811172,fin_de_semana,22,154.8,Origen: la gente sale de su casa (pico a la mañana),True
C,Constitución,-34.6273936,-58.3811172,fin_de_semana,23,18.1,Origen: la gente sale de su casa (pico a la mañana),True
C,Constitución,-34.6273936,-58.3811172,habil,2,0.0,Origen: la gente sale de su casa (pico a la mañana),True
C,Constitución,-34.6273936,-58.3811172,habil,3,0.9,Origen: la gente sale de su casa (pico a la mañana),True
C,Constitución,-34.6273936,-58.3811172,habil,4,2.8,Origen: la gente sale de su casa (pico a la mañana),True
C,Constitución,-34.6273936,-58.3811172,habil,5,1167.9,Origen: la gente sale de su casa (pico a la mañana),True
C,Constitución,-34.6273936,-58.3811172,habil,6,5153.0,Origen: la gente sale de su casa (pico a la mañana),True
C,Constitución,-34.6273936,-58.3811172,habil,7,8159.2,Origen: la gente sale de su casa (pico a la mañana),True
C,Constitución,-34.6273936,-58.3811172,habil,8,9276.2,Origen: la gente sale de su casa (pico a la mañana),True
C,Constitución,-34.6273936,-58.3811172,habil,9,6285.0,Origen: la gente sale de su casa (pico a la mañana),True
C,Constitución,-34.6273936,-58.3811172,habil,10,3464.7,Origen: la gente sale de su casa (pico a la mañana),True
C,Constitución,-34.6273936,-58.3811172,habil,11,3029.1,Origen: la gente sale de su casa (pico a la mañana),True
C,Constitución,-34.6273936,-58.3811172,habil,12,2681.0,Origen: la gente sale de su casa (pico a la mañana),True
C,Constitución,-34.6273936,-58.3811172,habil,13,2877.6,Origen: la gente sale de su casa (pico a la mañana),True
C,Constitución,-34.6273936,-58.3811172,habil,14,2142.9,Origen: la gente sale de su casa (pico a la mañana),True
C,Constitución,-34.6273936,-58.3811172,habil,15,1998.0,Origen: la gente sale de su casa (pico a la mañana),True
C,Constitución,-34.6273936,-58.3811172,habil,16,1861.0,Origen: la gente sale de su casa (pico a la mañana),True
C,Constitución,-34.6273936,-58.3811172,habil,17,1967.8,Origen: la gente sale de su casa (pico a la mañana),True
C,Constitución,-34.6273936,-58.3811172,habil,18,1673.7,Origen: la gente sale de su casa (pico a la mañana),True
C,Constitución,-34.6273936,-58.3811172,habil,19,1080.8,Origen: la gente sale de su casa (pico a la mañana),True
C,Constitución,-34.6273936,-58.3811172,habil,20,801.7,Origen: la gente sale de su casa (pico a la mañana),True
C,Constitución,-34.6273936,-58.3811172,habil,21,458.5,Origen: la gente sale de su casa (pico a la mañana),True
C,Constitución,-34.6273936,-58.3811172,habil,22,175.1,Origen: la gente sale de su casa (pico a la mañana),True
C,Constitución,-34.6273936,-58.3811172,habil,23,15.1,Origen: la gente sale de su casa (pico a la mañana),True
C,Diagonal Norte,-34.604769,-58.3795115,fin_de_semana,0,0.1,Destino: la gente vuelve del trabajo (pico a la tarde),True
C,Diagonal Norte,-34.604769,-58.3795115,fin_de_semana,5,0.4,Destino: la gente vuelve del trabajo (pico a la tarde),True
C,Diagonal Norte,-34.604769,-58.3795115,fin_de_semana,6,5.2,Destino: la gente vuelve del trabajo (pico a la tarde),True
C,Diagonal Norte,-34.604769,-58.3795115,fin_de_semana,7,12.0,Destino: la gente vuelve del trabajo (pico a la tarde),True
C,Diagonal Norte,-34.604769,-58.3795115,fin_de_semana,8,18.6,Destino: la gente vuelve del trabajo (pico a la tarde),True
C,Diagonal Norte,-34.604769,-58.3795115,fin_de_semana,9,31.2,Destino: la gente vuelve del trabajo (pico a la tarde),True
C,Diagonal Norte,-34.604769,-58.3795115,fin_de_semana,10,45.2,Destino: la gente vuelve del trabajo (pico a la tarde),True
C,Diagonal Norte,-34.604769,-58.3795115,fin_de_semana,11,57.7,Destino: la gente vuelve del trabajo (pico a la tarde),True
C,Diagonal Norte,-34.604769,-58.3795115,fin_de_semana,12,61.6,Destino: la gente vuelve del trabajo (pico a la tarde),True
C,Diagonal Norte,-34.604769,-58.3795115,fin_de_semana,13,68.5,Destino: la gente vuelve del trabajo (pico a la tarde),True
C,Diagonal Norte,-34.604769,-58.3795115,fin_de_semana,14,63.1,Destino: la gente vuelve del trabajo (pico a la tarde),True
C,Diagonal Norte,-34.604769,-58.3795115,fin_de_semana,15,74.1,Destino: la gente vuelve del trabajo (pico a la tarde),True
C,Diagonal Norte,-34.604769,-58.3795115,fin_de_semana,16,81.1,Destino: la gente vuelve del trabajo (pico a la tarde),True
C,Diagonal Norte,-34.604769,-58.3795115,fin_de_semana,17,88.4,Destino: la gente vuelve del trabajo (pico a la tarde),True
C,Diagonal Norte,-34.604769,-58.3795115,fin_de_semana,18,88.5,Destino: la gente vuelve del trabajo (pico a la tarde),True
C,Diagonal Norte,-34.604769,-58.3795115,fin_de_semana,19,73.8,Destino: la gente vuelve del trabajo (pico a la tarde),True
C,Diagonal Norte,-34.604769,-58.3795115,fin_de_semana,20,61.2,Destino: la gente vuelve del trabajo (pico a la tarde),True
C,Diagonal Norte,-34.604769,-58.3795115,fin_de_semana,21,48.0,Destino: la gente vuelve del trabajo (pico a la tarde),True
C,Diagonal Norte,-34.604769,-58.3795115,fin_de_semana,22,16.3,Destino: la gente vuelve del trabajo (pico a la tarde),True
C,Diagonal Norte,-34.604769,-58.3795115,fin_de_semana,23,5.9,Destino: la gente vuelve del trabajo (pico a la tarde),True
C,Diagonal Norte,-34.604769,-58.3795115,habil,0,0.0,Destino: la gente vuelve del trabajo (pico a la tarde),True
C,Diagonal Norte,-34.604769,-58.3795115,habil,1,0.0,Destino: la gente vuelve del trabajo (pico a la tarde),True
C,Diagonal Norte,-34.604769,-58.3795115,habil,2,0.0,Destino: la gente vuelve del trabajo (pico a la tarde),True
C,Diagonal Norte,-34.604769,-58.3795115,habil,4,0.0,Destino: la gente vuelve del trabajo (pico a la tarde),True
C,Diagonal Norte,-34.604769,-58.3795115,habil,5,4.0,Destino: la gente vuelve del trabajo (pico a la tarde),True
C,Diagonal Norte,-34.604769,-58.3795115,habil,6,22.9,Destino: la gente vuelve del trabajo (pico a la tarde),True
C,Diagonal Norte,-34.604769,-58.3795115,habil,7,61.1,Destino: la gente vuelve del trabajo (pico a la tarde),True
C,Diagonal Norte,-34.604769,-58.3795115,habil,8,74.8,Destino: la gente vuelve del trabajo (pico a la tarde),True
C,Diagonal Norte,-34.604769,-58.3795115,habil,9,86.4,Destino: la gente vuelve del trabajo (pico a la tarde),True
C,Diagonal Norte,-34.604769,-58.3795115,habil,10,103.2,Destino: la gente vuelve del trabajo (pico a la tarde),True
C,Diagonal Norte,-34.604769,-58.3795115,habil,11,131.1,Destino: la gente vuelve del trabajo (pico a la tarde),True
C,Diagonal Norte,-34.604769,-58.3795115,habil,12,173.0,Destino: la gente vuelve del trabajo (pico a la tarde),True
C,Diagonal Norte,-34.604769,-58.3795115,habil,13,215.6,Destino: la gente vuelve del trabajo (pico a la tarde),True
C,Diagonal Norte,-34.604769,-58.3795115,habil,14,289.1,Destino: la gente vuelve del trabajo (pico a la tarde),True
C,Diagonal Norte,-34.604769,-58.3795115,habil,15,465.8,Destino: la gente vuelve del trabajo (pico a la tarde),True
C,Diagonal Norte,-34.604769,-58.3795115,habil,16,497.1,Destino: la gente vuelve del trabajo (pico a la tarde),True
C,Diagonal Norte,-34.604769,-58.3795115,habil,17,629.7,Destino: la gente vuelve del trabajo (pico a la tarde),True
C,Diagonal Norte,-34.604769,-58.3795115,habil,18,471.4,Destino: la gente vuelve del trabajo (pico a la tarde),True
C,Diagonal Norte,-34.604769,-58.3795115,habil,19,216.8,Destino: la gente vuelve del trabajo (pico a la tarde),True
C,Diagonal Norte,-34.604769,-58.3795115,habil,20,176.0,Destino: la gente vuelve del trabajo (pico a la tarde),True
C,Diagonal Norte,-34.604769,-58.3795115,habil,21,111.8,Destino: la gente vuelve del trabajo (pico a la tarde),True
C,Diagonal Norte,-34.604769,-58.3795115,habil,22,35.5,Destino: la gente vuelve del trabajo (pico a la tarde),True
C,Diagonal Norte,-34.604769,-58.3795115,habil,23,7.5,Destino: la gente vuelve del trabajo (pico a la tarde),True
C,General San Martín,-34.5950235,-58.3778987,fin_de_semana,5,0.7,Destino: la gente vuelve del trabajo (pico a la tarde),True
C,General San Martín,-34.5950235,-58.3778987,fin_de_semana,6,8.2,Destino: la gente vuelve del trabajo (pico a la tarde),True
C,General San Martín,-34.5950235,-58.3778987,fin_de_semana,7,12.4,Destino: la gente vuelve del trabajo (pico a la tarde),True
C,General San Martín,-34.5950235,-58.3778987,fin_de_semana,8,24.6,Destino: la gente vuelve del trabajo (pico a la tarde),True
C,General San Martín,-34.5950235,-58.3778987,fin_de_semana,9,39.2,Destino: la gente vuelve del trabajo (pico a la tarde),True
C,General San Martín,-34.5950235,-58.3778987,fin_de_semana,10,56.9,Destino: la gente vuelve del trabajo (pico a la tarde),True
C,General San Martín,-34.5950235,-58.3778987,fin_de_semana,11,64.4,Destino: la gente vuelve del trabajo (pico a la tarde),True
C,General San Martín,-34.5950235,-58.3778987,fin_de_semana,12,72.0,Destino: la gente vuelve del trabajo (pico a la tarde),True
C,General San Martín,-34.5950235,-58.3778987,fin_de_semana,13,65.5,Destino: la gente vuelve del trabajo (pico a la tarde),True
C,General San Martín,-34.5950235,-58.3778987,fin_de_semana,14,67.0,Destino: la gente vuelve del trabajo (pico a la tarde),True
C,General San Martín,-34.5950235,-58.3778987,fin_de_semana,15,75.3,Destino: la gente vuelve del trabajo (pico a la tarde),True
C,General San Martín,-34.5950235,-58.3778987,fin_de_semana,16,97.3,Destino: la gente vuelve del trabajo (pico a la tarde),True
C,General San Martín,-34.5950235,-58.3778987,fin_de_semana,17,93.1,Destino: la gente vuelve del trabajo (pico a la tarde),True
C,General San Martín,-34.5950235,-58.3778987,fin_de_semana,18,90.2,Destino: la gente vuelve del trabajo (pico a la tarde),True
C,General San Martín,-34.5950235,-58.3778987,fin_de_semana,19,69.8,Destino: la gente vuelve del trabajo (pico a la tarde),True
C,General San Martín,-34.5950235,-58.3778987,fin_de_semana,20,61.7,Destino: la gente vuelve del trabajo (pico a la tarde),True
C,General San Martín,-34.5950235,-58.3778987,fin_de_semana,21,36.2,Destino: la gente vuelve del trabajo (pico a la tarde),True
C,General San Martín,-34.5950235,-58.3778987,fin_de_semana,22,15.2,Destino: la gente vuelve del trabajo (pico a la tarde),True
C,General San Martín,-34.5950235,-58.3778987,fin_de_semana,23,3.3,Destino: la gente vuelve del trabajo (pico a la tarde),True
C,General San Martín,-34.5950235,-58.3778987,habil,2,0.0,Destino: la gente vuelve del trabajo (pico a la tarde),True
C,General San Martín,-34.5950235,-58.3778987,habil,3,0.0,Destino: la gente vuelve del trabajo (pico a la tarde),True
C,General San Martín,-34.5950235,-58.3778987,habil,4,0.0,Destino: la gente vuelve del trabajo (pico a la tarde),True
C,General San Martín,-34.5950235,-58.3778987,habil,5,4.7,Destino: la gente vuelve del trabajo (pico a la tarde),True
C,General San Martín,-34.5950235,-58.3778987,habil,6,23.5,Destino: la gente vuelve del trabajo (pico a la tarde),True
C,General San Martín,-34.5950235,-58.3778987,habil,7,58.5,Destino: la gente vuelve del trabajo (pico a la tarde),True
C,General San Martín,-34.5950235,-58.3778987,habil,8,73.0,Destino: la gente vuelve del trabajo (pico a la tarde),True
C,General San Martín,-34.5950235,-58.3778987,habil,9,75.4,Destino: la gente vuelve del trabajo (pico a la tarde),True
C,General San Martín,-34.5950235,-58.3778987,habil,10,91.8,Destino: la gente vuelve del trabajo (pico a la tarde),True
C,General San Martín,-34.5950235,-58.3778987,habil,11,116.3,Destino: la gente vuelve del trabajo (pico a la tarde),True
C,General San Martín,-34.5950235,-58.3778987,habil,12,150.3,Destino: la gente vuelve del trabajo (pico a la tarde),True
C,General San Martín,-34.5950235,-58.3778987,habil,13,187.6,Destino: la gente vuelve del trabajo (pico a la tarde),True
C,General San Martín,-34.5950235,-58.3778987,habil,14,207.5,Destino: la gente vuelve del trabajo (pico a la tarde),True
C,General San Martín,-34.5950235,-58.3778987,habil,15,322.9,Destino: la gente vuelve del trabajo (pico a la tarde),True
C,General San Martín,-34.5950235,-58.3778987,habil,16,445.5,Destino: la gente vuelve del trabajo (pico a la tarde),True
C,General San Martín,-34.5950235,-58.3778987,habil,17,681.3,Destino: la gente vuelve del trabajo (pico a la tarde),True
C,General San Martín,-34.5950235,-58.3778987,habil,18,633.3,Destino: la gente vuelve del trabajo (pico a la tarde),True
C,General San Martín,-34.5950235,-58.3778987,habil,19,250.8,Destino: la gente vuelve del trabajo (pico a la tarde),True
C,General San Martín,-34.5950235,-58.3778987,habil,20,155.5,Destino: la gente vuelve del trabajo (pico a la tarde),True
C,General San Martín,-34.5950235,-58.3778987,habil,21,81.1,Destino: la gente vuelve del trabajo (pico a la tarde),True
C,General San Martín,-34.5950235,-58.3778987,habil,22,38.7,Destino: la gente vuelve del trabajo (pico a la tarde),True
C,General San Martín,-34.5950235,-58.3778987,habil,23,5.6,Destino: la gente vuelve del trabajo (pico a la tarde),True
C,Independencia (C),-34.6180915,-58.3801357,fin_de_semana,0,0.0,Destino: la gente vuelve del trabajo (pico a la tarde),True
C,Independencia (C),-34.6180915,-58.3801357,fin_de_semana,3,0.0,Destino: la gente vuelve del trabajo (pico a la tarde),True
C,Independencia (C),-34.6180915,-58.3801357,fin_de_semana,4,0.0,Destino: la gente vuelve del trabajo (pico a la tarde),True
C,Independencia (C),-34.6180915,-58.3801357,fin_de_semana,5,2.9,Destino: la gente vuelve del trabajo (pico a la tarde),True
C,Independencia (C),-34.6180915,-58.3801357,fin_de_semana,6,36.7,Destino: la gente vuelve del trabajo (pico a la tarde),True
C,Independencia (C),-34.6180915,-58.3801357,fin_de_semana,7,39.1,Destino: la gente vuelve del trabajo (pico a la tarde),True
C,Independencia (C),-34.6180915,-58.3801357,fin_de_semana,8,69.8,Destino: la gente vuelve del trabajo (pico a la tarde),True
C,Independencia (C),-34.6180915,-58.3801357,fin_de_semana,9,80.3,Destino: la gente vuelve del trabajo (pico a la tarde),True
C,Independencia (C),-34.6180915,-58.3801357,fin_de_semana,10,91.5,Destino: la gente vuelve del trabajo (pico a la tarde),True
C,Independencia (C),-34.6180915,-58.3801357,fin_de_semana,11,107.2,Destino: la gente vuelve del trabajo (pico a la tarde),True
C,Independencia (C),-34.6180915,-58.3801357,fin_de_semana,12,132.6,Destino: la gente vuelve del trabajo (pico a la tarde),True
C,Independencia (C),-34.6180915,-58.3801357,fin_de_semana,13,133.7,Destino: la gente vuelve del trabajo (pico a la tarde),True
C,Independencia (C),-34.6180915,-58.3801357,fin_de_semana,14,135.0,Destino: la gente vuelve del trabajo (pico a la tarde),True
C,Independencia (C),-34.6180915,-58.3801357,fin_de_semana,15,147.0,Destino: la gente vuelve del trabajo (pico a la tarde),True
C,Independencia (C),-34.6180915,-58.3801357,fin_de_semana,16,160.3,Destino: la gente vuelve del trabajo (pico a la tarde),True
C,Independencia (C),-34.6180915,-58.3801357,fin_de_semana,17,168.4,Destino: la gente vuelve del trabajo (pico a la tarde),True
C,Independencia (C),-34.6180915,-58.3801357,fin_de_semana,18,167.6,Destino: la gente vuelve del trabajo (pico a la tarde),True
C,Independencia (C),-34.6180915,-58.3801357,fin_de_semana,19,161.6,Destino: la gente vuelve del trabajo (pico a la tarde),True
C,Independencia (C),-34.6180915,-58.3801357,fin_de_semana,20,136.0,Destino: la gente vuelve del trabajo (pico a la tarde),True
C,Independencia (C),-34.6180915,-58.3801357,fin_de_semana,21,86.0,Destino: la gente vuelve del trabajo (pico a la tarde),True
C,Independencia (C),-34.6180915,-58.3801357,fin_de_semana,22,44.8,Destino: la gente vuelve del trabajo (pico a la tarde),True
C,Independencia (C),-34.6180915,-58.3801357,fin_de_semana,23,9.5,Destino: la gente vuelve del trabajo (pico a la tarde),True
C,Independencia (C),-34.6180915,-58.3801357,habil,1,0.0,Destino: la gente vuelve del trabajo (pico a la tarde),True
C,Independencia (C),-34.6180915,-58.3801357,habil,4,0.0,Destino: la gente vuelve del trabajo (pico a la tarde),True
C,Independencia (C),-34.6180915,-58.3801357,habil,5,12.100000000000001,Destino: la gente vuelve del trabajo (pico a la tarde),True
C,Independencia (C),-34.6180915,-58.3801357,habil,6,83.0,Destino: la gente vuelve del trabajo (pico a la tarde),True
C,Independencia (C),-34.6180915,-58.3801357,habil,7,213.4,Destino: la gente vuelve del trabajo (pico a la tarde),True
C,Independencia (C),-34.6180915,-58.3801357,habil,8,284.1,Destino: la gente vuelve del trabajo (pico a la tarde),True
C,Independencia (C),-34.6180915,-58.3801357,habil,9,232.0,Destino: la gente vuelve del trabajo (pico a la tarde),True
C,Independencia (C),-34.6180915,-58.3801357,habil,10,175.3,Destino: la gente vuelve del trabajo (pico a la tarde),True
C,Independencia (C),-34.6180915,-58.3801357,habil,11,287.6,Destino: la gente vuelve del trabajo (pico a la tarde),True
C,Independencia (C),-34.6180915,-58.3801357,habil,12,363.5,Destino: la gente vuelve del trabajo (pico a la tarde),True
C,Independencia (C),-34.6180915,-58.3801357,habil,13,230.0,Destino: la gente vuelve del trabajo (pico a la tarde),True
C,Independencia (C),-34.6180915,-58.3801357,habil,14,219.2,Destino: la gente vuelve del trabajo (pico a la tarde),True
C,Independencia (C),-34.6180915,-58.3801357,habil,15,258.2,Destino: la gente vuelve del trabajo (pico a la tarde),True
C,Independencia (C),-34.6180915,-58.3801357,habil,16,340.79999999999995,Destino: la gente vuelve del trabajo (pico a la tarde),True
C,Independencia (C),-34.6180915,-58.3801357,habil,17,631.9,Destino: la gente vuelve del trabajo (pico a la tarde),True
C,Independencia (C),-34.6180915,-58.3801357,habil,18,380.7,Destino: la gente vuelve del trabajo (pico a la tarde),True
C,Independencia (C),-34.6180915,-58.3801357,habil,19,200.7,Destino: la gente vuelve del trabajo (pico a la tarde),True
C,Independencia (C),-34.6180915,-58.3801357,habil,20,179.60000000000002,Destino: la gente vuelve del trabajo (pico a la tarde),True
C,Independencia (C),-34.6180915,-58.3801357,habil,21,241.79999999999998,Destino: la gente vuelve del trabajo (pico a la tarde),True
C,Independencia (C),-34.6180915,-58.3801357,habil,22,214.6,Destino: la gente vuelve del trabajo (pico a la tarde),True
C,Independencia (C),-34.6180915,-58.3801357,habil,23,11.0,Destino: la gente vuelve del trabajo (pico a la tarde),True
C,Lavalle,-34.6017393,-58.3781082,fin_de_semana,5,0.7,Destino: la gente vuelve del trabajo (pico a la tarde),True
C,Lavalle,-34.6017393,-58.3781082,fin_de_semana,6,10.4,Destino: la gente vuelve del trabajo (pico a la tarde),True
C,Lavalle,-34.6017393,-58.3781082,fin_de_semana,7,15.4,Destino: la gente vuelve del trabajo (pico a la tarde),True
C,Lavalle,-34.6017393,-58.3781082,fin_de_semana,8,28.1,Destino: la gente vuelve del trabajo (pico a la tarde),True
C,Lavalle,-34.6017393,-58.3781082,fin_de_semana,9,38.3,Destino: la gente vuelve del trabajo (pico a la tarde),True
C,Lavalle,-34.6017393,-58.3781082,fin_de_semana,10,58.2,Destino: la gente vuelve del trabajo (pico a la tarde),True
C,Lavalle,-34.6017393,-58.3781082,fin_de_semana,11,66.5,Destino: la gente vuelve del trabajo (pico a la tarde),True
C,Lavalle,-34.6017393,-58.3781082,fin_de_semana,12,79.7,Destino: la gente vuelve del trabajo (pico a la tarde),True
C,Lavalle,-34.6017393,-58.3781082,fin_de_semana,13,86.6,Destino: la gente vuelve del trabajo (pico a la tarde),True
C,Lavalle,-34.6017393,-58.3781082,fin_de_semana,14,90.6,Destino: la gente vuelve del trabajo (pico a la tarde),True
C,Lavalle,-34.6017393,-58.3781082,fin_de_semana,15,105.3,Destino: la gente vuelve del trabajo (pico a la tarde),True
C,Lavalle,-34.6017393,-58.3781082,fin_de_semana,16,118.3,Destino: la gente vuelve del trabajo (pico a la tarde),True
C,Lavalle,-34.6017393,-58.3781082,fin_de_semana,17,117.3,Destino: la gente vuelve del trabajo (pico a la tarde),True
C,Lavalle,-34.6017393,-58.3781082,fin_de_semana,18,122.9,Destino: la gente vuelve del trabajo (pico a la tarde),True
C,Lavalle,-34.6017393,-58.3781082,fin_de_semana,19,119.0,Destino: la gente vuelve del trabajo (pico a la tarde),True
C,Lavalle,-34.6017393,-58.3781082,fin_de_semana,20,102.8,Destino: la gente vuelve del trabajo (pico a la tarde),True
C,Lavalle,-34.6017393,-58.3781082,fin_de_semana,21,75.2,Destino: la gente vuelve del trabajo (pico a la tarde),True
C,Lavalle,-34.6017393,-58.3781082,fin_de_semana,22,27.1,Destino: la gente vuelve del trabajo (pico a la tarde),True
C,Lavalle,-34.6017393,-58.3781082,fin_de_semana,23,5.0,Destino: la gente vuelve del trabajo (pico a la tarde),True
C,Lavalle,-34.6017393,-58.3781082,habil,5,9.4,Destino: la gente vuelve del trabajo (pico a la tarde),True
C,Lavalle,-34.6017393,-58.3781082,habil,6,33.1,Destino: la gente vuelve del trabajo (pico a la tarde),True
C,Lavalle,-34.6017393,-58.3781082,habil,7,66.7,Destino: la gente vuelve del trabajo (pico a la tarde),True
C,Lavalle,-34.6017393,-58.3781082,habil,8,73.8,Destino: la gente vuelve del trabajo (pico a la tarde),True
C,Lavalle,-34.6017393,-58.3781082,habil,9,76.7,Destino: la gente vuelve del trabajo (pico a la tarde),True
C,Lavalle,-34.6017393,-58.3781082,habil,10,106.4,Destino: la gente vuelve del trabajo (pico a la tarde),True
C,Lavalle,-34.6017393,-58.3781082,habil,11,139.8,Destino: la gente vuelve del trabajo (pico a la tarde),True
C,Lavalle,-34.6017393,-58.3781082,habil,12,177.1,Destino: la gente vuelve del trabajo (pico a la tarde),True
C,Lavalle,-34.6017393,-58.3781082,habil,13,214.6,Destino: la gente vuelve del trabajo (pico a la tarde),True
C,Lavalle,-34.6017393,-58.3781082,habil,14,286.6,Destino: la gente vuelve del trabajo (pico a la tarde),True
C,Lavalle,-34.6017393,-58.3781082,habil,15,488.7,Destino: la gente vuelve del trabajo (pico a la tarde),True
C,Lavalle,-34.6017393,-58.3781082,habil,16,662.7,Destino: la gente vuelve del trabajo (pico a la tarde),True
C,Lavalle,-34.6017393,-58.3781082,habil,17,794.8,Destino: la gente vuelve del trabajo (pico a la tarde),True
C,Lavalle,-34.6017393,-58.3781082,habil,18,703.2,Destino: la gente vuelve del trabajo (pico a la tarde),True
C,Lavalle,-34.6017393,-58.3781082,habil,19,321.4,Destino: la gente vuelve del trabajo (pico a la tarde),True
C,Lavalle,-34.6017393,-58.3781082,habil,20,210.6,Destino: la gente vuelve del trabajo (pico a la tarde),True
C,Lavalle,-34.6017393,-58.3781082,habil,21,146.4,Destino: la gente vuelve del trabajo (pico a la tarde),True
C,Lavalle,-34.6017393,-58.3781082,habil,22,50.0,Destino: la gente vuelve del trabajo (pico a la tarde),True
C,Lavalle,-34.6017393,-58.3781082,habil,23,7.6,Destino: la gente vuelve del trabajo (pico a la tarde),True
C,Moreno,-34.6124679,-58.3805252,fin_de_semana,5,0.3,Destino: la gente vuelve del trabajo (pico a la tarde),True
C,Moreno,-34.6124679,-58.3805252,fin_de_semana,6,9.1,Destino: la gente vuelve del trabajo (pico a la tarde),True
C,Moreno,-34.6124679,-58.3805252,fin_de_semana,7,13.3,Destino: la gente vuelve del trabajo (pico a la tarde),True
C,Moreno,-34.6124679,-58.3805252,fin_de_semana,8,25.9,Destino: la gente vuelve del trabajo (pico a la tarde),True
C,Moreno,-34.6124679,-58.3805252,fin_de_semana,9,35.7,Destino: la gente vuelve del trabajo (pico a la tarde),True
C,Moreno,-34.6124679,-58.3805252,fin_de_semana,10,42.5,Destino: la gente vuelve del trabajo (pico a la tarde),True
C,Moreno,-34.6124679,-58.3805252,fin_de_semana,11,52.0,Destino: la gente vuelve del trabajo (pico a la tarde),True
C,Moreno,-34.6124679,-58.3805252,fin_de_semana,12,59.6,Destino: la gente vuelve del trabajo (pico a la tarde),True
C,Moreno,-34.6124679,-58.3805252,fin_de_semana,13,55.3,Destino: la gente vuelve del trabajo (pico a la tarde),True
C,Moreno,-34.6124679,-58.3805252,fin_de_semana,14,50.2,Destino: la gente vuelve del trabajo (pico a la tarde),True
C,Moreno,-34.6124679,-58.3805252,fin_de_semana,15,52.9,Destino: la gente vuelve del trabajo (pico a la tarde),True
C,Moreno,-34.6124679,-58.3805252,fin_de_semana,16,58.1,Destino: la gente vuelve del trabajo (pico a la tarde),True
C,Moreno,-34.6124679,-58.3805252,fin_de_semana,17,69.3,Destino: la gente vuelve del trabajo (pico a la tarde),True
C,Moreno,-34.6124679,-58.3805252,fin_de_semana,18,71.1,Destino: la gente vuelve del trabajo (pico a la tarde),True
C,Moreno,-34.6124679,-58.3805252,fin_de_semana,19,57.7,Destino: la gente vuelve del trabajo (pico a la tarde),True
C,Moreno,-34.6124679,-58.3805252,fin_de_semana,20,47.4,Destino: la gente vuelve del trabajo (pico a la tarde),True
C,Moreno,-34.6124679,-58.3805252,fin_de_semana,21,26.2,Destino: la gente vuelve del trabajo (pico a la tarde),True
C,Moreno,-34.6124679,-58.3805252,fin_de_semana,22,12.9,Destino: la gente vuelve del trabajo (pico a la tarde),True
C,Moreno,-34.6124679,-58.3805252,fin_de_semana,23,2.1,Destino: la gente vuelve del trabajo (pico a la tarde),True
C,Moreno,-34.6124679,-58.3805252,habil,5,5.8,Destino: la gente vuelve del trabajo (pico a la tarde),True
C,Moreno,-34.6124679,-58.3805252,habil,6,29.8,Destino: la gente vuelve del trabajo (pico a la tarde),True
C,Moreno,-34.6124679,-58.3805252,habil,7,60.3,Destino: la gente vuelve del trabajo (pico a la tarde),True
C,Moreno,-34.6124679,-58.3805252,habil,8,92.3,Destino: la gente vuelve del trabajo (pico a la tarde),True
C,Moreno,-34.6124679,-58.3805252,habil,9,103.0,Destino: la gente vuelve del trabajo (pico a la tarde),True
C,Moreno,-34.6124679,-58.3805252,habil,10,117.4,Destino: la gente vuelve del trabajo (pico a la tarde),True
C,Moreno,-34.6124679,-58.3805252,habil,11,147.6,Destino: la gente vuelve del trabajo (pico a la tarde),True
C,Moreno,-34.6124679,-58.3805252,habil,12,198.9,Destino: la gente vuelve del trabajo (pico a la tarde),True
C,Moreno,-34.6124679,-58.3805252,habil,13,237.8,Destino: la gente vuelve del trabajo (pico a la tarde),True
C,Moreno,-34.6124679,-58.3805252,habil,14,294.7,Destino: la gente vuelve del trabajo (pico a la tarde),True
C,Moreno,-34.6124679,-58.3805252,habil,15,392.9,Destino: la gente vuelve del trabajo (pico a la tarde),True
C,Moreno,-34.6124679,-58.3805252,habil,16,502.6,Destino: la gente vuelve del trabajo (pico a la tarde),True
C,Moreno,-34.6124679,-58.3805252,habil,17,625.9,Destino: la gente vuelve del trabajo (pico a la tarde),True
C,Moreno,-34.6124679,-58.3805252,habil,18,489.9,Destino: la gente vuelve del trabajo (pico a la tarde),True
C,Moreno,-34.6124679,-58.3805252,habil,19,199.8,Destino: la gente vuelve del trabajo (pico a la tarde),True
C,Moreno,-34.6124679,-58.3805252,habil,20,124.4,Destino: la gente vuelve del trabajo (pico a la tarde),True
C,Moreno,-34.6124679,-58.3805252,habil,21,56.0,Destino: la gente vuelve del trabajo (pico a la tarde),True
C,Moreno,-34.6124679,-58.3805252,habil,22,35.1,Destino: la gente vuelve del trabajo (pico a la tarde),True
C,Moreno,-34.6124679,-58.3805252,habil,23,4.1,Destino: la gente vuelve del trabajo (pico a la tarde),True
C,Retiro (C),-34.5913025,-58.3741803,fin_de_semana,5,14.8,Origen: la gente sale de su casa (pico a la mañana),True
C,Retiro (C),-34.5913025,-58.3741803,fin_de_semana,6,148.1,Origen: la gente sale de su casa (pico a la mañana),True
C,Retiro (C),-34.5913025,-58.3741803,fin_de_semana,7,302.0,Origen: la gente sale de su casa (pico a la mañana),True
C,Retiro (C),-34.5913025,-58.3741803,fin_de_semana,8,434.0,Origen: la gente sale de su casa (pico a la mañana),True
C,Retiro (C),-34.5913025,-58.3741803,fin_de_semana,9,437.1,Origen: la gente sale de su casa (pico a la mañana),True
C,Retiro (C),-34.5913025,-58.3741803,fin_de_semana,10,439.3,Origen: la gente sale de su casa (pico a la mañana),True
C,Retiro (C),-34.5913025,-58.3741803,fin_de_semana,11,447.79999999999995,Origen: la gente sale de su casa (pico a la mañana),True
C,Retiro (C),-34.5913025,-58.3741803,fin_de_semana,12,473.5,Origen: la gente sale de su casa (pico a la mañana),True
C,Retiro (C),-34.5913025,-58.3741803,fin_de_semana,13,496.1,Origen: la gente sale de su casa (pico a la mañana),True
C,Retiro (C),-34.5913025,-58.3741803,fin_de_semana,14,501.7,Origen: la gente sale de su casa (pico a la mañana),True
C,Retiro (C),-34.5913025,-58.3741803,fin_de_semana,15,504.1,Origen: la gente sale de su casa (pico a la mañana),True
C,Retiro (C),-34.5913025,-58.3741803,fin_de_semana,16,498.20000000000005,Origen: la gente sale de su casa (pico a la mañana),True
C,Retiro (C),-34.5913025,-58.3741803,fin_de_semana,17,548.6,Origen: la gente sale de su casa (pico a la mañana),True
C,Retiro (C),-34.5913025,-58.3741803,fin_de_semana,18,555.1,Origen: la gente sale de su casa (pico a la mañana),True
C,Retiro (C),-34.5913025,-58.3741803,fin_de_semana,19,516.1,Origen: la gente sale de su casa (pico a la mañana),True
C,Retiro (C),-34.5913025,-58.3741803,fin_de_semana,20,385.0,Origen: la gente sale de su casa (pico a la mañana),True
C,Retiro (C),-34.5913025,-58.3741803,fin_de_semana,21,259.5,Origen: la gente sale de su casa (pico a la mañana),True
C,Retiro (C),-34.5913025,-58.3741803,fin_de_semana,22,74.1,Origen: la gente sale de su casa (pico a la mañana),True
C,Retiro (C),-34.5913025,-58.3741803,fin_de_semana,23,10.9,Origen: la gente sale de su casa (pico a la mañana),True
C,Retiro (C),-34.5913025,-58.3741803,habil,4,0.0,Origen: la gente sale de su casa (pico a la mañana),True
C,Retiro (C),-34.5913025,-58.3741803,habil,5,128.2,Origen: la gente sale de su casa (pico a la mañana),True
C,Retiro (C),-34.5913025,-58.3741803,habil,6,510.29999999999995,Origen: la gente sale de su casa (pico a la mañana),True
C,Retiro (C),-34.5913025,-58.3741803,habil,7,1174.2,Origen: la gente sale de su casa (pico a la mañana),True
C,Retiro (C),-34.5913025,-58.3741803,habil,8,1453.7,Origen: la gente sale de su casa (pico a la mañana),True
C,Retiro (C),-34.5913025,-58.3741803,habil,9,1356.2,Origen: la gente sale de su casa (pico a la mañana),True
C,Retiro (C),-34.5913025,-58.3741803,habil,10,914.8,Origen: la gente sale de su casa (pico a la mañana),True
C,Retiro (C),-34.5913025,-58.3741803,habil,11,799.5,Origen: la gente sale de su casa (pico a la mañana),True
C,Retiro (C),-34.5913025,-58.3741803,habil,12,935.5,Origen: la gente sale de su casa (pico a la mañana),True
C,Retiro (C),-34.5913025,-58.3741803,habil,13,1162.6,Origen: la gente sale de su casa (pico a la mañana),True
C,Retiro (C),-34.5913025,-58.3741803,habil,14,1110.6,Origen: la gente sale de su casa (pico a la mañana),True
C,Retiro (C),-34.5913025,-58.3741803,habil,15,1181.3,Origen: la gente sale de su casa (pico a la mañana),True
C,Retiro (C),-34.5913025,-58.3741803,habil,16,1618.4,Origen: la gente sale de su casa (pico a la mañana),True
C,Retiro (C),-34.5913025,-58.3741803,habil,17,2010.5,Origen: la gente sale de su casa (pico a la mañana),True
C,Retiro (C),-34.5913025,-58.3741803,habil,18,1717.8000000000002,Origen: la gente sale de su casa (pico a la mañana),True
C,Retiro (C),-34.5913025,-58.3741803,habil,19,954.0,Origen: la gente sale de su casa (pico a la mañana),True
C,Retiro (C),-34.5913025,-58.3741803,habil,20,557.0,Origen: la gente sale de su casa (pico a la mañana),True
C,Retiro (C),-34.5913025,-58.3741803,habil,21,338.40000000000003,Origen: la gente sale de su casa (pico a la mañana),True
C,Retiro (C),-34.5913025,-58.3741803,habil,22,166.9,Origen: la gente sale de su casa (pico a la mañana),True
C,Retiro (C),-34.5913025,-58.3741803,habil,23,9.5,Origen: la gente sale de su casa (pico a la mañana),True
C,San Juan,-34.6222364,-58.3799317,fin_de_semana,5,1.4,Origen: la gente sale de su casa (pico a la mañana),True
C,San Juan,-34.6222364,-58.3799317,fin_de_semana,6,12.9,Origen: la gente sale de su casa (pico a la mañana),True
C,San Juan,-34.6222364,-58.3799317,fin_de_semana,7,28.0,Origen: la gente sale de su casa (pico a la mañana),True
C,San Juan,-34.6222364,-58.3799317,fin_de_semana,8,56.7,Origen: la gente sale de su casa (pico a la mañana),True
C,San Juan,-34.6222364,-58.3799317,fin_de_semana,9,77.1,Origen: la gente sale de su casa (pico a la mañana),True
C,San Juan,-34.6222364,-58.3799317,fin_de_semana,10,83.7,Origen: la gente sale de su casa (pico a la mañana),True
C,San Juan,-34.6222364,-58.3799317,fin_de_semana,11,93.6,Origen: la gente sale de su casa (pico a la mañana),True
C,San Juan,-34.6222364,-58.3799317,fin_de_semana,12,106.4,Origen: la gente sale de su casa (pico a la mañana),True
C,San Juan,-34.6222364,-58.3799317,fin_de_semana,13,100.1,Origen: la gente sale de su casa (pico a la mañana),True
C,San Juan,-34.6222364,-58.3799317,fin_de_semana,14,97.2,Origen: la gente sale de su casa (pico a la mañana),True
C,San Juan,-34.6222364,-58.3799317,fin_de_semana,15,105.9,Origen: la gente sale de su casa (pico a la mañana),True
C,San Juan,-34.6222364,-58.3799317,fin_de_semana,16,108.2,Origen: la gente sale de su casa (pico a la mañana),True
C,San Juan,-34.6222364,-58.3799317,fin_de_semana,17,105.7,Origen: la gente sale de su casa (pico a la mañana),True
C,San Juan,-34.6222364,-58.3799317,fin_de_semana,18,108.2,Origen: la gente sale de su casa (pico a la mañana),True
C,San Juan,-34.6222364,-58.3799317,fin_de_semana,19,88.3,Origen: la gente sale de su casa (pico a la mañana),True
C,San Juan,-34.6222364,-58.3799317,fin_de_semana,20,63.3,Origen: la gente sale de su casa (pico a la mañana),True
C,San Juan,-34.6222364,-58.3799317,fin_de_semana,21,40.1,Origen: la gente sale de su casa (pico a la mañana),True
C,San Juan,-34.6222364,-58.3799317,fin_de_semana,22,18.7,Origen: la gente sale de su casa (pico a la mañana),True
C,San Juan,-34.6222364,-58.3799317,fin_de_semana,23,4.1,Origen: la gente sale de su casa (pico a la mañana),True
C,San Juan,-34.6222364,-58.3799317,habil,5,16.7,Origen: la gente sale de su casa (pico a la mañana),True
C,San Juan,-34.6222364,-58.3799317,habil,6,68.6,Origen: la gente sale de su casa (pico a la mañana),True
C,San Juan,-34.6222364,-58.3799317,habil,7,187.0,Origen: la gente sale de su casa (pico a la mañana),True
C,San Juan,-34.6222364,-58.3799317,habil,8,232.2,Origen: la gente sale de su casa (pico a la mañana),True
C,San Juan,-34.6222364,-58.3799317,habil,9,229.3,Origen: la gente sale de su casa (pico a la mañana),True
C,San Juan,-34.6222364,-58.3799317,habil,10,190.0,Origen: la gente sale de su casa (pico a la mañana),True
C,San Juan,-34.6222364,-58.3799317,habil,11,212.7,Origen: la gente sale de su casa (pico a la mañana),True
C,San Juan,-34.6222364,-58.3799317,habil,12,278.0,Origen: la gente sale de su casa (pico a la mañana),True
C,San Juan,-34.6222364,-58.3799317,habil,13,216.8,Origen: la gente sale de su casa (pico a la mañana),True
C,San Juan,-34.6222364,-58.3799317,habil,14,185.7,Origen: la gente sale de su casa (pico a la mañana),True
C,San Juan,-34.6222364,-58.3799317,habil,15,206.4,Origen: la gente sale de su casa (pico a la mañana),True
C,San Juan,-34.6222364,-58.3799317,habil,16,251.6,Origen: la gente sale de su casa (pico a la mañana),True
C,San Juan,-34.6222364,-58.3799317,habil,17,267.4,Origen: la gente sale de su casa (pico a la mañana),True
C,San Juan,-34.6222364,-58.3799317,habil,18,202.0,Origen: la gente sale de su casa (pico a la mañana),True
C,San Juan,-34.6222364,-58.3799317,habil,19,161.5,Origen: la gente sale de su casa (pico a la mañana),True
C,San Juan,-34.6222364,-58.3799317,habil,20,169.1,Origen: la gente sale de su casa (pico a la mañana),True
C,San Juan,-34.6222364,-58.3799317,habil,21,192.2,Origen: la gente sale de su casa (pico a la mañana),True
C,San Juan,-34.6222364,-58.3799317,habil,22,78.6,Origen: la gente sale de su casa (pico a la mañana),True
C,San Juan,-34.6222364,-58.3799317,habil,23,5.5,Origen: la gente sale de su casa (pico a la mañana),True
D,9 de Julio,-34.6044364,-58.3802711,fin_de_semana,0,0.2,Destino: la gente vuelve del trabajo (pico a la tarde),True
D,9 de Julio,-34.6044364,-58.3802711,fin_de_semana,1,0.1,Destino: la gente vuelve del trabajo (pico a la tarde),True
D,9 de Julio,-34.6044364,-58.3802711,fin_de_semana,5,0.3,Destino: la gente vuelve del trabajo (pico a la tarde),True
D,9 de Julio,-34.6044364,-58.3802711,fin_de_semana,6,2.6,Destino: la gente vuelve del trabajo (pico a la tarde),True
D,9 de Julio,-34.6044364,-58.3802711,fin_de_semana,7,7.1,Destino: la gente vuelve del trabajo (pico a la tarde),True
D,9 de Julio,-34.6044364,-58.3802711,fin_de_semana,8,17.1,Destino: la gente vuelve del trabajo (pico a la tarde),True
D,9 de Julio,-34.6044364,-58.3802711,fin_de_semana,9,23.900000000000002,Destino: la gente vuelve del trabajo (pico a la tarde),True
D,9 de Julio,-34.6044364,-58.3802711,fin_de_semana,10,34.599999999999994,Destino: la gente vuelve del trabajo (pico a la tarde),True
D,9 de Julio,-34.6044364,-58.3802711,fin_de_semana,11,42.5,Destino: la gente vuelve del trabajo (pico a la tarde),True
D,9 de Julio,-34.6044364,-58.3802711,fin_de_semana,12,46.2,Destino: la gente vuelve del trabajo (pico a la tarde),True
D,9 de Julio,-34.6044364,-58.3802711,fin_de_semana,13,46.9,Destino: la gente vuelve del trabajo (pico a la tarde),True
D,9 de Julio,-34.6044364,-58.3802711,fin_de_semana,14,45.4,Destino: la gente vuelve del trabajo (pico a la tarde),True
D,9 de Julio,-34.6044364,-58.3802711,fin_de_semana,15,51.3,Destino: la gente vuelve del trabajo (pico a la tarde),True
D,9 de Julio,-34.6044364,-58.3802711,fin_de_semana,16,60.3,Destino: la gente vuelve del trabajo (pico a la tarde),True
D,9 de Julio,-34.6044364,-58.3802711,fin_de_semana,17,62.599999999999994,Destino: la gente vuelve del trabajo (pico a la tarde),True
D,9 de Julio,-34.6044364,-58.3802711,fin_de_semana,18,60.8,Destino: la gente vuelve del trabajo (pico a la tarde),True
D,9 de Julio,-34.6044364,-58.3802711,fin_de_semana,19,58.4,Destino: la gente vuelve del trabajo (pico a la tarde),True
D,9 de Julio,-34.6044364,-58.3802711,fin_de_semana,20,47.9,Destino: la gente vuelve del trabajo (pico a la tarde),True
D,9 de Julio,-34.6044364,-58.3802711,fin_de_semana,21,34.3,Destino: la gente vuelve del trabajo (pico a la tarde),True
D,9 de Julio,-34.6044364,-58.3802711,fin_de_semana,22,16.7,Destino: la gente vuelve del trabajo (pico a la tarde),True
D,9 de Julio,-34.6044364,-58.3802711,fin_de_semana,23,7.3999999999999995,Destino: la gente vuelve del trabajo (pico a la tarde),True
D,9 de Julio,-34.6044364,-58.3802711,habil,0,0.0,Destino: la gente vuelve del trabajo (pico a la tarde),True
D,9 de Julio,-34.6044364,-58.3802711,habil,1,0.0,Destino: la gente vuelve del trabajo (pico a la tarde),True
D,9 de Julio,-34.6044364,-58.3802711,habil,4,0.0,Destino: la gente vuelve del trabajo (pico a la tarde),True
D,9 de Julio,-34.6044364,-58.3802711,habil,5,6.2,Destino: la gente vuelve del trabajo (pico a la tarde),True
D,9 de Julio,-34.6044364,-58.3802711,habil,6,29.900000000000002,Destino: la gente vuelve del trabajo (pico a la tarde),True
D,9 de Julio,-34.6044364,-58.3802711,habil,7,175.0,Destino: la gente vuelve del trabajo (pico a la tarde),True
D,9 de Julio,-34.6044364,-58.3802711,habil,8,236.2,Destino: la gente vuelve del trabajo (pico a la tarde),True
D,9 de Julio,-34.6044364,-58.3802711,habil,9,195.79999999999998,Destino: la gente vuelve del trabajo (pico a la tarde),True
D,9 de Julio,-34.6044364,-58.3802711,habil,10,193.5,Destino: la gente vuelve del trabajo (pico a la tarde),True
D,9 de Julio,-34.6044364,-58.3802711,habil,11,220.1,Destino: la gente vuelve del trabajo (pico a la tarde),True
D,9 de Julio,-34.6044364,-58.3802711,habil,12,251.1,Destino: la gente vuelve del trabajo (pico a la tarde),True
D,9 de Julio,-34.6044364,-58.3802711,habil,13,276.7,Destino: la gente vuelve del trabajo (pico a la tarde),True
D,9 de Julio,-34.6044364,-58.3802711,habil,14,283.29999999999995,Destino: la gente vuelve del trabajo (pico a la tarde),True
D,9 de Julio,-34.6044364,-58.3802711,habil,15,355.1,Destino: la gente vuelve del trabajo (pico a la tarde),True
D,9 de Julio,-34.6044364,-58.3802711,habil,16,398.3,Destino: la gente vuelve del trabajo (pico a la tarde),True
D,9 de Julio,-34.6044364,-58.3802711,habil,17,432.2,Destino: la gente vuelve del trabajo (pico a la tarde),True
D,9 de Julio,-34.6044364,-58.3802711,habil,18,261.09999999999997,Destino: la gente vuelve del trabajo (pico a la tarde),True
D,9 de Julio,-34.6044364,-58.3802711,habil,19,83.3,Destino: la gente vuelve del trabajo (pico a la tarde),True
D,9 de Julio,-34.6044364,-58.3802711,habil,20,61.1,Destino: la gente vuelve del trabajo (pico a la tarde),True
D,9 de Julio,-34.6044364,-58.3802711,habil,21,39.300000000000004,Destino: la gente vuelve del trabajo (pico a la tarde),True
D,9 de Julio,-34.6044364,-58.3802711,habil,22,21.900000000000002,Destino: la gente vuelve del trabajo (pico a la tarde),True
D,9 de Julio,-34.6044364,-58.3802711,habil,23,7.199999999999999,Destino: la gente vuelve del trabajo (pico a la tarde),True
D,Agüero,-34.5917097,-58.4070715,fin_de_semana,0,0.1,Origen: la gente sale de su casa (pico a la mañana),True
D,Agüero,-34.5917097,-58.4070715,fin_de_semana,5,0.3,Origen: la gente sale de su casa (pico a la mañana),True
D,Agüero,-34.5917097,-58.4070715,fin_de_semana,6,7.6,Origen: la gente sale de su casa (pico a la mañana),True
D,Agüero,-34.5917097,-58.4070715,fin_de_semana,7,25.6,Origen: la gente sale de su casa (pico a la mañana),True
D,Agüero,-34.5917097,-58.4070715,fin_de_semana,8,54.2,Origen: la gente sale de su casa (pico a la mañana),True
D,Agüero,-34.5917097,-58.4070715,fin_de_semana,9,73.0,Origen: la gente sale de su casa (pico a la mañana),True
D,Agüero,-34.5917097,-58.4070715,fin_de_semana,10,92.9,Origen: la gente sale de su casa (pico a la mañana),True
D,Agüero,-34.5917097,-58.4070715,fin_de_semana,11,111.5,Origen: la gente sale de su casa (pico a la mañana),True
D,Agüero,-34.5917097,-58.4070715,fin_de_semana,12,132.6,Origen: la gente sale de su casa (pico a la mañana),True
D,Agüero,-34.5917097,-58.4070715,fin_de_semana,13,123.0,Origen: la gente sale de su casa (pico a la mañana),True
D,Agüero,-34.5917097,-58.4070715,fin_de_semana,14,112.0,Origen: la gente sale de su casa (pico a la mañana),True
D,Agüero,-34.5917097,-58.4070715,fin_de_semana,15,124.5,Origen: la gente sale de su casa (pico a la mañana),True
D,Agüero,-34.5917097,-58.4070715,fin_de_semana,16,141.7,Origen: la gente sale de su casa (pico a la mañana),True
D,Agüero,-34.5917097,-58.4070715,fin_de_semana,17,126.2,Origen: la gente sale de su casa (pico a la mañana),True
D,Agüero,-34.5917097,-58.4070715,fin_de_semana,18,126.7,Origen: la gente sale de su casa (pico a la mañana),True
D,Agüero,-34.5917097,-58.4070715,fin_de_semana,19,127.4,Origen: la gente sale de su casa (pico a la mañana),True
D,Agüero,-34.5917097,-58.4070715,fin_de_semana,20,106.3,Origen: la gente sale de su casa (pico a la mañana),True
D,Agüero,-34.5917097,-58.4070715,fin_de_semana,21,63.3,Origen: la gente sale de su casa (pico a la mañana),True
D,Agüero,-34.5917097,-58.4070715,fin_de_semana,22,24.4,Origen: la gente sale de su casa (pico a la mañana),True
D,Agüero,-34.5917097,-58.4070715,fin_de_semana,23,6.8,Origen: la gente sale de su casa (pico a la mañana),True
D,Agüero,-34.5917097,-58.4070715,habil,5,5.2,Origen: la gente sale de su casa (pico a la mañana),True
D,Agüero,-34.5917097,-58.4070715,habil,6,51.5,Origen: la gente sale de su casa (pico a la mañana),True
D,Agüero,-34.5917097,-58.4070715,habil,7,242.7,Origen: la gente sale de su casa (pico a la mañana),True
D,Agüero,-34.5917097,-58.4070715,habil,8,341.5,Origen: la gente sale de su casa (pico a la mañana),True
D,Agüero,-34.5917097,-58.4070715,habil,9,302.2,Origen: la gente sale de su casa (pico a la mañana),True
D,Agüero,-34.5917097,-58.4070715,habil,10,217.4,Origen: la gente sale de su casa (pico a la mañana),True
D,Agüero,-34.5917097,-58.4070715,habil,11,200.4,Origen: la gente sale de su casa (pico a la mañana),True
D,Agüero,-34.5917097,-58.4070715,habil,12,241.4,Origen: la gente sale de su casa (pico a la mañana),True
D,Agüero,-34.5917097,-58.4070715,habil,13,253.8,Origen: la gente sale de su casa (pico a la mañana),True
D,Agüero,-34.5917097,-58.4070715,habil,14,231.7,Origen: la gente sale de su casa (pico a la mañana),True
D,Agüero,-34.5917097,-58.4070715,habil,15,255.1,Origen: la gente sale de su casa (pico a la mañana),True
D,Agüero,-34.5917097,-58.4070715,habil,16,318.5,Origen: la gente sale de su casa (pico a la mañana),True
D,Agüero,-34.5917097,-58.4070715,habil,17,323.3,Origen: la gente sale de su casa (pico a la mañana),True
D,Agüero,-34.5917097,-58.4070715,habil,18,292.2,Origen: la gente sale de su casa (pico a la mañana),True
D,Agüero,-34.5917097,-58.4070715,habil,19,228.1,Origen: la gente sale de su casa (pico a la mañana),True
D,Agüero,-34.5917097,-58.4070715,habil,20,171.6,Origen: la gente sale de su casa (pico a la mañana),True
D,Agüero,-34.5917097,-58.4070715,habil,21,87.4,Origen: la gente sale de su casa (pico a la mañana),True
D,Agüero,-34.5917097,-58.4070715,habil,22,39.9,Origen: la gente sale de su casa (pico a la mañana),True
D,Agüero,-34.5917097,-58.4070715,habil,23,6.9,Origen: la gente sale de su casa (pico a la mañana),True
D,Bulnes,-34.588251,-58.4112129,fin_de_semana,0,0.2,Origen: la gente sale de su casa (pico a la mañana),True
D,Bulnes,-34.588251,-58.4112129,fin_de_semana,2,0.1,Origen: la gente sale de su casa (pico a la mañana),True
D,Bulnes,-34.588251,-58.4112129,fin_de_semana,5,0.9,Origen: la gente sale de su casa (pico a la mañana),True
D,Bulnes,-34.588251,-58.4112129,fin_de_semana,6,17.9,Origen: la gente sale de su casa (pico a la mañana),True
D,Bulnes,-34.588251,-58.4112129,fin_de_semana,7,52.8,Origen: la gente sale de su casa (pico a la mañana),True
D,Bulnes,-34.588251,-58.4112129,fin_de_semana,8,106.3,Origen: la gente sale de su casa (pico a la mañana),True
D,Bulnes,-34.588251,-58.4112129,fin_de_semana,9,148.0,Origen: la gente sale de su casa (pico a la mañana),True
D,Bulnes,-34.588251,-58.4112129,fin_de_semana,10,206.2,Origen: la gente sale de su casa (pico a la mañana),True
D,Bulnes,-34.588251,-58.4112129,fin_de_semana,11,276.8,Origen: la gente sale de su casa (pico a la mañana),True
D,Bulnes,-34.588251,-58.4112129,fin_de_semana,12,348.7,Origen: la gente sale de su casa (pico a la mañana),True
D,Bulnes,-34.588251,-58.4112129,fin_de_semana,13,359.5,Origen: la gente sale de su casa (pico a la mañana),True
D,Bulnes,-34.588251,-58.4112129,fin_de_semana,14,361.4,Origen: la gente sale de su casa (pico a la mañana),True
D,Bulnes,-34.588251,-58.4112129,fin_de_semana,15,416.9,Origen: la gente sale de su casa (pico a la mañana),True
D,Bulnes,-34.588251,-58.4112129,fin_de_semana,16,496.7,Origen: la gente sale de su casa (pico a la mañana),True
D,Bulnes,-34.588251,-58.4112129,fin_de_semana,17,507.0,Origen: la gente sale de su casa (pico a la mañana),True
D,Bulnes,-34.588251,-58.4112129,fin_de_semana,18,520.3,Origen: la gente sale de su casa (pico a la mañana),True
D,Bulnes,-34.588251,-58.4112129,fin_de_semana,19,504.9,Origen: la gente sale de su casa (pico a la mañana),True
D,Bulnes,-34.588251,-58.4112129,fin_de_semana,20,449.6,Origen: la gente sale de su casa (pico a la mañana),True
D,Bulnes,-34.588251,-58.4112129,fin_de_semana,21,295.7,Origen: la gente sale de su casa (pico a la mañana),True
D,Bulnes,-34.588251,-58.4112129,fin_de_semana,22,161.0,Origen: la gente sale de su casa (pico a la mañana),True
D,Bulnes,-34.588251,-58.4112129,fin_de_semana,23,25.2,Origen: la gente sale de su casa (pico a la mañana),True
D,Bulnes,-34.588251,-58.4112129,habil,0,0.0,Origen: la gente sale de su casa (pico a la mañana),True
D,Bulnes,-34.588251,-58.4112129,habil,1,0.0,Origen: la gente sale de su casa (pico a la mañana),True
D,Bulnes,-34.588251,-58.4112129,habil,2,0.0,Origen: la gente sale de su casa (pico a la mañana),True
D,Bulnes,-34.588251,-58.4112129,habil,4,0.0,Origen: la gente sale de su casa (pico a la mañana),True
D,Bulnes,-34.588251,-58.4112129,habil,5,13.0,Origen: la gente sale de su casa (pico a la mañana),True
D,Bulnes,-34.588251,-58.4112129,habil,6,120.5,Origen: la gente sale de su casa (pico a la mañana),True
D,Bulnes,-34.588251,-58.4112129,habil,7,535.0,Origen: la gente sale de su casa (pico a la mañana),True
D,Bulnes,-34.588251,-58.4112129,habil,8,782.1,Origen: la gente sale de su casa (pico a la mañana),True
D,Bulnes,-34.588251,-58.4112129,habil,9,731.5,Origen: la gente sale de su casa (pico a la mañana),True
D,Bulnes,-34.588251,-58.4112129,habil,10,550.6,Origen: la gente sale de su casa (pico a la mañana),True
D,Bulnes,-34.588251,-58.4112129,habil,11,559.2,Origen: la gente sale de su casa (pico a la mañana),True
D,Bulnes,-34.588251,-58.4112129,habil,12,693.5,Origen: la gente sale de su casa (pico a la mañana),True
D,Bulnes,-34.588251,-58.4112129,habil,13,728.5,Origen: la gente sale de su casa (pico a la mañana),True
D,Bulnes,-34.588251,-58.4112129,habil,14,681.8,Origen: la gente sale de su casa (pico a la mañana),True
D,Bulnes,-34.588251,-58.4112129,habil,15,768.7,Origen: la gente sale de su casa (pico a la mañana),True
D,Bulnes,-34.588251,-58.4112129,habil,16,882.8,Origen: la gente sale de su casa (pico a la mañana),True
D,Bulnes,-34.588251,-58.4112129,habil,17,916.2,Origen: la gente sale de su casa (pico a la mañana),True
D,Bulnes,-34.588251,-58.4112129,habil,18,865.8,Origen: la gente sale de su casa (pico a la mañana),True
D,Bulnes,-34.588251,-58.4112129,habil,19,722.3,Origen: la gente sale de su casa (pico a la mañana),True
D,Bulnes,-34.588251,-58.4112129,habil,20,558.2,Origen: la gente sale de su casa (pico a la mañana),True
D,Bulnes,-34.588251,-58.4112129,habil,21,326.6,Origen: la gente sale de su casa (pico a la mañana),True
D,Bulnes,-34.588251,-58.4112129,habil,22,199.4,Origen: la gente sale de su casa (pico a la mañana),True
D,Bulnes,-34.588251,-58.4112129,habil,23,21.6,Origen: la gente sale de su casa (pico a la mañana),True
D,Callao (D),-34.5996372,-58.3926756,fin_de_semana,0,0.5,Destino: la gente vuelve del trabajo (pico a la tarde),True
D,Callao (D),-34.5996372,-58.3926756,fin_de_semana,5,1.4000000000000001,Destino: la gente vuelve del trabajo (pico a la tarde),True
D,Callao (D),-34.5996372,-58.3926756,fin_de_semana,6,15.200000000000001,Destino: la gente vuelve del trabajo (pico a la tarde),True
D,Callao (D),-34.5996372,-58.3926756,fin_de_semana,7,36.1,Destino: la gente vuelve del trabajo (pico a la tarde),True
D,Callao (D),-34.5996372,-58.3926756,fin_de_semana,8,78.8,Destino: la gente vuelve del trabajo (pico a la tarde),True
D,Callao (D),-34.5996372,-58.3926756,fin_de_semana,9,116.5,Destino: la gente vuelve del trabajo (pico a la tarde),True
D,Callao (D),-34.5996372,-58.3926756,fin_de_semana,10,137.5,Destino: la gente vuelve del trabajo (pico a la tarde),True
D,Callao (D),-34.5996372,-58.3926756,fin_de_semana,11,176.3,Destino: la gente vuelve del trabajo (pico a la tarde),True
D,Callao (D),-34.5996372,-58.3926756,fin_de_semana,12,202.4,Destino: la gente vuelve del trabajo (pico a la tarde),True
D,Callao (D),-34.5996372,-58.3926756,fin_de_semana,13,230.7,Destino: la gente vuelve del trabajo (pico a la tarde),True
D,Callao (D),-34.5996372,-58.3926756,fin_de_semana,14,193.20000000000002,Destino: la gente vuelve del trabajo (pico a la tarde),True
D,Callao (D),-34.5996372,-58.3926756,fin_de_semana,15,202.3,Destino: la gente vuelve del trabajo (pico a la tarde),True
D,Callao (D),-34.5996372,-58.3926756,fin_de_semana,16,227.3,Destino: la gente vuelve del trabajo (pico a la tarde),True
D,Callao (D),-34.5996372,-58.3926756,fin_de_semana,17,223.5,Destino: la gente vuelve del trabajo (pico a la tarde),True
D,Callao (D),-34.5996372,-58.3926756,fin_de_semana,18,217.60000000000002,Destino: la gente vuelve del trabajo (pico a la tarde),True
D,Callao (D),-34.5996372,-58.3926756,fin_de_semana,19,204.8,Destino: la gente vuelve del trabajo (pico a la tarde),True
D,Callao (D),-34.5996372,-58.3926756,fin_de_semana,20,181.4,Destino: la gente vuelve del trabajo (pico a la tarde),True
D,Callao (D),-34.5996372,-58.3926756,fin_de_semana,21,124.1,Destino: la gente vuelve del trabajo (pico a la tarde),True
D,Callao (D),-34.5996372,-58.3926756,fin_de_semana,22,60.099999999999994,Destino: la gente vuelve del trabajo (pico a la tarde),True
D,Callao (D),-34.5996372,-58.3926756,fin_de_semana,23,24.2,Destino: la gente vuelve del trabajo (pico a la tarde),True
D,Callao (D),-34.5996372,-58.3926756,habil,0,0.0,Destino: la gente vuelve del trabajo (pico a la tarde),True
D,Callao (D),-34.5996372,-58.3926756,habil,5,14.399999999999999,Destino: la gente vuelve del trabajo (pico a la tarde),True
D,Callao (D),-34.5996372,-58.3926756,habil,6,66.1,Destino: la gente vuelve del trabajo (pico a la tarde),True
D,Callao (D),-34.5996372,-58.3926756,habil,7,221.0,Destino: la gente vuelve del trabajo (pico a la tarde),True
D,Callao (D),-34.5996372,-58.3926756,habil,8,330.4,Destino: la gente vuelve del trabajo (pico a la tarde),True
D,Callao (D),-34.5996372,-58.3926756,habil,9,390.6,Destino: la gente vuelve del trabajo (pico a la tarde),True
D,Callao (D),-34.5996372,-58.3926756,habil,10,422.1,Destino: la gente vuelve del trabajo (pico a la tarde),True
D,Callao (D),-34.5996372,-58.3926756,habil,11,507.7,Destino: la gente vuelve del trabajo (pico a la tarde),True
D,Callao (D),-34.5996372,-58.3926756,habil,12,677.1,Destino: la gente vuelve del trabajo (pico a la tarde),True
D,Callao (D),-34.5996372,-58.3926756,habil,13,693.7,Destino: la gente vuelve del trabajo (pico a la tarde),True
D,Callao (D),-34.5996372,-58.3926756,habil,14,661.6,Destino: la gente vuelve del trabajo (pico a la tarde),True
D,Callao (D),-34.5996372,-58.3926756,habil,15,757.1,Destino: la gente vuelve del trabajo (pico a la tarde),True
D,Callao (D),-34.5996372,-58.3926756,habil,16,945.2,Destino: la gente vuelve del trabajo (pico a la tarde),True
D,Callao (D),-34.5996372,-58.3926756,habil,17,1021.7,Destino: la gente vuelve del trabajo (pico a la tarde),True
D,Callao (D),-34.5996372,-58.3926756,habil,18,887.8,Destino: la gente vuelve del trabajo (pico a la tarde),True
D,Callao (D),-34.5996372,-58.3926756,habil,19,564.2,Destino: la gente vuelve del trabajo (pico a la tarde),True
D,Callao (D),-34.5996372,-58.3926756,habil,20,441.3,Destino: la gente vuelve del trabajo (pico a la tarde),True
D,Callao (D),-34.5996372,-58.3926756,habil,21,302.1,Destino: la gente vuelve del trabajo (pico a la tarde),True
D,Callao (D),-34.5996372,-58.3926756,habil,22,135.39999999999998,Destino: la gente vuelve del trabajo (pico a la tarde),True
D,Callao (D),-34.5996372,-58.3926756,habil,23,24.1,Destino: la gente vuelve del trabajo (pico a la tarde),True
D,Catedral,-34.60757,-58.3742905,fin_de_semana,0,0.1,Destino: la gente vuelve del trabajo (pico a la tarde),True
D,Catedral,-34.60757,-58.3742905,fin_de_semana,1,0.0,Destino: la gente vuelve del trabajo (pico a la tarde),True
D,Catedral,-34.60757,-58.3742905,fin_de_semana,2,0.0,Destino: la gente vuelve del trabajo (pico a la tarde),True
D,Catedral,-34.60757,-58.3742905,fin_de_semana,3,0.0,Destino: la gente vuelve del trabajo (pico a la tarde),True
D,Catedral,-34.60757,-58.3742905,fin_de_semana,4,0.0,Destino: la gente vuelve del trabajo (pico a la tarde),True
D,Catedral,-34.60757,-58.3742905,fin_de_semana,5,2.5,Destino: la gente vuelve del trabajo (pico a la tarde),True
D,Catedral,-34.60757,-58.3742905,fin_de_semana,6,26.9,Destino: la gente vuelve del trabajo (pico a la tarde),True
D,Catedral,-34.60757,-58.3742905,fin_de_semana,7,55.4,Destino: la gente vuelve del trabajo (pico a la tarde),True
D,Catedral,-34.60757,-58.3742905,fin_de_semana,8,95.8,Destino: la gente vuelve del trabajo (pico a la tarde),True
D,Catedral,-34.60757,-58.3742905,fin_de_semana,9,107.7,Destino: la gente vuelve del trabajo (pico a la tarde),True
D,Catedral,-34.60757,-58.3742905,fin_de_semana,10,127.8,Destino: la gente vuelve del trabajo (pico a la tarde),True
D,Catedral,-34.60757,-58.3742905,fin_de_semana,11,169.8,Destino: la gente vuelve del trabajo (pico a la tarde),True
D,Catedral,-34.60757,-58.3742905,fin_de_semana,12,228.1,Destino: la gente vuelve del trabajo (pico a la tarde),True
D,Catedral,-34.60757,-58.3742905,fin_de_semana,13,251.0,Destino: la gente vuelve del trabajo (pico a la tarde),True
D,Catedral,-34.60757,-58.3742905,fin_de_semana,14,236.1,Destino: la gente vuelve del trabajo (pico a la tarde),True
D,Catedral,-34.60757,-58.3742905,fin_de_semana,15,278.7,Destino: la gente vuelve del trabajo (pico a la tarde),True
D,Catedral,-34.60757,-58.3742905,fin_de_semana,16,330.0,Destino: la gente vuelve del trabajo (pico a la tarde),True
D,Catedral,-34.60757,-58.3742905,fin_de_semana,17,375.0,Destino: la gente vuelve del trabajo (pico a la tarde),True
D,Catedral,-34.60757,-58.3742905,fin_de_semana,18,378.6,Destino: la gente vuelve del trabajo (pico a la tarde),True
D,Catedral,-34.60757,-58.3742905,fin_de_semana,19,286.7,Destino: la gente vuelve del trabajo (pico a la tarde),True
D,Catedral,-34.60757,-58.3742905,fin_de_semana,20,193.7,Destino: la gente vuelve del trabajo (pico a la tarde),True
D,Catedral,-34.60757,-58.3742905,fin_de_semana,21,108.5,Destino: la gente vuelve del trabajo (pico a la tarde),True
D,Catedral,-34.60757,-58.3742905,fin_de_semana,22,45.5,Destino: la gente vuelve del trabajo (pico a la tarde),True
D,Catedral,-34.60757,-58.3742905,fin_de_semana,23,15.4,Destino: la gente vuelve del trabajo (pico a la tarde),True
D,Catedral,-34.60757,-58.3742905,habil,0,0.0,Destino: la gente vuelve del trabajo (pico a la tarde),True
D,Catedral,-34.60757,-58.3742905,habil,1,0.0,Destino: la gente vuelve del trabajo (pico a la tarde),True
D,Catedral,-34.60757,-58.3742905,habil,2,0.0,Destino: la gente vuelve del trabajo (pico a la tarde),True
D,Catedral,-34.60757,-58.3742905,habil,3,0.0,Destino: la gente vuelve del trabajo (pico a la tarde),True
D,Catedral,-34.60757,-58.3742905,habil,4,0.0,Destino: la gente vuelve del trabajo (pico a la tarde),True
D,Catedral,-34.60757,-58.3742905,habil,5,25.7,Destino: la gente vuelve del trabajo (pico a la tarde),True
D,Catedral,-34.60757,-58.3742905,habil,6,153.4,Destino: la gente vuelve del trabajo (pico a la tarde),True
D,Catedral,-34.60757,-58.3742905,habil,7,303.7,Destino: la gente vuelve del trabajo (pico a la tarde),True
D,Catedral,-34.60757,-58.3742905,habil,8,365.5,Destino: la gente vuelve del trabajo (pico a la tarde),True
D,Catedral,-34.60757,-58.3742905,habil,9,373.9,Destino: la gente vuelve del trabajo (pico a la tarde),True
D,Catedral,-34.60757,-58.3742905,habil,10,424.1,Destino: la gente vuelve del trabajo (pico a la tarde),True
D,Catedral,-34.60757,-58.3742905,habil,11,564.1,Destino: la gente vuelve del trabajo (pico a la tarde),True
D,Catedral,-34.60757,-58.3742905,habil,12,754.5,Destino: la gente vuelve del trabajo (pico a la tarde),True
D,Catedral,-34.60757,-58.3742905,habil,13,927.5,Destino: la gente vuelve del trabajo (pico a la tarde),True
D,Catedral,-34.60757,-58.3742905,habil,14,1019.0,Destino: la gente vuelve del trabajo (pico a la tarde),True
D,Catedral,-34.60757,-58.3742905,habil,15,1604.4,Destino: la gente vuelve del trabajo (pico a la tarde),True
D,Catedral,-34.60757,-58.3742905,habil,16,2041.3,Destino: la gente vuelve del trabajo (pico a la tarde),True
D,Catedral,-34.60757,-58.3742905,habil,17,3070.2,Destino: la gente vuelve del trabajo (pico a la tarde),True
D,Catedral,-34.60757,-58.3742905,habil,18,2059.7,Destino: la gente vuelve del trabajo (pico a la tarde),True
D,Catedral,-34.60757,-58.3742905,habil,19,795.2,Destino: la gente vuelve del trabajo (pico a la tarde),True
D,Catedral,-34.60757,-58.3742905,habil,20,485.9,Destino: la gente vuelve del trabajo (pico a la tarde),True
D,Catedral,-34.60757,-58.3742905,habil,21,273.8,Destino: la gente vuelve del trabajo (pico a la tarde),True
D,Catedral,-34.60757,-58.3742905,habil,22,123.4,Destino: la gente vuelve del trabajo (pico a la tarde),True
D,Catedral,-34.60757,-58.3742905,habil,23,23.2,Destino: la gente vuelve del trabajo (pico a la tarde),True
D,Congreso de Tucumán,-34.5558009,-58.4622186,fin_de_semana,0,91.6,Origen: la gente sale de su casa (pico a la mañana),True
D,Congreso de Tucumán,-34.5558009,-58.4622186,fin_de_semana,1,27.1,Origen: la gente sale de su casa (pico a la mañana),True
D,Congreso de Tucumán,-34.5558009,-58.4622186,fin_de_semana,5,4.6,Origen: la gente sale de su casa (pico a la mañana),True
D,Congreso de Tucumán,-34.5558009,-58.4622186,fin_de_semana,6,55.7,Origen: la gente sale de su casa (pico a la mañana),True
D,Congreso de Tucumán,-34.5558009,-58.4622186,fin_de_semana,7,171.0,Origen: la gente sale de su casa (pico a la mañana),True
D,Congreso de Tucumán,-34.5558009,-58.4622186,fin_de_semana,8,300.1,Origen: la gente sale de su casa (pico a la mañana),True
D,Congreso de Tucumán,-34.5558009,-58.4622186,fin_de_semana,9,376.8,Origen: la gente sale de su casa (pico a la mañana),True
D,Congreso de Tucumán,-34.5558009,-58.4622186,fin_de_semana,10,387.6,Origen: la gente sale de su casa (pico a la mañana),True
D,Congreso de Tucumán,-34.5558009,-58.4622186,fin_de_semana,11,445.7,Origen: la gente sale de su casa (pico a la mañana),True
D,Congreso de Tucumán,-34.5558009,-58.4622186,fin_de_semana,12,516.9,Origen: la gente sale de su casa (pico a la mañana),True
D,Congreso de Tucumán,-34.5558009,-58.4622186,fin_de_semana,13,529.3,Origen: la gente sale de su casa (pico a la mañana),True
D,Congreso de Tucumán,-34.5558009,-58.4622186,fin_de_semana,14,523.9,Origen: la gente sale de su casa (pico a la mañana),True
D,Congreso de Tucumán,-34.5558009,-58.4622186,fin_de_semana,15,566.1,Origen: la gente sale de su casa (pico a la mañana),True
D,Congreso de Tucumán,-34.5558009,-58.4622186,fin_de_semana,16,615.8,Origen: la gente sale de su casa (pico a la mañana),True
D,Congreso de Tucumán,-34.5558009,-58.4622186,fin_de_semana,17,573.4,Origen: la gente sale de su casa (pico a la mañana),True
D,Congreso de Tucumán,-34.5558009,-58.4622186,fin_de_semana,18,604.7,Origen: la gente sale de su casa (pico a la mañana),True
D,Congreso de Tucumán,-34.5558009,-58.4622186,fin_de_semana,19,534.1,Origen: la gente sale de su casa (pico a la mañana),True
D,Congreso de Tucumán,-34.5558009,-58.4622186,fin_de_semana,20,479.7,Origen: la gente sale de su casa (pico a la mañana),True
D,Congreso de Tucumán,-34.5558009,-58.4622186,fin_de_semana,21,345.9,Origen: la gente sale de su casa (pico a la mañana),True
D,Congreso de Tucumán,-34.5558009,-58.4622186,fin_de_semana,22,101.3,Origen: la gente sale de su casa (pico a la mañana),True
D,Congreso de Tucumán,-34.5558009,-58.4622186,fin_de_semana,23,111.3,Origen: la gente sale de su casa (pico a la mañana),True
D,Congreso de Tucumán,-34.5558009,-58.4622186,habil,0,43.3,Origen: la gente sale de su casa (pico a la mañana),True
D,Congreso de Tucumán,-34.5558009,-58.4622186,habil,1,18.2,Origen: la gente sale de su casa (pico a la mañana),True
D,Congreso de Tucumán,-34.5558009,-58.4622186,habil,2,0.1,Origen: la gente sale de su casa (pico a la mañana),True
D,Congreso de Tucumán,-34.5558009,-58.4622186,habil,3,0.7,Origen: la gente sale de su casa (pico a la mañana),True
D,Congreso de Tucumán,-34.5558009,-58.4622186,habil,4,1.9,Origen: la gente sale de su casa (pico a la mañana),True
D,Congreso de Tucumán,-34.5558009,-58.4622186,habil,5,82.8,Origen: la gente sale de su casa (pico a la mañana),True
D,Congreso de Tucumán,-34.5558009,-58.4622186,habil,6,720.7,Origen: la gente sale de su casa (pico a la mañana),True
D,Congreso de Tucumán,-34.5558009,-58.4622186,habil,7,2071.8,Origen: la gente sale de su casa (pico a la mañana),True
D,Congreso de Tucumán,-34.5558009,-58.4622186,habil,8,2764.0,Origen: la gente sale de su casa (pico a la mañana),True
D,Congreso de Tucumán,-34.5558009,-58.4622186,habil,9,1989.3,Origen: la gente sale de su casa (pico a la mañana),True
D,Congreso de Tucumán,-34.5558009,-58.4622186,habil,10,1188.9,Origen: la gente sale de su casa (pico a la mañana),True
D,Congreso de Tucumán,-34.5558009,-58.4622186,habil,11,1076.4,Origen: la gente sale de su casa (pico a la mañana),True
D,Congreso de Tucumán,-34.5558009,-58.4622186,habil,12,1171.6,Origen: la gente sale de su casa (pico a la mañana),True
D,Congreso de Tucumán,-34.5558009,-58.4622186,habil,13,1188.2,Origen: la gente sale de su casa (pico a la mañana),True
D,Congreso de Tucumán,-34.5558009,-58.4622186,habil,14,1009.3,Origen: la gente sale de su casa (pico a la mañana),True
D,Congreso de Tucumán,-34.5558009,-58.4622186,habil,15,1108.3,Origen: la gente sale de su casa (pico a la mañana),True
D,Congreso de Tucumán,-34.5558009,-58.4622186,habil,16,1404.7,Origen: la gente sale de su casa (pico a la mañana),True
D,Congreso de Tucumán,-34.5558009,-58.4622186,habil,17,1706.6,Origen: la gente sale de su casa (pico a la mañana),True
D,Congreso de Tucumán,-34.5558009,-58.4622186,habil,18,1620.4,Origen: la gente sale de su casa (pico a la mañana),True
D,Congreso de Tucumán,-34.5558009,-58.4622186,habil,19,813.5,Origen: la gente sale de su casa (pico a la mañana),True
D,Congreso de Tucumán,-34.5558009,-58.4622186,habil,20,526.6,Origen: la gente sale de su casa (pico a la mañana),True
D,Congreso de Tucumán,-34.5558009,-58.4622186,habil,21,298.8,Origen: la gente sale de su casa (pico a la mañana),True
D,Congreso de Tucumán,-34.5558009,-58.4622186,habil,22,143.7,Origen: la gente sale de su casa (pico a la mañana),True
D,Congreso de Tucumán,-34.5558009,-58.4622186,habil,23,31.3,Origen: la gente sale de su casa (pico a la mañana),True
D,Facultad de Medicina,-34.5997479,-58.3977392,fin_de_semana,0,0.1,Destino: la gente vuelve del trabajo (pico a la tarde),True
D,Facultad de Medicina,-34.5997479,-58.3977392,fin_de_semana,5,1.6,Destino: la gente vuelve del trabajo (pico a la tarde),True
D,Facultad de Medicina,-34.5997479,-58.3977392,fin_de_semana,6,15.9,Destino: la gente vuelve del trabajo (pico a la tarde),True
D,Facultad de Medicina,-34.5997479,-58.3977392,fin_de_semana,7,38.9,Destino: la gente vuelve del trabajo (pico a la tarde),True
D,Facultad de Medicina,-34.5997479,-58.3977392,fin_de_semana,8,79.4,Destino: la gente vuelve del trabajo (pico a la tarde),True
D,Facultad de Medicina,-34.5997479,-58.3977392,fin_de_semana,9,114.5,Destino: la gente vuelve del trabajo (pico a la tarde),True
D,Facultad de Medicina,-34.5997479,-58.3977392,fin_de_semana,10,142.4,Destino: la gente vuelve del trabajo (pico a la tarde),True
D,Facultad de Medicina,-34.5997479,-58.3977392,fin_de_semana,11,182.0,Destino: la gente vuelve del trabajo (pico a la tarde),True
D,Facultad de Medicina,-34.5997479,-58.3977392,fin_de_semana,12,221.9,Destino: la gente vuelve del trabajo (pico a la tarde),True
D,Facultad de Medicina,-34.5997479,-58.3977392,fin_de_semana,13,229.1,Destino: la gente vuelve del trabajo (pico a la tarde),True
D,Facultad de Medicina,-34.5997479,-58.3977392,fin_de_semana,14,187.7,Destino: la gente vuelve del trabajo (pico a la tarde),True
D,Facultad de Medicina,-34.5997479,-58.3977392,fin_de_semana,15,192.6,Destino: la gente vuelve del trabajo (pico a la tarde),True
D,Facultad de Medicina,-34.5997479,-58.3977392,fin_de_semana,16,201.8,Destino: la gente vuelve del trabajo (pico a la tarde),True
D,Facultad de Medicina,-34.5997479,-58.3977392,fin_de_semana,17,187.6,Destino: la gente vuelve del trabajo (pico a la tarde),True
D,Facultad de Medicina,-34.5997479,-58.3977392,fin_de_semana,18,166.5,Destino: la gente vuelve del trabajo (pico a la tarde),True
D,Facultad de Medicina,-34.5997479,-58.3977392,fin_de_semana,19,160.2,Destino: la gente vuelve del trabajo (pico a la tarde),True
D,Facultad de Medicina,-34.5997479,-58.3977392,fin_de_semana,20,139.4,Destino: la gente vuelve del trabajo (pico a la tarde),True
D,Facultad de Medicina,-34.5997479,-58.3977392,fin_de_semana,21,97.3,Destino: la gente vuelve del trabajo (pico a la tarde),True
D,Facultad de Medicina,-34.5997479,-58.3977392,fin_de_semana,22,46.0,Destino: la gente vuelve del trabajo (pico a la tarde),True
D,Facultad de Medicina,-34.5997479,-58.3977392,fin_de_semana,23,13.3,Destino: la gente vuelve del trabajo (pico a la tarde),True
D,Facultad de Medicina,-34.5997479,-58.3977392,habil,0,0.0,Destino: la gente vuelve del trabajo (pico a la tarde),True
D,Facultad de Medicina,-34.5997479,-58.3977392,habil,2,0.1,Destino: la gente vuelve del trabajo (pico a la tarde),True
D,Facultad de Medicina,-34.5997479,-58.3977392,habil,3,0.2,Destino: la gente vuelve del trabajo (pico a la tarde),True
D,Facultad de Medicina,-34.5997479,-58.3977392,habil,4,0.7,Destino: la gente vuelve del trabajo (pico a la tarde),True
D,Facultad de Medicina,-34.5997479,-58.3977392,habil,5,13.6,Destino: la gente vuelve del trabajo (pico a la tarde),True
D,Facultad de Medicina,-34.5997479,-58.3977392,habil,6,73.3,Destino: la gente vuelve del trabajo (pico a la tarde),True
D,Facultad de Medicina,-34.5997479,-58.3977392,habil,7,235.1,Destino: la gente vuelve del trabajo (pico a la tarde),True
D,Facultad de Medicina,-34.5997479,-58.3977392,habil,8,412.1,Destino: la gente vuelve del trabajo (pico a la tarde),True
D,Facultad de Medicina,-34.5997479,-58.3977392,habil,9,511.8,Destino: la gente vuelve del trabajo (pico a la tarde),True
D,Facultad de Medicina,-34.5997479,-58.3977392,habil,10,611.6,Destino: la gente vuelve del trabajo (pico a la tarde),True
D,Facultad de Medicina,-34.5997479,-58.3977392,habil,11,769.6,Destino: la gente vuelve del trabajo (pico a la tarde),True
D,Facultad de Medicina,-34.5997479,-58.3977392,habil,12,1025.6,Destino: la gente vuelve del trabajo (pico a la tarde),True
D,Facultad de Medicina,-34.5997479,-58.3977392,habil,13,878.8,Destino: la gente vuelve del trabajo (pico a la tarde),True
D,Facultad de Medicina,-34.5997479,-58.3977392,habil,14,788.9,Destino: la gente vuelve del trabajo (pico a la tarde),True
D,Facultad de Medicina,-34.5997479,-58.3977392,habil,15,897.3,Destino: la gente vuelve del trabajo (pico a la tarde),True
D,Facultad de Medicina,-34.5997479,-58.3977392,habil,16,1070.5,Destino: la gente vuelve del trabajo (pico a la tarde),True
D,Facultad de Medicina,-34.5997479,-58.3977392,habil,17,1055.0,Destino: la gente vuelve del trabajo (pico a la tarde),True
D,Facultad de Medicina,-34.5997479,-58.3977392,habil,18,946.9,Destino: la gente vuelve del trabajo (pico a la tarde),True
D,Facultad de Medicina,-34.5997479,-58.3977392,habil,19,662.8,Destino: la gente vuelve del trabajo (pico a la tarde),True
D,Facultad de Medicina,-34.5997479,-58.3977392,habil,20,674.8,Destino: la gente vuelve del trabajo (pico a la tarde),True
D,Facultad de Medicina,-34.5997479,-58.3977392,habil,21,494.3,Destino: la gente vuelve del trabajo (pico a la tarde),True
D,Facultad de Medicina,-34.5997479,-58.3977392,habil,22,249.4,Destino: la gente vuelve del trabajo (pico a la tarde),True
D,Facultad de Medicina,-34.5997479,-58.3977392,habil,23,32.0,Destino: la gente vuelve del trabajo (pico a la tarde),True
D,José Hernández,-34.566256,-58.4520698,fin_de_semana,0,0.2,Origen: la gente sale de su casa (pico a la mañana),True
D,José Hernández,-34.566256,-58.4520698,fin_de_semana,5,1.5,Origen: la gente sale de su casa (pico a la mañana),True
D,José Hernández,-34.566256,-58.4520698,fin_de_semana,6,18.6,Origen: la gente sale de su casa (pico a la mañana),True
D,José Hernández,-34.566256,-58.4520698,fin_de_semana,7,54.3,Origen: la gente sale de su casa (pico a la mañana),True
D,José Hernández,-34.566256,-58.4520698,fin_de_semana,8,97.0,Origen: la gente sale de su casa (pico a la mañana),True
D,José Hernández,-34.566256,-58.4520698,fin_de_semana,9,130.7,Origen: la gente sale de su casa (pico a la mañana),True
D,José Hernández,-34.566256,-58.4520698,fin_de_semana,10,142.8,Origen: la gente sale de su casa (pico a la mañana),True
D,José Hernández,-34.566256,-58.4520698,fin_de_semana,11,177.0,Origen: la gente sale de su casa (pico a la mañana),True
D,José Hernández,-34.566256,-58.4520698,fin_de_semana,12,222.8,Origen: la gente sale de su casa (pico a la mañana),True
D,José Hernández,-34.566256,-58.4520698,fin_de_semana,13,234.6,Origen: la gente sale de su casa (pico a la mañana),True
D,José Hernández,-34.566256,-58.4520698,fin_de_semana,14,222.9,Origen: la gente sale de su casa (pico a la mañana),True
D,José Hernández,-34.566256,-58.4520698,fin_de_semana,15,238.7,Origen: la gente sale de su casa (pico a la mañana),True
D,José Hernández,-34.566256,-58.4520698,fin_de_semana,16,260.6,Origen: la gente sale de su casa (pico a la mañana),True
D,José Hernández,-34.566256,-58.4520698,fin_de_semana,17,242.9,Origen: la gente sale de su casa (pico a la mañana),True
D,José Hernández,-34.566256,-58.4520698,fin_de_semana,18,243.8,Origen: la gente sale de su casa (pico a la mañana),True
D,José Hernández,-34.566256,-58.4520698,fin_de_semana,19,232.7,Origen: la gente sale de su casa (pico a la mañana),True
D,José Hernández,-34.566256,-58.4520698,fin_de_semana,20,205.0,Origen: la gente sale de su casa (pico a la mañana),True
D,José Hernández,-34.566256,-58.4520698,fin_de_semana,21,125.1,Origen: la gente sale de su casa (pico a la mañana),True
D,José Hernández,-34.566256,-58.4520698,fin_de_semana,22,38.2,Origen: la gente sale de su casa (pico a la mañana),True
D,José Hernández,-34.566256,-58.4520698,fin_de_semana,23,11.7,Origen: la gente sale de su casa (pico a la mañana),True
D,José Hernández,-34.566256,-58.4520698,habil,0,0.0,Origen: la gente sale de su casa (pico a la mañana),True
D,José Hernández,-34.566256,-58.4520698,habil,5,27.1,Origen: la gente sale de su casa (pico a la mañana),True
D,José Hernández,-34.566256,-58.4520698,habil,6,181.6,Origen: la gente sale de su casa (pico a la mañana),True
D,José Hernández,-34.566256,-58.4520698,habil,7,635.1,Origen: la gente sale de su casa (pico a la mañana),True
D,José Hernández,-34.566256,-58.4520698,habil,8,842.7,Origen: la gente sale de su casa (pico a la mañana),True
D,José Hernández,-34.566256,-58.4520698,habil,9,644.1,Origen: la gente sale de su casa (pico a la mañana),True
D,José Hernández,-34.566256,-58.4520698,habil,10,445.6,Origen: la gente sale de su casa (pico a la mañana),True
D,José Hernández,-34.566256,-58.4520698,habil,11,435.2,Origen: la gente sale de su casa (pico a la mañana),True
D,José Hernández,-34.566256,-58.4520698,habil,12,514.8,Origen: la gente sale de su casa (pico a la mañana),True
D,José Hernández,-34.566256,-58.4520698,habil,13,512.1,Origen: la gente sale de su casa (pico a la mañana),True
D,José Hernández,-34.566256,-58.4520698,habil,14,484.0,Origen: la gente sale de su casa (pico a la mañana),True
D,José Hernández,-34.566256,-58.4520698,habil,15,540.8,Origen: la gente sale de su casa (pico a la mañana),True
D,José Hernández,-34.566256,-58.4520698,habil,16,701.9,Origen: la gente sale de su casa (pico a la mañana),True
D,José Hernández,-34.566256,-58.4520698,habil,17,692.9,Origen: la gente sale de su casa (pico a la mañana),True
D,José Hernández,-34.566256,-58.4520698,habil,18,638.4,Origen: la gente sale de su casa (pico a la mañana),True
D,José Hernández,-34.566256,-58.4520698,habil,19,425.1,Origen: la gente sale de su casa (pico a la mañana),True
D,José Hernández,-34.566256,-58.4520698,habil,20,305.5,Origen: la gente sale de su casa (pico a la mañana),True
D,José Hernández,-34.566256,-58.4520698,habil,21,171.6,Origen: la gente sale de su casa (pico a la mañana),True
D,José Hernández,-34.566256,-58.4520698,habil,22,68.5,Origen: la gente sale de su casa (pico a la mañana),True
D,José Hernández,-34.566256,-58.4520698,habil,23,2.7,Origen: la gente sale de su casa (pico a la mañana),True
D,Juramento,-34.5624355,-58.4563786,fin_de_semana,0,0.1,Origen: la gente sale de su casa (pico a la mañana),True
D,Juramento,-34.5624355,-58.4563786,fin_de_semana,5,2.1,Origen: la gente sale de su casa (pico a la mañana),True
D,Juramento,-34.5624355,-58.4563786,fin_de_semana,6,26.1,Origen: la gente sale de su casa (pico a la mañana),True
D,Juramento,-34.5624355,-58.4563786,fin_de_semana,7,72.8,Origen: la gente sale de su casa (pico a la mañana),True
D,Juramento,-34.5624355,-58.4563786,fin_de_semana,8,139.7,Origen: la gente sale de su casa (pico a la mañana),True
D,Juramento,-34.5624355,-58.4563786,fin_de_semana,9,191.5,Origen: la gente sale de su casa (pico a la mañana),True
D,Juramento,-34.5624355,-58.4563786,fin_de_semana,10,237.3,Origen: la gente sale de su casa (pico a la mañana),True
D,Juramento,-34.5624355,-58.4563786,fin_de_semana,11,304.1,Origen: la gente sale de su casa (pico a la mañana),True
D,Juramento,-34.5624355,-58.4563786,fin_de_semana,12,389.1,Origen: la gente sale de su casa (pico a la mañana),True
D,Juramento,-34.5624355,-58.4563786,fin_de_semana,13,449.5,Origen: la gente sale de su casa (pico a la mañana),True
D,Juramento,-34.5624355,-58.4563786,fin_de_semana,14,492.4,Origen: la gente sale de su casa (pico a la mañana),True
D,Juramento,-34.5624355,-58.4563786,fin_de_semana,15,561.7,Origen: la gente sale de su casa (pico a la mañana),True
D,Juramento,-34.5624355,-58.4563786,fin_de_semana,16,653.1,Origen: la gente sale de su casa (pico a la mañana),True
D,Juramento,-34.5624355,-58.4563786,fin_de_semana,17,694.3,Origen: la gente sale de su casa (pico a la mañana),True
D,Juramento,-34.5624355,-58.4563786,fin_de_semana,18,715.2,Origen: la gente sale de su casa (pico a la mañana),True
D,Juramento,-34.5624355,-58.4563786,fin_de_semana,19,666.6,Origen: la gente sale de su casa (pico a la mañana),True
D,Juramento,-34.5624355,-58.4563786,fin_de_semana,20,585.9,Origen: la gente sale de su casa (pico a la mañana),True
D,Juramento,-34.5624355,-58.4563786,fin_de_semana,21,366.9,Origen: la gente sale de su casa (pico a la mañana),True
D,Juramento,-34.5624355,-58.4563786,fin_de_semana,22,99.7,Origen: la gente sale de su casa (pico a la mañana),True
D,Juramento,-34.5624355,-58.4563786,fin_de_semana,23,27.6,Origen: la gente sale de su casa (pico a la mañana),True
D,Juramento,-34.5624355,-58.4563786,habil,5,23.8,Origen: la gente sale de su casa (pico a la mañana),True
D,Juramento,-34.5624355,-58.4563786,habil,6,216.4,Origen: la gente sale de su casa (pico a la mañana),True
D,Juramento,-34.5624355,-58.4563786,habil,7,679.7,Origen: la gente sale de su casa (pico a la mañana),True
D,Juramento,-34.5624355,-58.4563786,habil,8,945.1,Origen: la gente sale de su casa (pico a la mañana),True
D,Juramento,-34.5624355,-58.4563786,habil,9,775.1,Origen: la gente sale de su casa (pico a la mañana),True
D,Juramento,-34.5624355,-58.4563786,habil,10,571.3,Origen: la gente sale de su casa (pico a la mañana),True
D,Juramento,-34.5624355,-58.4563786,habil,11,587.4,Origen: la gente sale de su casa (pico a la mañana),True
D,Juramento,-34.5624355,-58.4563786,habil,12,657.8,Origen: la gente sale de su casa (pico a la mañana),True
D,Juramento,-34.5624355,-58.4563786,habil,13,724.7,Origen: la gente sale de su casa (pico a la mañana),True
D,Juramento,-34.5624355,-58.4563786,habil,14,668.6,Origen: la gente sale de su casa (pico a la mañana),True
D,Juramento,-34.5624355,-58.4563786,habil,15,773.5,Origen: la gente sale de su casa (pico a la mañana),True
D,Juramento,-34.5624355,-58.4563786,habil,16,985.3,Origen: la gente sale de su casa (pico a la mañana),True
D,Juramento,-34.5624355,-58.4563786,habil,17,1089.8,Origen: la gente sale de su casa (pico a la mañana),True
D,Juramento,-34.5624355,-58.4563786,habil,18,1050.5,Origen: la gente sale de su casa (pico a la mañana),True
D,Juramento,-34.5624355,-58.4563786,habil,19,744.6,Origen: la gente sale de su casa (pico a la mañana),True
D,Juramento,-34.5624355,-58.4563786,habil,20,545.9,Origen: la gente sale de su casa (pico a la mañana),True
D,Juramento,-34.5624355,-58.4563786,habil,21,305.5,Origen: la gente sale de su casa (pico a la mañana),True
D,Juramento,-34.5624355,-58.4563786,habil,22,148.1,Origen: la gente sale de su casa (pico a la mañana),True
D,Juramento,-34.5624355,-58.4563786,habil,23,2.3,Origen: la gente sale de su casa (pico a la mañana),True
D,Ministro Carranza,-34.5752014,-58.4346817,fin_de_semana,0,0.2,Origen: la gente sale de su casa (pico a la mañana),True
D,Ministro Carranza,-34.5752014,-58.4346817,fin_de_semana,5,1.0,Origen: la gente sale de su casa (pico a la mañana),True
D,Ministro Carranza,-34.5752014,-58.4346817,fin_de_semana,6,13.3,Origen: la gente sale de su casa (pico a la mañana),True
D,Ministro Carranza,-34.5752014,-58.4346817,fin_de_semana,7,40.4,Origen: la gente sale de su casa (pico a la mañana),True
D,Ministro Carranza,-34.5752014,-58.4346817,fin_de_semana,8,81.7,Origen: la gente sale de su casa (pico a la mañana),True
D,Ministro Carranza,-34.5752014,-58.4346817,fin_de_semana,9,125.5,Origen: la gente sale de su casa (pico a la mañana),True
D,Ministro Carranza,-34.5752014,-58.4346817,fin_de_semana,10,156.8,Origen: la gente sale de su casa (pico a la mañana),True
D,Ministro Carranza,-34.5752014,-58.4346817,fin_de_semana,11,196.3,Origen: la gente sale de su casa (pico a la mañana),True
D,Ministro Carranza,-34.5752014,-58.4346817,fin_de_semana,12,235.2,Origen: la gente sale de su casa (pico a la mañana),True
D,Ministro Carranza,-34.5752014,-58.4346817,fin_de_semana,13,225.8,Origen: la gente sale de su casa (pico a la mañana),True
D,Ministro Carranza,-34.5752014,-58.4346817,fin_de_semana,14,216.1,Origen: la gente sale de su casa (pico a la mañana),True
D,Ministro Carranza,-34.5752014,-58.4346817,fin_de_semana,15,244.6,Origen: la gente sale de su casa (pico a la mañana),True
D,Ministro Carranza,-34.5752014,-58.4346817,fin_de_semana,16,255.7,Origen: la gente sale de su casa (pico a la mañana),True
D,Ministro Carranza,-34.5752014,-58.4346817,fin_de_semana,17,261.1,Origen: la gente sale de su casa (pico a la mañana),True
D,Ministro Carranza,-34.5752014,-58.4346817,fin_de_semana,18,247.4,Origen: la gente sale de su casa (pico a la mañana),True
D,Ministro Carranza,-34.5752014,-58.4346817,fin_de_semana,19,213.3,Origen: la gente sale de su casa (pico a la mañana),True
D,Ministro Carranza,-34.5752014,-58.4346817,fin_de_semana,20,180.3,Origen: la gente sale de su casa (pico a la mañana),True
D,Ministro Carranza,-34.5752014,-58.4346817,fin_de_semana,21,118.9,Origen: la gente sale de su casa (pico a la mañana),True
D,Ministro Carranza,-34.5752014,-58.4346817,fin_de_semana,22,38.8,Origen: la gente sale de su casa (pico a la mañana),True
D,Ministro Carranza,-34.5752014,-58.4346817,fin_de_semana,23,10.9,Origen: la gente sale de su casa (pico a la mañana),True
D,Ministro Carranza,-34.5752014,-58.4346817,habil,0,0.0,Origen: la gente sale de su casa (pico a la mañana),True
D,Ministro Carranza,-34.5752014,-58.4346817,habil,4,0.0,Origen: la gente sale de su casa (pico a la mañana),True
D,Ministro Carranza,-34.5752014,-58.4346817,habil,5,15.4,Origen: la gente sale de su casa (pico a la mañana),True
D,Ministro Carranza,-34.5752014,-58.4346817,habil,6,137.0,Origen: la gente sale de su casa (pico a la mañana),True
D,Ministro Carranza,-34.5752014,-58.4346817,habil,7,553.4,Origen: la gente sale de su casa (pico a la mañana),True
D,Ministro Carranza,-34.5752014,-58.4346817,habil,8,786.8,Origen: la gente sale de su casa (pico a la mañana),True
D,Ministro Carranza,-34.5752014,-58.4346817,habil,9,670.6,Origen: la gente sale de su casa (pico a la mañana),True
D,Ministro Carranza,-34.5752014,-58.4346817,habil,10,464.1,Origen: la gente sale de su casa (pico a la mañana),True
D,Ministro Carranza,-34.5752014,-58.4346817,habil,11,440.0,Origen: la gente sale de su casa (pico a la mañana),True
D,Ministro Carranza,-34.5752014,-58.4346817,habil,12,529.6,Origen: la gente sale de su casa (pico a la mañana),True
D,Ministro Carranza,-34.5752014,-58.4346817,habil,13,535.8,Origen: la gente sale de su casa (pico a la mañana),True
D,Ministro Carranza,-34.5752014,-58.4346817,habil,14,462.4,Origen: la gente sale de su casa (pico a la mañana),True
D,Ministro Carranza,-34.5752014,-58.4346817,habil,15,504.4,Origen: la gente sale de su casa (pico a la mañana),True
D,Ministro Carranza,-34.5752014,-58.4346817,habil,16,619.1,Origen: la gente sale de su casa (pico a la mañana),True
D,Ministro Carranza,-34.5752014,-58.4346817,habil,17,765.4,Origen: la gente sale de su casa (pico a la mañana),True
D,Ministro Carranza,-34.5752014,-58.4346817,habil,18,679.3,Origen: la gente sale de su casa (pico a la mañana),True
D,Ministro Carranza,-34.5752014,-58.4346817,habil,19,377.8,Origen: la gente sale de su casa (pico a la mañana),True
D,Ministro Carranza,-34.5752014,-58.4346817,habil,20,264.9,Origen: la gente sale de su casa (pico a la mañana),True
D,Ministro Carranza,-34.5752014,-58.4346817,habil,21,165.9,Origen: la gente sale de su casa (pico a la mañana),True
D,Ministro Carranza,-34.5752014,-58.4346817,habil,22,77.8,Origen: la gente sale de su casa (pico a la mañana),True
D,Ministro Carranza,-34.5752014,-58.4346817,habil,23,6.3,Origen: la gente sale de su casa (pico a la mañana),True
D,Olleros,-34.5702528,-58.4443609,fin_de_semana,0,0.1,Origen: la gente sale de su casa (pico a la mañana),True
D,Olleros,-34.5702528,-58.4443609,fin_de_semana,1,0.0,Origen: la gente sale de su casa (pico a la mañana),True
D,Olleros,-34.5702528,-58.4443609,fin_de_semana,5,0.8,Origen: la gente sale de su casa (pico a la mañana),True
D,Olleros,-34.5702528,-58.4443609,fin_de_semana,6,16.9,Origen: la gente sale de su casa (pico a la mañana),True
D,Olleros,-34.5702528,-58.4443609,fin_de_semana,7,46.1,Origen: la gente sale de su casa (pico a la mañana),True
D,Olleros,-34.5702528,-58.4443609,fin_de_semana,8,86.5,Origen: la gente sale de su casa (pico a la mañana),True
D,Olleros,-34.5702528,-58.4443609,fin_de_semana,9,120.0,Origen: la gente sale de su casa (pico a la mañana),True
D,Olleros,-34.5702528,-58.4443609,fin_de_semana,10,150.8,Origen: la gente sale de su casa (pico a la mañana),True
D,Olleros,-34.5702528,-58.4443609,fin_de_semana,11,194.3,Origen: la gente sale de su casa (pico a la mañana),True
D,Olleros,-34.5702528,-58.4443609,fin_de_semana,12,235.3,Origen: la gente sale de su casa (pico a la mañana),True
D,Olleros,-34.5702528,-58.4443609,fin_de_semana,13,239.2,Origen: la gente sale de su casa (pico a la mañana),True
D,Olleros,-34.5702528,-58.4443609,fin_de_semana,14,228.5,Origen: la gente sale de su casa (pico a la mañana),True
D,Olleros,-34.5702528,-58.4443609,fin_de_semana,15,244.8,Origen: la gente sale de su casa (pico a la mañana),True
D,Olleros,-34.5702528,-58.4443609,fin_de_semana,16,262.7,Origen: la gente sale de su casa (pico a la mañana),True
D,Olleros,-34.5702528,-58.4443609,fin_de_semana,17,253.2,Origen: la gente sale de su casa (pico a la mañana),True
D,Olleros,-34.5702528,-58.4443609,fin_de_semana,18,245.5,Origen: la gente sale de su casa (pico a la mañana),True
D,Olleros,-34.5702528,-58.4443609,fin_de_semana,19,235.8,Origen: la gente sale de su casa (pico a la mañana),True
D,Olleros,-34.5702528,-58.4443609,fin_de_semana,20,204.5,Origen: la gente sale de su casa (pico a la mañana),True
D,Olleros,-34.5702528,-58.4443609,fin_de_semana,21,125.5,Origen: la gente sale de su casa (pico a la mañana),True
D,Olleros,-34.5702528,-58.4443609,fin_de_semana,22,45.3,Origen: la gente sale de su casa (pico a la mañana),True
D,Olleros,-34.5702528,-58.4443609,fin_de_semana,23,10.7,Origen: la gente sale de su casa (pico a la mañana),True
D,Olleros,-34.5702528,-58.4443609,habil,0,0.0,Origen: la gente sale de su casa (pico a la mañana),True
D,Olleros,-34.5702528,-58.4443609,habil,1,0.0,Origen: la gente sale de su casa (pico a la mañana),True
D,Olleros,-34.5702528,-58.4443609,habil,5,15.3,Origen: la gente sale de su casa (pico a la mañana),True
D,Olleros,-34.5702528,-58.4443609,habil,6,144.3,Origen: la gente sale de su casa (pico a la mañana),True
D,Olleros,-34.5702528,-58.4443609,habil,7,520.0,Origen: la gente sale de su casa (pico a la mañana),True
D,Olleros,-34.5702528,-58.4443609,habil,8,770.0,Origen: la gente sale de su casa (pico a la mañana),True
D,Olleros,-34.5702528,-58.4443609,habil,9,625.4,Origen: la gente sale de su casa (pico a la mañana),True
D,Olleros,-34.5702528,-58.4443609,habil,10,440.0,Origen: la gente sale de su casa (pico a la mañana),True
D,Olleros,-34.5702528,-58.4443609,habil,11,445.9,Origen: la gente sale de su casa (pico a la mañana),True
D,Olleros,-34.5702528,-58.4443609,habil,12,515.6,Origen: la gente sale de su casa (pico a la mañana),True
D,Olleros,-34.5702528,-58.4443609,habil,13,523.6,Origen: la gente sale de su casa (pico a la mañana),True
D,Olleros,-34.5702528,-58.4443609,habil,14,476.0,Origen: la gente sale de su casa (pico a la mañana),True
D,Olleros,-34.5702528,-58.4443609,habil,15,532.4,Origen: la gente sale de su casa (pico a la mañana),True
D,Olleros,-34.5702528,-58.4443609,habil,16,692.0,Origen: la gente sale de su casa (pico a la mañana),True
D,Olleros,-34.5702528,-58.4443609,habil,17,748.8,Origen: la gente sale de su casa (pico a la mañana),True
D,Olleros,-34.5702528,-58.4443609,habil,18,633.2,Origen: la gente sale de su casa (pico a la mañana),True
D,Olleros,-34.5702528,-58.4443609,habil,19,430.2,Origen: la gente sale de su casa (pico a la mañana),True
D,Olleros,-34.5702528,-58.4443609,habil,20,323.8,Origen: la gente sale de su casa (pico a la mañana),True
D,Olleros,-34.5702528,-58.4443609,habil,21,173.5,Origen: la gente sale de su casa (pico a la mañana),True
D,Olleros,-34.5702528,-58.4443609,habil,22,85.4,Origen: la gente sale de su casa (pico a la mañana),True
D,Olleros,-34.5702528,-58.4443609,habil,23,5.1,Origen: la gente sale de su casa (pico a la mañana),True
D,Palermo,-34.5784903,-58.4256173,fin_de_semana,0,0.4,Origen: la gente sale de su casa (pico a la mañana),True
D,Palermo,-34.5784903,-58.4256173,fin_de_semana,1,0.0,Origen: la gente sale de su casa (pico a la mañana),True
D,Palermo,-34.5784903,-58.4256173,fin_de_semana,2,0.0,Origen: la gente sale de su casa (pico a la mañana),True
D,Palermo,-34.5784903,-58.4256173,fin_de_semana,5,3.0,Origen: la gente sale de su casa (pico a la mañana),True
D,Palermo,-34.5784903,-58.4256173,fin_de_semana,6,48.6,Origen: la gente sale de su casa (pico a la mañana),True
D,Palermo,-34.5784903,-58.4256173,fin_de_semana,7,85.6,Origen: la gente sale de su casa (pico a la mañana),True
D,Palermo,-34.5784903,-58.4256173,fin_de_semana,8,140.2,Origen: la gente sale de su casa (pico a la mañana),True
D,Palermo,-34.5784903,-58.4256173,fin_de_semana,9,182.4,Origen: la gente sale de su casa (pico a la mañana),True
D,Palermo,-34.5784903,-58.4256173,fin_de_semana,10,217.4,Origen: la gente sale de su casa (pico a la mañana),True
D,Palermo,-34.5784903,-58.4256173,fin_de_semana,11,267.2,Origen: la gente sale de su casa (pico a la mañana),True
D,Palermo,-34.5784903,-58.4256173,fin_de_semana,12,338.1,Origen: la gente sale de su casa (pico a la mañana),True
D,Palermo,-34.5784903,-58.4256173,fin_de_semana,13,371.7,Origen: la gente sale de su casa (pico a la mañana),True
D,Palermo,-34.5784903,-58.4256173,fin_de_semana,14,382.9,Origen: la gente sale de su casa (pico a la mañana),True
D,Palermo,-34.5784903,-58.4256173,fin_de_semana,15,445.6,Origen: la gente sale de su casa (pico a la mañana),True
D,Palermo,-34.5784903,-58.4256173,fin_de_semana,16,509.0,Origen: la gente sale de su casa (pico a la mañana),True
D,Palermo,-34.5784903,-58.4256173,fin_de_semana,17,567.4,Origen: la gente sale de su casa (pico a la mañana),True
D,Palermo,-34.5784903,-58.4256173,fin_de_semana,18,624.2,Origen: la gente sale de su casa (pico a la mañana),True
D,Palermo,-34.5784903,-58.4256173,fin_de_semana,19,555.1,Origen: la gente sale de su casa (pico a la mañana),True
D,Palermo,-34.5784903,-58.4256173,fin_de_semana,20,442.6,Origen: la gente sale de su casa (pico a la mañana),True
D,Palermo,-34.5784903,-58.4256173,fin_de_semana,21,323.1,Origen: la gente sale de su casa (pico a la mañana),True
D,Palermo,-34.5784903,-58.4256173,fin_de_semana,22,96.0,Origen: la gente sale de su casa (pico a la mañana),True
D,Palermo,-34.5784903,-58.4256173,fin_de_semana,23,25.1,Origen: la gente sale de su casa (pico a la mañana),True
D,Palermo,-34.5784903,-58.4256173,habil,0,0.0,Origen: la gente sale de su casa (pico a la mañana),True
D,Palermo,-34.5784903,-58.4256173,habil,1,0.0,Origen: la gente sale de su casa (pico a la mañana),True
D,Palermo,-34.5784903,-58.4256173,habil,2,0.0,Origen: la gente sale de su casa (pico a la mañana),True
D,Palermo,-34.5784903,-58.4256173,habil,5,32.1,Origen: la gente sale de su casa (pico a la mañana),True
D,Palermo,-34.5784903,-58.4256173,habil,6,187.1,Origen: la gente sale de su casa (pico a la mañana),True
D,Palermo,-34.5784903,-58.4256173,habil,7,509.0,Origen: la gente sale de su casa (pico a la mañana),True
D,Palermo,-34.5784903,-58.4256173,habil,8,755.8,Origen: la gente sale de su casa (pico a la mañana),True
D,Palermo,-34.5784903,-58.4256173,habil,9,692.3,Origen: la gente sale de su casa (pico a la mañana),True
D,Palermo,-34.5784903,-58.4256173,habil,10,516.2,Origen: la gente sale de su casa (pico a la mañana),True
D,Palermo,-34.5784903,-58.4256173,habil,11,518.6,Origen: la gente sale de su casa (pico a la mañana),True
D,Palermo,-34.5784903,-58.4256173,habil,12,588.0,Origen: la gente sale de su casa (pico a la mañana),True
D,Palermo,-34.5784903,-58.4256173,habil,13,625.8,Origen: la gente sale de su casa (pico a la mañana),True
D,Palermo,-34.5784903,-58.4256173,habil,14,608.7,Origen: la gente sale de su casa (pico a la mañana),True
D,Palermo,-34.5784903,-58.4256173,habil,15,691.1,Origen: la gente sale de su casa (pico a la mañana),True
D,Palermo,-34.5784903,-58.4256173,habil,16,863.4,Origen: la gente sale de su casa (pico a la mañana),True
D,Palermo,-34.5784903,-58.4256173,habil,17,1010.4,Origen: la gente sale de su casa (pico a la mañana),True
D,Palermo,-34.5784903,-58.4256173,habil,18,904.1,Origen: la gente sale de su casa (pico a la mañana),True
D,Palermo,-34.5784903,-58.4256173,habil,19,559.0,Origen: la gente sale de su casa (pico a la mañana),True
D,Palermo,-34.5784903,-58.4256173,habil,20,414.8,Origen: la gente sale de su casa (pico a la mañana),True
D,Palermo,-34.5784903,-58.4256173,habil,21,315.8,Origen: la gente sale de su casa (pico a la mañana),True
D,Palermo,-34.5784903,-58.4256173,habil,22,135.9,Origen: la gente sale de su casa (pico a la mañana),True
D,Palermo,-34.5784903,-58.4256173,habil,23,13.2,Origen: la gente sale de su casa (pico a la mañana),True
D,Plaza Italia,-34.5814551,-58.4211107,fin_de_semana,0,0.2,Destino: la gente vuelve del trabajo (pico a la tarde),True
D,Plaza Italia,-34.5814551,-58.4211107,fin_de_semana,5,0.5,Destino: la gente vuelve del trabajo (pico a la tarde),True
D,Plaza Italia,-34.5814551,-58.4211107,fin_de_semana,6,13.2,Destino: la gente vuelve del trabajo (pico a la tarde),True
D,Plaza Italia,-34.5814551,-58.4211107,fin_de_semana,7,28.6,Destino: la gente vuelve del trabajo (pico a la tarde),True
D,Plaza Italia,-34.5814551,-58.4211107,fin_de_semana,8,50.0,Destino: la gente vuelve del trabajo (pico a la tarde),True
D,Plaza Italia,-34.5814551,-58.4211107,fin_de_semana,9,72.4,Destino: la gente vuelve del trabajo (pico a la tarde),True
D,Plaza Italia,-34.5814551,-58.4211107,fin_de_semana,10,96.0,Destino: la gente vuelve del trabajo (pico a la tarde),True
D,Plaza Italia,-34.5814551,-58.4211107,fin_de_semana,11,123.4,Destino: la gente vuelve del trabajo (pico a la tarde),True
D,Plaza Italia,-34.5814551,-58.4211107,fin_de_semana,12,159.1,Destino: la gente vuelve del trabajo (pico a la tarde),True
D,Plaza Italia,-34.5814551,-58.4211107,fin_de_semana,13,189.8,Destino: la gente vuelve del trabajo (pico a la tarde),True
D,Plaza Italia,-34.5814551,-58.4211107,fin_de_semana,14,203.9,Destino: la gente vuelve del trabajo (pico a la tarde),True
D,Plaza Italia,-34.5814551,-58.4211107,fin_de_semana,15,271.3,Destino: la gente vuelve del trabajo (pico a la tarde),True
D,Plaza Italia,-34.5814551,-58.4211107,fin_de_semana,16,355.7,Destino: la gente vuelve del trabajo (pico a la tarde),True
D,Plaza Italia,-34.5814551,-58.4211107,fin_de_semana,17,437.0,Destino: la gente vuelve del trabajo (pico a la tarde),True
D,Plaza Italia,-34.5814551,-58.4211107,fin_de_semana,18,439.8,Destino: la gente vuelve del trabajo (pico a la tarde),True
D,Plaza Italia,-34.5814551,-58.4211107,fin_de_semana,19,369.6,Destino: la gente vuelve del trabajo (pico a la tarde),True
D,Plaza Italia,-34.5814551,-58.4211107,fin_de_semana,20,291.8,Destino: la gente vuelve del trabajo (pico a la tarde),True
D,Plaza Italia,-34.5814551,-58.4211107,fin_de_semana,21,156.7,Destino: la gente vuelve del trabajo (pico a la tarde),True
D,Plaza Italia,-34.5814551,-58.4211107,fin_de_semana,22,64.3,Destino: la gente vuelve del trabajo (pico a la tarde),True
D,Plaza Italia,-34.5814551,-58.4211107,fin_de_semana,23,15.3,Destino: la gente vuelve del trabajo (pico a la tarde),True
D,Plaza Italia,-34.5814551,-58.4211107,habil,0,0.0,Destino: la gente vuelve del trabajo (pico a la tarde),True
D,Plaza Italia,-34.5814551,-58.4211107,habil,1,0.0,Destino: la gente vuelve del trabajo (pico a la tarde),True
D,Plaza Italia,-34.5814551,-58.4211107,habil,3,0.0,Destino: la gente vuelve del trabajo (pico a la tarde),True
D,Plaza Italia,-34.5814551,-58.4211107,habil,5,10.8,Destino: la gente vuelve del trabajo (pico a la tarde),True
D,Plaza Italia,-34.5814551,-58.4211107,habil,6,70.7,Destino: la gente vuelve del trabajo (pico a la tarde),True
D,Plaza Italia,-34.5814551,-58.4211107,habil,7,210.8,Destino: la gente vuelve del trabajo (pico a la tarde),True
D,Plaza Italia,-34.5814551,-58.4211107,habil,8,298.6,Destino: la gente vuelve del trabajo (pico a la tarde),True
D,Plaza Italia,-34.5814551,-58.4211107,habil,9,278.8,Destino: la gente vuelve del trabajo (pico a la tarde),True
D,Plaza Italia,-34.5814551,-58.4211107,habil,10,216.4,Destino: la gente vuelve del trabajo (pico a la tarde),True
D,Plaza Italia,-34.5814551,-58.4211107,habil,11,213.4,Destino: la gente vuelve del trabajo (pico a la tarde),True
D,Plaza Italia,-34.5814551,-58.4211107,habil,12,254.2,Destino: la gente vuelve del trabajo (pico a la tarde),True
D,Plaza Italia,-34.5814551,-58.4211107,habil,13,273.0,Destino: la gente vuelve del trabajo (pico a la tarde),True
D,Plaza Italia,-34.5814551,-58.4211107,habil,14,278.4,Destino: la gente vuelve del trabajo (pico a la tarde),True
D,Plaza Italia,-34.5814551,-58.4211107,habil,15,336.3,Destino: la gente vuelve del trabajo (pico a la tarde),True
D,Plaza Italia,-34.5814551,-58.4211107,habil,16,455.9,Destino: la gente vuelve del trabajo (pico a la tarde),True
D,Plaza Italia,-34.5814551,-58.4211107,habil,17,497.9,Destino: la gente vuelve del trabajo (pico a la tarde),True
D,Plaza Italia,-34.5814551,-58.4211107,habil,18,456.0,Destino: la gente vuelve del trabajo (pico a la tarde),True
D,Plaza Italia,-34.5814551,-58.4211107,habil,19,318.1,Destino: la gente vuelve del trabajo (pico a la tarde),True
D,Plaza Italia,-34.5814551,-58.4211107,habil,20,239.6,Destino: la gente vuelve del trabajo (pico a la tarde),True
D,Plaza Italia,-34.5814551,-58.4211107,habil,21,138.4,Destino: la gente vuelve del trabajo (pico a la tarde),True
D,Plaza Italia,-34.5814551,-58.4211107,habil,22,77.7,Destino: la gente vuelve del trabajo (pico a la tarde),True
D,Plaza Italia,-34.5814551,-58.4211107,habil,23,6.7,Destino: la gente vuelve del trabajo (pico a la tarde),True
D,Pueyrredón (D),-34.5949245,-58.4031408,fin_de_semana,0,0.0,Origen: la gente sale de su casa (pico a la mañana),True
D,Pueyrredón (D),-34.5949245,-58.4031408,fin_de_semana,1,0.0,Origen: la gente sale de su casa (pico a la mañana),True
D,Pueyrredón (D),-34.5949245,-58.4031408,fin_de_semana,5,0.5,Origen: la gente sale de su casa (pico a la mañana),True
D,Pueyrredón (D),-34.5949245,-58.4031408,fin_de_semana,6,8.7,Origen: la gente sale de su casa (pico a la mañana),True
D,Pueyrredón (D),-34.5949245,-58.4031408,fin_de_semana,7,25.0,Origen: la gente sale de su casa (pico a la mañana),True
D,Pueyrredón (D),-34.5949245,-58.4031408,fin_de_semana,8,52.3,Origen: la gente sale de su casa (pico a la mañana),True
D,Pueyrredón (D),-34.5949245,-58.4031408,fin_de_semana,9,75.3,Origen: la gente sale de su casa (pico a la mañana),True
D,Pueyrredón (D),-34.5949245,-58.4031408,fin_de_semana,10,99.5,Origen: la gente sale de su casa (pico a la mañana),True
D,Pueyrredón (D),-34.5949245,-58.4031408,fin_de_semana,11,127.0,Origen: la gente sale de su casa (pico a la mañana),True
D,Pueyrredón (D),-34.5949245,-58.4031408,fin_de_semana,12,151.2,Origen: la gente sale de su casa (pico a la mañana),True
D,Pueyrredón (D),-34.5949245,-58.4031408,fin_de_semana,13,149.7,Origen: la gente sale de su casa (pico a la mañana),True
D,Pueyrredón (D),-34.5949245,-58.4031408,fin_de_semana,14,140.0,Origen: la gente sale de su casa (pico a la mañana),True
D,Pueyrredón (D),-34.5949245,-58.4031408,fin_de_semana,15,145.1,Origen: la gente sale de su casa (pico a la mañana),True
D,Pueyrredón (D),-34.5949245,-58.4031408,fin_de_semana,16,152.6,Origen: la gente sale de su casa (pico a la mañana),True
D,Pueyrredón (D),-34.5949245,-58.4031408,fin_de_semana,17,143.6,Origen: la gente sale de su casa (pico a la mañana),True
D,Pueyrredón (D),-34.5949245,-58.4031408,fin_de_semana,18,142.5,Origen: la gente sale de su casa (pico a la mañana),True
D,Pueyrredón (D),-34.5949245,-58.4031408,fin_de_semana,19,132.2,Origen: la gente sale de su casa (pico a la mañana),True
D,Pueyrredón (D),-34.5949245,-58.4031408,fin_de_semana,20,114.6,Origen: la gente sale de su casa (pico a la mañana),True
D,Pueyrredón (D),-34.5949245,-58.4031408,fin_de_semana,21,74.9,Origen: la gente sale de su casa (pico a la mañana),True
D,Pueyrredón (D),-34.5949245,-58.4031408,fin_de_semana,22,24.6,Origen: la gente sale de su casa (pico a la mañana),True
D,Pueyrredón (D),-34.5949245,-58.4031408,fin_de_semana,23,5.8,Origen: la gente sale de su casa (pico a la mañana),True
D,Pueyrredón (D),-34.5949245,-58.4031408,habil,0,0.0,Origen: la gente sale de su casa (pico a la mañana),True
D,Pueyrredón (D),-34.5949245,-58.4031408,habil,2,0.0,Origen: la gente sale de su casa (pico a la mañana),True
D,Pueyrredón (D),-34.5949245,-58.4031408,habil,5,6.6,Origen: la gente sale de su casa (pico a la mañana),True
D,Pueyrredón (D),-34.5949245,-58.4031408,habil,6,59.6,Origen: la gente sale de su casa (pico a la mañana),True
D,Pueyrredón (D),-34.5949245,-58.4031408,habil,7,294.1,Origen: la gente sale de su casa (pico a la mañana),True
D,Pueyrredón (D),-34.5949245,-58.4031408,habil,8,435.5,Origen: la gente sale de su casa (pico a la mañana),True
D,Pueyrredón (D),-34.5949245,-58.4031408,habil,9,453.7,Origen: la gente sale de su casa (pico a la mañana),True
D,Pueyrredón (D),-34.5949245,-58.4031408,habil,10,345.6,Origen: la gente sale de su casa (pico a la mañana),True
D,Pueyrredón (D),-34.5949245,-58.4031408,habil,11,351.5,Origen: la gente sale de su casa (pico a la mañana),True
D,Pueyrredón (D),-34.5949245,-58.4031408,habil,12,405.4,Origen: la gente sale de su casa (pico a la mañana),True
D,Pueyrredón (D),-34.5949245,-58.4031408,habil,13,420.4,Origen: la gente sale de su casa (pico a la mañana),True
D,Pueyrredón (D),-34.5949245,-58.4031408,habil,14,421.4,Origen: la gente sale de su casa (pico a la mañana),True
D,Pueyrredón (D),-34.5949245,-58.4031408,habil,15,449.2,Origen: la gente sale de su casa (pico a la mañana),True
D,Pueyrredón (D),-34.5949245,-58.4031408,habil,16,523.6,Origen: la gente sale de su casa (pico a la mañana),True
D,Pueyrredón (D),-34.5949245,-58.4031408,habil,17,530.2,Origen: la gente sale de su casa (pico a la mañana),True
D,Pueyrredón (D),-34.5949245,-58.4031408,habil,18,472.4,Origen: la gente sale de su casa (pico a la mañana),True
D,Pueyrredón (D),-34.5949245,-58.4031408,habil,19,338.0,Origen: la gente sale de su casa (pico a la mañana),True
D,Pueyrredón (D),-34.5949245,-58.4031408,habil,20,252.9,Origen: la gente sale de su casa (pico a la mañana),True
D,Pueyrredón (D),-34.5949245,-58.4031408,habil,21,136.1,Origen: la gente sale de su casa (pico a la mañana),True
D,Pueyrredón (D),-34.5949245,-58.4031408,habil,22,61.4,Origen: la gente sale de su casa (pico a la mañana),True
D,Pueyrredón (D),-34.5949245,-58.4031408,habil,23,9.3,Origen: la gente sale de su casa (pico a la mañana),True
D,Scalabrini Ortiz,-34.5851659,-58.4158912,fin_de_semana,0,0.4,Origen: la gente sale de su casa (pico a la mañana),True
D,Scalabrini Ortiz,-34.5851659,-58.4158912,fin_de_semana,5,0.9,Origen: la gente sale de su casa (pico a la mañana),True
D,Scalabrini Ortiz,-34.5851659,-58.4158912,fin_de_semana,6,17.7,Origen: la gente sale de su casa (pico a la mañana),True
D,Scalabrini Ortiz,-34.5851659,-58.4158912,fin_de_semana,7,45.4,Origen: la gente sale de su casa (pico a la mañana),True
D,Scalabrini Ortiz,-34.5851659,-58.4158912,fin_de_semana,8,81.8,Origen: la gente sale de su casa (pico a la mañana),True
D,Scalabrini Ortiz,-34.5851659,-58.4158912,fin_de_semana,9,118.0,Origen: la gente sale de su casa (pico a la mañana),True
D,Scalabrini Ortiz,-34.5851659,-58.4158912,fin_de_semana,10,154.4,Origen: la gente sale de su casa (pico a la mañana),True
D,Scalabrini Ortiz,-34.5851659,-58.4158912,fin_de_semana,11,190.2,Origen: la gente sale de su casa (pico a la mañana),True
D,Scalabrini Ortiz,-34.5851659,-58.4158912,fin_de_semana,12,230.0,Origen: la gente sale de su casa (pico a la mañana),True
D,Scalabrini Ortiz,-34.5851659,-58.4158912,fin_de_semana,13,238.2,Origen: la gente sale de su casa (pico a la mañana),True
D,Scalabrini Ortiz,-34.5851659,-58.4158912,fin_de_semana,14,248.1,Origen: la gente sale de su casa (pico a la mañana),True
D,Scalabrini Ortiz,-34.5851659,-58.4158912,fin_de_semana,15,282.2,Origen: la gente sale de su casa (pico a la mañana),True
D,Scalabrini Ortiz,-34.5851659,-58.4158912,fin_de_semana,16,331.0,Origen: la gente sale de su casa (pico a la mañana),True
D,Scalabrini Ortiz,-34.5851659,-58.4158912,fin_de_semana,17,355.0,Origen: la gente sale de su casa (pico a la mañana),True
D,Scalabrini Ortiz,-34.5851659,-58.4158912,fin_de_semana,18,369.1,Origen: la gente sale de su casa (pico a la mañana),True
D,Scalabrini Ortiz,-34.5851659,-58.4158912,fin_de_semana,19,324.3,Origen: la gente sale de su casa (pico a la mañana),True
D,Scalabrini Ortiz,-34.5851659,-58.4158912,fin_de_semana,20,261.2,Origen: la gente sale de su casa (pico a la mañana),True
D,Scalabrini Ortiz,-34.5851659,-58.4158912,fin_de_semana,21,160.3,Origen: la gente sale de su casa (pico a la mañana),True
D,Scalabrini Ortiz,-34.5851659,-58.4158912,fin_de_semana,22,66.0,Origen: la gente sale de su casa (pico a la mañana),True
D,Scalabrini Ortiz,-34.5851659,-58.4158912,fin_de_semana,23,18.6,Origen: la gente sale de su casa (pico a la mañana),True
D,Scalabrini Ortiz,-34.5851659,-58.4158912,habil,4,0.0,Origen: la gente sale de su casa (pico a la mañana),True
D,Scalabrini Ortiz,-34.5851659,-58.4158912,habil,5,12.3,Origen: la gente sale de su casa (pico a la mañana),True
D,Scalabrini Ortiz,-34.5851659,-58.4158912,habil,6,100.6,Origen: la gente sale de su casa (pico a la mañana),True
D,Scalabrini Ortiz,-34.5851659,-58.4158912,habil,7,480.0,Origen: la gente sale de su casa (pico a la mañana),True
D,Scalabrini Ortiz,-34.5851659,-58.4158912,habil,8,654.8,Origen: la gente sale de su casa (pico a la mañana),True
D,Scalabrini Ortiz,-34.5851659,-58.4158912,habil,9,553.0,Origen: la gente sale de su casa (pico a la mañana),True
D,Scalabrini Ortiz,-34.5851659,-58.4158912,habil,10,389.6,Origen: la gente sale de su casa (pico a la mañana),True
D,Scalabrini Ortiz,-34.5851659,-58.4158912,habil,11,375.4,Origen: la gente sale de su casa (pico a la mañana),True
D,Scalabrini Ortiz,-34.5851659,-58.4158912,habil,12,474.5,Origen: la gente sale de su casa (pico a la mañana),True
D,Scalabrini Ortiz,-34.5851659,-58.4158912,habil,13,515.2,Origen: la gente sale de su casa (pico a la mañana),True
D,Scalabrini Ortiz,-34.5851659,-58.4158912,habil,14,443.4,Origen: la gente sale de su casa (pico a la mañana),True
D,Scalabrini Ortiz,-34.5851659,-58.4158912,habil,15,514.1,Origen: la gente sale de su casa (pico a la mañana),True
D,Scalabrini Ortiz,-34.5851659,-58.4158912,habil,16,677.2,Origen: la gente sale de su casa (pico a la mañana),True
D,Scalabrini Ortiz,-34.5851659,-58.4158912,habil,17,714.2,Origen: la gente sale de su casa (pico a la mañana),True
D,Scalabrini Ortiz,-34.5851659,-58.4158912,habil,18,630.4,Origen: la gente sale de su casa (pico a la mañana),True
D,Scalabrini Ortiz,-34.5851659,-58.4158912,habil,19,434.6,Origen: la gente sale de su casa (pico a la mañana),True
D,Scalabrini Ortiz,-34.5851659,-58.4158912,habil,20,312.4,Origen: la gente sale de su casa (pico a la mañana),True
D,Scalabrini Ortiz,-34.5851659,-58.4158912,habil,21,178.5,Origen: la gente sale de su casa (pico a la mañana),True
D,Scalabrini Ortiz,-34.5851659,-58.4158912,habil,22,95.1,Origen: la gente sale de su casa (pico a la mañana),True
D,Scalabrini Ortiz,-34.5851659,-58.4158912,habil,23,14.7,Origen: la gente sale de su casa (pico a la mañana),True
D,Tribunales - Teatro Colón,-34.6014395,-58.3848777,fin_de_semana,2,0.0,Destino: la gente vuelve del trabajo (pico a la tarde),True
D,Tribunales - Teatro Colón,-34.6014395,-58.3848777,fin_de_semana,3,0.0,Destino: la gente vuelve del trabajo (pico a la tarde),True
D,Tribunales - Teatro Colón,-34.6014395,-58.3848777,fin_de_semana,4,0.1,Destino: la gente vuelve del trabajo (pico a la tarde),True
D,Tribunales - Teatro Colón,-34.6014395,-58.3848777,fin_de_semana,5,0.8,Destino: la gente vuelve del trabajo (pico a la tarde),True
D,Tribunales - Teatro Colón,-34.6014395,-58.3848777,fin_de_semana,6,11.2,Destino: la gente vuelve del trabajo (pico a la tarde),True
D,Tribunales - Teatro Colón,-34.6014395,-58.3848777,fin_de_semana,7,19.2,Destino: la gente vuelve del trabajo (pico a la tarde),True
D,Tribunales - Teatro Colón,-34.6014395,-58.3848777,fin_de_semana,8,47.7,Destino: la gente vuelve del trabajo (pico a la tarde),True
D,Tribunales - Teatro Colón,-34.6014395,-58.3848777,fin_de_semana,9,68.7,Destino: la gente vuelve del trabajo (pico a la tarde),True
D,Tribunales - Teatro Colón,-34.6014395,-58.3848777,fin_de_semana,10,94.3,Destino: la gente vuelve del trabajo (pico a la tarde),True
D,Tribunales - Teatro Colón,-34.6014395,-58.3848777,fin_de_semana,11,117.0,Destino: la gente vuelve del trabajo (pico a la tarde),True
D,Tribunales - Teatro Colón,-34.6014395,-58.3848777,fin_de_semana,12,147.8,Destino: la gente vuelve del trabajo (pico a la tarde),True
D,Tribunales - Teatro Colón,-34.6014395,-58.3848777,fin_de_semana,13,158.8,Destino: la gente vuelve del trabajo (pico a la tarde),True
D,Tribunales - Teatro Colón,-34.6014395,-58.3848777,fin_de_semana,14,139.7,Destino: la gente vuelve del trabajo (pico a la tarde),True
D,Tribunales - Teatro Colón,-34.6014395,-58.3848777,fin_de_semana,15,150.9,Destino: la gente vuelve del trabajo (pico a la tarde),True
D,Tribunales - Teatro Colón,-34.6014395,-58.3848777,fin_de_semana,16,161.5,Destino: la gente vuelve del trabajo (pico a la tarde),True
D,Tribunales - Teatro Colón,-34.6014395,-58.3848777,fin_de_semana,17,163.2,Destino: la gente vuelve del trabajo (pico a la tarde),True
D,Tribunales - Teatro Colón,-34.6014395,-58.3848777,fin_de_semana,18,162.0,Destino: la gente vuelve del trabajo (pico a la tarde),True
D,Tribunales - Teatro Colón,-34.6014395,-58.3848777,fin_de_semana,19,148.2,Destino: la gente vuelve del trabajo (pico a la tarde),True
D,Tribunales - Teatro Colón,-34.6014395,-58.3848777,fin_de_semana,20,125.7,Destino: la gente vuelve del trabajo (pico a la tarde),True
D,Tribunales - Teatro Colón,-34.6014395,-58.3848777,fin_de_semana,21,117.5,Destino: la gente vuelve del trabajo (pico a la tarde),True
D,Tribunales - Teatro Colón,-34.6014395,-58.3848777,fin_de_semana,22,85.1,Destino: la gente vuelve del trabajo (pico a la tarde),True
D,Tribunales - Teatro Colón,-34.6014395,-58.3848777,fin_de_semana,23,27.4,Destino: la gente vuelve del trabajo (pico a la tarde),True
D,Tribunales - Teatro Colón,-34.6014395,-58.3848777,habil,0,0.0,Destino: la gente vuelve del trabajo (pico a la tarde),True
D,Tribunales - Teatro Colón,-34.6014395,-58.3848777,habil,4,0.0,Destino: la gente vuelve del trabajo (pico a la tarde),True
D,Tribunales - Teatro Colón,-34.6014395,-58.3848777,habil,5,6.1,Destino: la gente vuelve del trabajo (pico a la tarde),True
D,Tribunales - Teatro Colón,-34.6014395,-58.3848777,habil,6,36.0,Destino: la gente vuelve del trabajo (pico a la tarde),True
D,Tribunales - Teatro Colón,-34.6014395,-58.3848777,habil,7,134.2,Destino: la gente vuelve del trabajo (pico a la tarde),True
D,Tribunales - Teatro Colón,-34.6014395,-58.3848777,habil,8,219.2,Destino: la gente vuelve del trabajo (pico a la tarde),True
D,Tribunales - Teatro Colón,-34.6014395,-58.3848777,habil,9,259.4,Destino: la gente vuelve del trabajo (pico a la tarde),True
D,Tribunales - Teatro Colón,-34.6014395,-58.3848777,habil,10,328.0,Destino: la gente vuelve del trabajo (pico a la tarde),True
D,Tribunales - Teatro Colón,-34.6014395,-58.3848777,habil,11,408.5,Destino: la gente vuelve del trabajo (pico a la tarde),True
D,Tribunales - Teatro Colón,-34.6014395,-58.3848777,habil,12,555.8,Destino: la gente vuelve del trabajo (pico a la tarde),True
D,Tribunales - Teatro Colón,-34.6014395,-58.3848777,habil,13,881.8,Destino: la gente vuelve del trabajo (pico a la tarde),True
D,Tribunales - Teatro Colón,-34.6014395,-58.3848777,habil,14,743.4,Destino: la gente vuelve del trabajo (pico a la tarde),True
D,Tribunales - Teatro Colón,-34.6014395,-58.3848777,habil,15,842.9,Destino: la gente vuelve del trabajo (pico a la tarde),True
D,Tribunales - Teatro Colón,-34.6014395,-58.3848777,habil,16,897.4,Destino: la gente vuelve del trabajo (pico a la tarde),True
D,Tribunales - Teatro Colón,-34.6014395,-58.3848777,habil,17,925.9,Destino: la gente vuelve del trabajo (pico a la tarde),True
D,Tribunales - Teatro Colón,-34.6014395,-58.3848777,habil,18,920.1,Destino: la gente vuelve del trabajo (pico a la tarde),True
D,Tribunales - Teatro Colón,-34.6014395,-58.3848777,habil,19,378.0,Destino: la gente vuelve del trabajo (pico a la tarde),True
D,Tribunales - Teatro Colón,-34.6014395,-58.3848777,habil,20,252.4,Destino: la gente vuelve del trabajo (pico a la tarde),True
D,Tribunales - Teatro Colón,-34.6014395,-58.3848777,habil,21,162.6,Destino: la gente vuelve del trabajo (pico a la tarde),True
D,Tribunales - Teatro Colón,-34.6014395,-58.3848777,habil,22,124.2,Destino: la gente vuelve del trabajo (pico a la tarde),True
D,Tribunales - Teatro Colón,-34.6014395,-58.3848777,habil,23,22.1,Destino: la gente vuelve del trabajo (pico a la tarde),True
E,Avenida La Plata,-34.626968,-58.426404,fin_de_semana,0,0.1,Origen: la gente sale de su casa (pico a la mañana),True
E,Avenida La Plata,-34.626968,-58.426404,fin_de_semana,5,1.3,Origen: la gente sale de su casa (pico a la mañana),True
E,Avenida La Plata,-34.626968,-58.426404,fin_de_semana,6,14.7,Origen: la gente sale de su casa (pico a la mañana),True
E,Avenida La Plata,-34.626968,-58.426404,fin_de_semana,7,40.1,Origen: la gente sale de su casa (pico a la mañana),True
E,Avenida La Plata,-34.626968,-58.426404,fin_de_semana,8,70.3,Origen: la gente sale de su casa (pico a la mañana),True
E,Avenida La Plata,-34.626968,-58.426404,fin_de_semana,9,89.4,Origen: la gente sale de su casa (pico a la mañana),True
E,Avenida La Plata,-34.626968,-58.426404,fin_de_semana,10,95.1,Origen: la gente sale de su casa (pico a la mañana),True
E,Avenida La Plata,-34.626968,-58.426404,fin_de_semana,11,107.8,Origen: la gente sale de su casa (pico a la mañana),True
E,Avenida La Plata,-34.626968,-58.426404,fin_de_semana,12,121.4,Origen: la gente sale de su casa (pico a la mañana),True
E,Avenida La Plata,-34.626968,-58.426404,fin_de_semana,13,129.8,Origen: la gente sale de su casa (pico a la mañana),True
E,Avenida La Plata,-34.626968,-58.426404,fin_de_semana,14,117.5,Origen: la gente sale de su casa (pico a la mañana),True
E,Avenida La Plata,-34.626968,-58.426404,fin_de_semana,15,130.2,Origen: la gente sale de su casa (pico a la mañana),True
E,Avenida La Plata,-34.626968,-58.426404,fin_de_semana,16,130.9,Origen: la gente sale de su casa (pico a la mañana),True
E,Avenida La Plata,-34.626968,-58.426404,fin_de_semana,17,126.6,Origen: la gente sale de su casa (pico a la mañana),True
E,Avenida La Plata,-34.626968,-58.426404,fin_de_semana,18,111.5,Origen: la gente sale de su casa (pico a la mañana),True
E,Avenida La Plata,-34.626968,-58.426404,fin_de_semana,19,106.9,Origen: la gente sale de su casa (pico a la mañana),True
E,Avenida La Plata,-34.626968,-58.426404,fin_de_semana,20,90.4,Origen: la gente sale de su casa (pico a la mañana),True
E,Avenida La Plata,-34.626968,-58.426404,fin_de_semana,21,59.0,Origen: la gente sale de su casa (pico a la mañana),True
E,Avenida La Plata,-34.626968,-58.426404,fin_de_semana,22,22.7,Origen: la gente sale de su casa (pico a la mañana),True
E,Avenida La Plata,-34.626968,-58.426404,fin_de_semana,23,6.9,Origen: la gente sale de su casa (pico a la mañana),True
E,Avenida La Plata,-34.626968,-58.426404,habil,5,15.7,Origen: la gente sale de su casa (pico a la mañana),True
E,Avenida La Plata,-34.626968,-58.426404,habil,6,127.0,Origen: la gente sale de su casa (pico a la mañana),True
E,Avenida La Plata,-34.626968,-58.426404,habil,7,513.0,Origen: la gente sale de su casa (pico a la mañana),True
E,Avenida La Plata,-34.626968,-58.426404,habil,8,629.6,Origen: la gente sale de su casa (pico a la mañana),True
E,Avenida La Plata,-34.626968,-58.426404,habil,9,440.0,Origen: la gente sale de su casa (pico a la mañana),True
E,Avenida La Plata,-34.626968,-58.426404,habil,10,240.9,Origen: la gente sale de su casa (pico a la mañana),True
E,Avenida La Plata,-34.626968,-58.426404,habil,11,218.6,Origen: la gente sale de su casa (pico a la mañana),True
E,Avenida La Plata,-34.626968,-58.426404,habil,12,264.4,Origen: la gente sale de su casa (pico a la mañana),True
E,Avenida La Plata,-34.626968,-58.426404,habil,13,274.2,Origen: la gente sale de su casa (pico a la mañana),True
E,Avenida La Plata,-34.626968,-58.426404,habil,14,197.4,Origen: la gente sale de su casa (pico a la mañana),True
E,Avenida La Plata,-34.626968,-58.426404,habil,15,216.9,Origen: la gente sale de su casa (pico a la mañana),True
E,Avenida La Plata,-34.626968,-58.426404,habil,16,286.5,Origen: la gente sale de su casa (pico a la mañana),True
E,Avenida La Plata,-34.626968,-58.426404,habil,17,299.3,Origen: la gente sale de su casa (pico a la mañana),True
E,Avenida La Plata,-34.626968,-58.426404,habil,18,300.1,Origen: la gente sale de su casa (pico a la mañana),True
E,Avenida La Plata,-34.626968,-58.426404,habil,19,160.4,Origen: la gente sale de su casa (pico a la mañana),True
E,Avenida La Plata,-34.626968,-58.426404,habil,20,121.0,Origen: la gente sale de su casa (pico a la mañana),True
E,Avenida La Plata,-34.626968,-58.426404,habil,21,71.7,Origen: la gente sale de su casa (pico a la mañana),True
E,Avenida La Plata,-34.626968,-58.426404,habil,22,39.1,Origen: la gente sale de su casa (pico a la mañana),True
E,Avenida La Plata,-34.626968,-58.426404,habil,23,4.9,Origen: la gente sale de su casa (pico a la mañana),True
E,Belgrano,-34.612958,-58.3776468,fin_de_semana,0,0.0,Destino: la gente vuelve del trabajo (pico a la tarde),True
E,Belgrano,-34.612958,-58.3776468,fin_de_semana,5,0.5,Destino: la gente vuelve del trabajo (pico a la tarde),True
E,Belgrano,-34.612958,-58.3776468,fin_de_semana,6,10.0,Destino: la gente vuelve del trabajo (pico a la tarde),True
E,Belgrano,-34.612958,-58.3776468,fin_de_semana,7,21.2,Destino: la gente vuelve del trabajo (pico a la tarde),True
E,Belgrano,-34.612958,-58.3776468,fin_de_semana,8,27.6,Destino: la gente vuelve del trabajo (pico a la tarde),True
E,Belgrano,-34.612958,-58.3776468,fin_de_semana,9,32.9,Destino: la gente vuelve del trabajo (pico a la tarde),True
E,Belgrano,-34.612958,-58.3776468,fin_de_semana,10,40.7,Destino: la gente vuelve del trabajo (pico a la tarde),True
E,Belgrano,-34.612958,-58.3776468,fin_de_semana,11,48.0,Destino: la gente vuelve del trabajo (pico a la tarde),True
E,Belgrano,-34.612958,-58.3776468,fin_de_semana,12,56.8,Destino: la gente vuelve del trabajo (pico a la tarde),True
E,Belgrano,-34.612958,-58.3776468,fin_de_semana,13,58.3,Destino: la gente vuelve del trabajo (pico a la tarde),True
E,Belgrano,-34.612958,-58.3776468,fin_de_semana,14,54.0,Destino: la gente vuelve del trabajo (pico a la tarde),True
E,Belgrano,-34.612958,-58.3776468,fin_de_semana,15,60.6,Destino: la gente vuelve del trabajo (pico a la tarde),True
E,Belgrano,-34.612958,-58.3776468,fin_de_semana,16,60.9,Destino: la gente vuelve del trabajo (pico a la tarde),True
E,Belgrano,-34.612958,-58.3776468,fin_de_semana,17,68.1,Destino: la gente vuelve del trabajo (pico a la tarde),True
E,Belgrano,-34.612958,-58.3776468,fin_de_semana,18,71.2,Destino: la gente vuelve del trabajo (pico a la tarde),True
E,Belgrano,-34.612958,-58.3776468,fin_de_semana,19,58.2,Destino: la gente vuelve del trabajo (pico a la tarde),True
E,Belgrano,-34.612958,-58.3776468,fin_de_semana,20,44.0,Destino: la gente vuelve del trabajo (pico a la tarde),True
E,Belgrano,-34.612958,-58.3776468,fin_de_semana,21,31.4,Destino: la gente vuelve del trabajo (pico a la tarde),True
E,Belgrano,-34.612958,-58.3776468,fin_de_semana,22,14.2,Destino: la gente vuelve del trabajo (pico a la tarde),True
E,Belgrano,-34.612958,-58.3776468,fin_de_semana,23,7.3,Destino: la gente vuelve del trabajo (pico a la tarde),True
E,Belgrano,-34.612958,-58.3776468,habil,5,5.4,Destino: la gente vuelve del trabajo (pico a la tarde),True
E,Belgrano,-34.612958,-58.3776468,habil,6,25.6,Destino: la gente vuelve del trabajo (pico a la tarde),True
E,Belgrano,-34.612958,-58.3776468,habil,7,78.1,Destino: la gente vuelve del trabajo (pico a la tarde),True
E,Belgrano,-34.612958,-58.3776468,habil,8,109.2,Destino: la gente vuelve del trabajo (pico a la tarde),True
E,Belgrano,-34.612958,-58.3776468,habil,9,98.8,Destino: la gente vuelve del trabajo (pico a la tarde),True
E,Belgrano,-34.612958,-58.3776468,habil,10,100.8,Destino: la gente vuelve del trabajo (pico a la tarde),True
E,Belgrano,-34.612958,-58.3776468,habil,11,124.0,Destino: la gente vuelve del trabajo (pico a la tarde),True
E,Belgrano,-34.612958,-58.3776468,habil,12,166.1,Destino: la gente vuelve del trabajo (pico a la tarde),True
E,Belgrano,-34.612958,-58.3776468,habil,13,178.6,Destino: la gente vuelve del trabajo (pico a la tarde),True
E,Belgrano,-34.612958,-58.3776468,habil,14,236.0,Destino: la gente vuelve del trabajo (pico a la tarde),True
E,Belgrano,-34.612958,-58.3776468,habil,15,316.1,Destino: la gente vuelve del trabajo (pico a la tarde),True
E,Belgrano,-34.612958,-58.3776468,habil,16,415.6,Destino: la gente vuelve del trabajo (pico a la tarde),True
E,Belgrano,-34.612958,-58.3776468,habil,17,474.2,Destino: la gente vuelve del trabajo (pico a la tarde),True
E,Belgrano,-34.612958,-58.3776468,habil,18,339.1,Destino: la gente vuelve del trabajo (pico a la tarde),True
E,Belgrano,-34.612958,-58.3776468,habil,19,153.9,Destino: la gente vuelve del trabajo (pico a la tarde),True
E,Belgrano,-34.612958,-58.3776468,habil,20,108.7,Destino: la gente vuelve del trabajo (pico a la tarde),True
E,Belgrano,-34.612958,-58.3776468,habil,21,68.3,Destino: la gente vuelve del trabajo (pico a la tarde),True
E,Belgrano,-34.612958,-58.3776468,habil,22,25.9,Destino: la gente vuelve del trabajo (pico a la tarde),True
E,Belgrano,-34.612958,-58.3776468,habil,23,4.9,Destino: la gente vuelve del trabajo (pico a la tarde),True
E,Boedo,-34.6254799,-58.4161163,fin_de_semana,0,0.1,Origen: la gente sale de su casa (pico a la mañana),True
E,Boedo,-34.6254799,-58.4161163,fin_de_semana,5,1.8,Origen: la gente sale de su casa (pico a la mañana),True
E,Boedo,-34.6254799,-58.4161163,fin_de_semana,6,17.5,Origen: la gente sale de su casa (pico a la mañana),True
E,Boedo,-34.6254799,-58.4161163,fin_de_semana,7,45.0,Origen: la gente sale de su casa (pico a la mañana),True
E,Boedo,-34.6254799,-58.4161163,fin_de_semana,8,75.3,Origen: la gente sale de su casa (pico a la mañana),True
E,Boedo,-34.6254799,-58.4161163,fin_de_semana,9,95.8,Origen: la gente sale de su casa (pico a la mañana),True
E,Boedo,-34.6254799,-58.4161163,fin_de_semana,10,100.3,Origen: la gente sale de su casa (pico a la mañana),True
E,Boedo,-34.6254799,-58.4161163,fin_de_semana,11,127.1,Origen: la gente sale de su casa (pico a la mañana),True
E,Boedo,-34.6254799,-58.4161163,fin_de_semana,12,154.1,Origen: la gente sale de su casa (pico a la mañana),True
E,Boedo,-34.6254799,-58.4161163,fin_de_semana,13,154.7,Origen: la gente sale de su casa (pico a la mañana),True
E,Boedo,-34.6254799,-58.4161163,fin_de_semana,14,140.5,Origen: la gente sale de su casa (pico a la mañana),True
E,Boedo,-34.6254799,-58.4161163,fin_de_semana,15,150.9,Origen: la gente sale de su casa (pico a la mañana),True
E,Boedo,-34.6254799,-58.4161163,fin_de_semana,16,163.3,Origen: la gente sale de su casa (pico a la mañana),True
E,Boedo,-34.6254799,-58.4161163,fin_de_semana,17,153.4,Origen: la gente sale de su casa (pico a la mañana),True
E,Boedo,-34.6254799,-58.4161163,fin_de_semana,18,146.9,Origen: la gente sale de su casa (pico a la mañana),True
E,Boedo,-34.6254799,-58.4161163,fin_de_semana,19,140.7,Origen: la gente sale de su casa (pico a la mañana),True
E,Boedo,-34.6254799,-58.4161163,fin_de_semana,20,118.7,Origen: la gente sale de su casa (pico a la mañana),True
E,Boedo,-34.6254799,-58.4161163,fin_de_semana,21,80.1,Origen: la gente sale de su casa (pico a la mañana),True
E,Boedo,-34.6254799,-58.4161163,fin_de_semana,22,33.1,Origen: la gente sale de su casa (pico a la mañana),True
E,Boedo,-34.6254799,-58.4161163,fin_de_semana,23,7.4,Origen: la gente sale de su casa (pico a la mañana),True
E,Boedo,-34.6254799,-58.4161163,habil,5,25.0,Origen: la gente sale de su casa (pico a la mañana),True
E,Boedo,-34.6254799,-58.4161163,habil,6,116.9,Origen: la gente sale de su casa (pico a la mañana),True
E,Boedo,-34.6254799,-58.4161163,habil,7,373.8,Origen: la gente sale de su casa (pico a la mañana),True
E,Boedo,-34.6254799,-58.4161163,habil,8,502.2,Origen: la gente sale de su casa (pico a la mañana),True
E,Boedo,-34.6254799,-58.4161163,habil,9,376.0,Origen: la gente sale de su casa (pico a la mañana),True
E,Boedo,-34.6254799,-58.4161163,habil,10,227.6,Origen: la gente sale de su casa (pico a la mañana),True
E,Boedo,-34.6254799,-58.4161163,habil,11,229.6,Origen: la gente sale de su casa (pico a la mañana),True
E,Boedo,-34.6254799,-58.4161163,habil,12,298.9,Origen: la gente sale de su casa (pico a la mañana),True
E,Boedo,-34.6254799,-58.4161163,habil,13,289.4,Origen: la gente sale de su casa (pico a la mañana),True
E,Boedo,-34.6254799,-58.4161163,habil,14,217.7,Origen: la gente sale de su casa (pico a la mañana),True
E,Boedo,-34.6254799,-58.4161163,habil,15,235.9,Origen: la gente sale de su casa (pico a la mañana),True
E,Boedo,-34.6254799,-58.4161163,habil,16,269.4,Origen: la gente sale de su casa (pico a la mañana),True
E,Boedo,-34.6254799,-58.4161163,habil,17,308.0,Origen: la gente sale de su casa (pico a la mañana),True
E,Boedo,-34.6254799,-58.4161163,habil,18,273.4,Origen: la gente sale de su casa (pico a la mañana),True
E,Boedo,-34.6254799,-58.4161163,habil,19,177.6,Origen: la gente sale de su casa (pico a la mañana),True
E,Boedo,-34.6254799,-58.4161163,habil,20,141.3,Origen: la gente sale de su casa (pico a la mañana),True
E,Boedo,-34.6254799,-58.4161163,habil,21,98.4,Origen: la gente sale de su casa (pico a la mañana),True
E,Boedo,-34.6254799,-58.4161163,habil,22,53.8,Origen: la gente sale de su casa (pico a la mañana),True
E,Boedo,-34.6254799,-58.4161163,habil,23,4.4,Origen: la gente sale de su casa (pico a la mañana),True
E,Bolívar,-34.6097375,-58.3741113,fin_de_semana,0,0.0,Destino: la gente vuelve del trabajo (pico a la tarde),True
E,Bolívar,-34.6097375,-58.3741113,fin_de_semana,5,1.3,Destino: la gente vuelve del trabajo (pico a la tarde),True
E,Bolívar,-34.6097375,-58.3741113,fin_de_semana,6,10.3,Destino: la gente vuelve del trabajo (pico a la tarde),True
E,Bolívar,-34.6097375,-58.3741113,fin_de_semana,7,22.3,Destino: la gente vuelve del trabajo (pico a la tarde),True
E,Bolívar,-34.6097375,-58.3741113,fin_de_semana,8,63.1,Destino: la gente vuelve del trabajo (pico a la tarde),True
E,Bolívar,-34.6097375,-58.3741113,fin_de_semana,9,52.8,Destino: la gente vuelve del trabajo (pico a la tarde),True
E,Bolívar,-34.6097375,-58.3741113,fin_de_semana,10,63.6,Destino: la gente vuelve del trabajo (pico a la tarde),True
E,Bolívar,-34.6097375,-58.3741113,fin_de_semana,11,76.5,Destino: la gente vuelve del trabajo (pico a la tarde),True
E,Bolívar,-34.6097375,-58.3741113,fin_de_semana,12,94.1,Destino: la gente vuelve del trabajo (pico a la tarde),True
E,Bolívar,-34.6097375,-58.3741113,fin_de_semana,13,169.6,Destino: la gente vuelve del trabajo (pico a la tarde),True
E,Bolívar,-34.6097375,-58.3741113,fin_de_semana,14,103.3,Destino: la gente vuelve del trabajo (pico a la tarde),True
E,Bolívar,-34.6097375,-58.3741113,fin_de_semana,15,120.5,Destino: la gente vuelve del trabajo (pico a la tarde),True
E,Bolívar,-34.6097375,-58.3741113,fin_de_semana,16,143.7,Destino: la gente vuelve del trabajo (pico a la tarde),True
E,Bolívar,-34.6097375,-58.3741113,fin_de_semana,17,169.2,Destino: la gente vuelve del trabajo (pico a la tarde),True
E,Bolívar,-34.6097375,-58.3741113,fin_de_semana,18,193.5,Destino: la gente vuelve del trabajo (pico a la tarde),True
E,Bolívar,-34.6097375,-58.3741113,fin_de_semana,19,159.9,Destino: la gente vuelve del trabajo (pico a la tarde),True
E,Bolívar,-34.6097375,-58.3741113,fin_de_semana,20,113.9,Destino: la gente vuelve del trabajo (pico a la tarde),True
E,Bolívar,-34.6097375,-58.3741113,fin_de_semana,21,65.0,Destino: la gente vuelve del trabajo (pico a la tarde),True
E,Bolívar,-34.6097375,-58.3741113,fin_de_semana,22,33.1,Destino: la gente vuelve del trabajo (pico a la tarde),True
E,Bolívar,-34.6097375,-58.3741113,fin_de_semana,23,10.2,Destino: la gente vuelve del trabajo (pico a la tarde),True
E,Bolívar,-34.6097375,-58.3741113,habil,0,0.0,Destino: la gente vuelve del trabajo (pico a la tarde),True
E,Bolívar,-34.6097375,-58.3741113,habil,2,0.0,Destino: la gente vuelve del trabajo (pico a la tarde),True
E,Bolívar,-34.6097375,-58.3741113,habil,5,14.5,Destino: la gente vuelve del trabajo (pico a la tarde),True
E,Bolívar,-34.6097375,-58.3741113,habil,6,54.6,Destino: la gente vuelve del trabajo (pico a la tarde),True
E,Bolívar,-34.6097375,-58.3741113,habil,7,116.5,Destino: la gente vuelve del trabajo (pico a la tarde),True
E,Bolívar,-34.6097375,-58.3741113,habil,8,134.8,Destino: la gente vuelve del trabajo (pico a la tarde),True
E,Bolívar,-34.6097375,-58.3741113,habil,9,144.1,Destino: la gente vuelve del trabajo (pico a la tarde),True
E,Bolívar,-34.6097375,-58.3741113,habil,10,176.7,Destino: la gente vuelve del trabajo (pico a la tarde),True
E,Bolívar,-34.6097375,-58.3741113,habil,11,246.7,Destino: la gente vuelve del trabajo (pico a la tarde),True
E,Bolívar,-34.6097375,-58.3741113,habil,12,485.7,Destino: la gente vuelve del trabajo (pico a la tarde),True
E,Bolívar,-34.6097375,-58.3741113,habil,13,411.1,Destino: la gente vuelve del trabajo (pico a la tarde),True
E,Bolívar,-34.6097375,-58.3741113,habil,14,506.5,Destino: la gente vuelve del trabajo (pico a la tarde),True
E,Bolívar,-34.6097375,-58.3741113,habil,15,803.5,Destino: la gente vuelve del trabajo (pico a la tarde),True
E,Bolívar,-34.6097375,-58.3741113,habil,16,1154.0,Destino: la gente vuelve del trabajo (pico a la tarde),True
E,Bolívar,-34.6097375,-58.3741113,habil,17,1517.8,Destino: la gente vuelve del trabajo (pico a la tarde),True
E,Bolívar,-34.6097375,-58.3741113,habil,18,848.7,Destino: la gente vuelve del trabajo (pico a la tarde),True
E,Bolívar,-34.6097375,-58.3741113,habil,19,391.4,Destino: la gente vuelve del trabajo (pico a la tarde),True
E,Bolívar,-34.6097375,-58.3741113,habil,20,261.8,Destino: la gente vuelve del trabajo (pico a la tarde),True
E,Bolívar,-34.6097375,-58.3741113,habil,21,173.3,Destino: la gente vuelve del trabajo (pico a la tarde),True
E,Bolívar,-34.6097375,-58.3741113,habil,22,173.8,Destino: la gente vuelve del trabajo (pico a la tarde),True
E,Bolívar,-34.6097375,-58.3741113,habil,23,12.3,Destino: la gente vuelve del trabajo (pico a la tarde),True
E,Catalinas,-34.596514,-58.3720955,fin_de_semana,0,0.0,Destino: la gente vuelve del trabajo (pico a la tarde),True
E,Catalinas,-34.596514,-58.3720955,fin_de_semana,5,0.3,Destino: la gente vuelve del trabajo (pico a la tarde),True
E,Catalinas,-34.596514,-58.3720955,fin_de_semana,6,5.4,Destino: la gente vuelve del trabajo (pico a la tarde),True
E,Catalinas,-34.596514,-58.3720955,fin_de_semana,7,6.2,Destino: la gente vuelve del trabajo (pico a la tarde),True
E,Catalinas,-34.596514,-58.3720955,fin_de_semana,8,10.1,Destino: la gente vuelve del trabajo (pico a la tarde),True
E,Catalinas,-34.596514,-58.3720955,fin_de_semana,9,17.0,Destino: la gente vuelve del trabajo (pico a la tarde),True
E,Catalinas,-34.596514,-58.3720955,fin_de_semana,10,22.2,Destino: la gente vuelve del trabajo (pico a la tarde),True
E,Catalinas,-34.596514,-58.3720955,fin_de_semana,11,29.1,Destino: la gente vuelve del trabajo (pico a la tarde),True
E,Catalinas,-34.596514,-58.3720955,fin_de_semana,12,36.3,Destino: la gente vuelve del trabajo (pico a la tarde),True
E,Catalinas,-34.596514,-58.3720955,fin_de_semana,13,36.4,Destino: la gente vuelve del trabajo (pico a la tarde),True
E,Catalinas,-34.596514,-58.3720955,fin_de_semana,14,39.0,Destino: la gente vuelve del trabajo (pico a la tarde),True
E,Catalinas,-34.596514,-58.3720955,fin_de_semana,15,43.5,Destino: la gente vuelve del trabajo (pico a la tarde),True
E,Catalinas,-34.596514,-58.3720955,fin_de_semana,16,53.8,Destino: la gente vuelve del trabajo (pico a la tarde),True
E,Catalinas,-34.596514,-58.3720955,fin_de_semana,17,61.4,Destino: la gente vuelve del trabajo (pico a la tarde),True
E,Catalinas,-34.596514,-58.3720955,fin_de_semana,18,73.3,Destino: la gente vuelve del trabajo (pico a la tarde),True
E,Catalinas,-34.596514,-58.3720955,fin_de_semana,19,42.7,Destino: la gente vuelve del trabajo (pico a la tarde),True
E,Catalinas,-34.596514,-58.3720955,fin_de_semana,20,35.2,Destino: la gente vuelve del trabajo (pico a la tarde),True
E,Catalinas,-34.596514,-58.3720955,fin_de_semana,21,29.3,Destino: la gente vuelve del trabajo (pico a la tarde),True
E,Catalinas,-34.596514,-58.3720955,fin_de_semana,22,15.5,Destino: la gente vuelve del trabajo (pico a la tarde),True
E,Catalinas,-34.596514,-58.3720955,fin_de_semana,23,3.6,Destino: la gente vuelve del trabajo (pico a la tarde),True
E,Catalinas,-34.596514,-58.3720955,habil,0,0.0,Destino: la gente vuelve del trabajo (pico a la tarde),True
E,Catalinas,-34.596514,-58.3720955,habil,5,2.2,Destino: la gente vuelve del trabajo (pico a la tarde),True
E,Catalinas,-34.596514,-58.3720955,habil,6,14.5,Destino: la gente vuelve del trabajo (pico a la tarde),True
E,Catalinas,-34.596514,-58.3720955,habil,7,32.5,Destino: la gente vuelve del trabajo (pico a la tarde),True
E,Catalinas,-34.596514,-58.3720955,habil,8,34.5,Destino: la gente vuelve del trabajo (pico a la tarde),True
E,Catalinas,-34.596514,-58.3720955,habil,9,44.5,Destino: la gente vuelve del trabajo (pico a la tarde),True
E,Catalinas,-34.596514,-58.3720955,habil,10,57.0,Destino: la gente vuelve del trabajo (pico a la tarde),True
E,Catalinas,-34.596514,-58.3720955,habil,11,84.3,Destino: la gente vuelve del trabajo (pico a la tarde),True
E,Catalinas,-34.596514,-58.3720955,habil,12,152.8,Destino: la gente vuelve del trabajo (pico a la tarde),True
E,Catalinas,-34.596514,-58.3720955,habil,13,186.8,Destino: la gente vuelve del trabajo (pico a la tarde),True
E,Catalinas,-34.596514,-58.3720955,habil,14,180.0,Destino: la gente vuelve del trabajo (pico a la tarde),True
E,Catalinas,-34.596514,-58.3720955,habil,15,275.0,Destino: la gente vuelve del trabajo (pico a la tarde),True
E,Catalinas,-34.596514,-58.3720955,habil,16,533.3,Destino: la gente vuelve del trabajo (pico a la tarde),True
E,Catalinas,-34.596514,-58.3720955,habil,17,1133.7,Destino: la gente vuelve del trabajo (pico a la tarde),True
E,Catalinas,-34.596514,-58.3720955,habil,18,1049.3,Destino: la gente vuelve del trabajo (pico a la tarde),True
E,Catalinas,-34.596514,-58.3720955,habil,19,268.7,Destino: la gente vuelve del trabajo (pico a la tarde),True
E,Catalinas,-34.596514,-58.3720955,habil,20,131.7,Destino: la gente vuelve del trabajo (pico a la tarde),True
E,Catalinas,-34.596514,-58.3720955,habil,21,81.5,Destino: la gente vuelve del trabajo (pico a la tarde),True
E,Catalinas,-34.596514,-58.3720955,habil,22,42.1,Destino: la gente vuelve del trabajo (pico a la tarde),True
E,Catalinas,-34.596514,-58.3720955,habil,23,9.4,Destino: la gente vuelve del trabajo (pico a la tarde),True
E,Correo Central,-34.6037,-58.3702237,fin_de_semana,0,0.2,Destino: la gente vuelve del trabajo (pico a la tarde),True
E,Correo Central,-34.6037,-58.3702237,fin_de_semana,5,1.8,Destino: la gente vuelve del trabajo (pico a la tarde),True
E,Correo Central,-34.6037,-58.3702237,fin_de_semana,6,14.0,Destino: la gente vuelve del trabajo (pico a la tarde),True
E,Correo Central,-34.6037,-58.3702237,fin_de_semana,7,21.7,Destino: la gente vuelve del trabajo (pico a la tarde),True
E,Correo Central,-34.6037,-58.3702237,fin_de_semana,8,31.4,Destino: la gente vuelve del trabajo (pico a la tarde),True
E,Correo Central,-34.6037,-58.3702237,fin_de_semana,9,31.9,Destino: la gente vuelve del trabajo (pico a la tarde),True
E,Correo Central,-34.6037,-58.3702237,fin_de_semana,10,33.1,Destino: la gente vuelve del trabajo (pico a la tarde),True
E,Correo Central,-34.6037,-58.3702237,fin_de_semana,11,42.0,Destino: la gente vuelve del trabajo (pico a la tarde),True
E,Correo Central,-34.6037,-58.3702237,fin_de_semana,12,56.4,Destino: la gente vuelve del trabajo (pico a la tarde),True
E,Correo Central,-34.6037,-58.3702237,fin_de_semana,13,59.3,Destino: la gente vuelve del trabajo (pico a la tarde),True
E,Correo Central,-34.6037,-58.3702237,fin_de_semana,14,71.6,Destino: la gente vuelve del trabajo (pico a la tarde),True
E,Correo Central,-34.6037,-58.3702237,fin_de_semana,15,97.5,Destino: la gente vuelve del trabajo (pico a la tarde),True
E,Correo Central,-34.6037,-58.3702237,fin_de_semana,16,130.5,Destino: la gente vuelve del trabajo (pico a la tarde),True
E,Correo Central,-34.6037,-58.3702237,fin_de_semana,17,171.2,Destino: la gente vuelve del trabajo (pico a la tarde),True
E,Correo Central,-34.6037,-58.3702237,fin_de_semana,18,199.0,Destino: la gente vuelve del trabajo (pico a la tarde),True
E,Correo Central,-34.6037,-58.3702237,fin_de_semana,19,197.6,Destino: la gente vuelve del trabajo (pico a la tarde),True
E,Correo Central,-34.6037,-58.3702237,fin_de_semana,20,180.3,Destino: la gente vuelve del trabajo (pico a la tarde),True
E,Correo Central,-34.6037,-58.3702237,fin_de_semana,21,139.5,Destino: la gente vuelve del trabajo (pico a la tarde),True
E,Correo Central,-34.6037,-58.3702237,fin_de_semana,22,36.6,Destino: la gente vuelve del trabajo (pico a la tarde),True
E,Correo Central,-34.6037,-58.3702237,fin_de_semana,23,10.5,Destino: la gente vuelve del trabajo (pico a la tarde),True
E,Correo Central,-34.6037,-58.3702237,habil,4,0.0,Destino: la gente vuelve del trabajo (pico a la tarde),True
E,Correo Central,-34.6037,-58.3702237,habil,5,16.5,Destino: la gente vuelve del trabajo (pico a la tarde),True
E,Correo Central,-34.6037,-58.3702237,habil,6,63.2,Destino: la gente vuelve del trabajo (pico a la tarde),True
E,Correo Central,-34.6037,-58.3702237,habil,7,128.7,Destino: la gente vuelve del trabajo (pico a la tarde),True
E,Correo Central,-34.6037,-58.3702237,habil,8,120.3,Destino: la gente vuelve del trabajo (pico a la tarde),True
E,Correo Central,-34.6037,-58.3702237,habil,9,122.7,Destino: la gente vuelve del trabajo (pico a la tarde),True
E,Correo Central,-34.6037,-58.3702237,habil,10,124.7,Destino: la gente vuelve del trabajo (pico a la tarde),True
E,Correo Central,-34.6037,-58.3702237,habil,11,152.7,Destino: la gente vuelve del trabajo (pico a la tarde),True
E,Correo Central,-34.6037,-58.3702237,habil,12,198.5,Destino: la gente vuelve del trabajo (pico a la tarde),True
E,Correo Central,-34.6037,-58.3702237,habil,13,258.6,Destino: la gente vuelve del trabajo (pico a la tarde),True
E,Correo Central,-34.6037,-58.3702237,habil,14,280.4,Destino: la gente vuelve del trabajo (pico a la tarde),True
E,Correo Central,-34.6037,-58.3702237,habil,15,422.5,Destino: la gente vuelve del trabajo (pico a la tarde),True
E,Correo Central,-34.6037,-58.3702237,habil,16,612.6,Destino: la gente vuelve del trabajo (pico a la tarde),True
E,Correo Central,-34.6037,-58.3702237,habil,17,1061.5,Destino: la gente vuelve del trabajo (pico a la tarde),True
E,Correo Central,-34.6037,-58.3702237,habil,18,872.7,Destino: la gente vuelve del trabajo (pico a la tarde),True
E,Correo Central,-34.6037,-58.3702237,habil,19,345.7,Destino: la gente vuelve del trabajo (pico a la tarde),True
E,Correo Central,-34.6037,-58.3702237,habil,20,219.0,Destino: la gente vuelve del trabajo (pico a la tarde),True
E,Correo Central,-34.6037,-58.3702237,habil,21,149.4,Destino: la gente vuelve del trabajo (pico a la tarde),True
E,Correo Central,-34.6037,-58.3702237,habil,22,64.8,Destino: la gente vuelve del trabajo (pico a la tarde),True
E,Correo Central,-34.6037,-58.3702237,habil,23,13.9,Destino: la gente vuelve del trabajo (pico a la tarde),True
E,Emilio Mitre,-34.6314574,-58.4423592,fin_de_semana,0,0.0,Origen: la gente sale de su casa (pico a la mañana),True
E,Emilio Mitre,-34.6314574,-58.4423592,fin_de_semana,5,1.0,Origen: la gente sale de su casa (pico a la mañana),True
E,Emilio Mitre,-34.6314574,-58.4423592,fin_de_semana,6,12.3,Origen: la gente sale de su casa (pico a la mañana),True
E,Emilio Mitre,-34.6314574,-58.4423592,fin_de_semana,7,40.8,Origen: la gente sale de su casa (pico a la mañana),True
E,Emilio Mitre,-34.6314574,-58.4423592,fin_de_semana,8,62.7,Origen: la gente sale de su casa (pico a la mañana),True
E,Emilio Mitre,-34.6314574,-58.4423592,fin_de_semana,9,70.0,Origen: la gente sale de su casa (pico a la mañana),True
E,Emilio Mitre,-34.6314574,-58.4423592,fin_de_semana,10,80.0,Origen: la gente sale de su casa (pico a la mañana),True
E,Emilio Mitre,-34.6314574,-58.4423592,fin_de_semana,11,91.5,Origen: la gente sale de su casa (pico a la mañana),True
E,Emilio Mitre,-34.6314574,-58.4423592,fin_de_semana,12,126.3,Origen: la gente sale de su casa (pico a la mañana),True
E,Emilio Mitre,-34.6314574,-58.4423592,fin_de_semana,13,118.8,Origen: la gente sale de su casa (pico a la mañana),True
E,Emilio Mitre,-34.6314574,-58.4423592,fin_de_semana,14,109.9,Origen: la gente sale de su casa (pico a la mañana),True
E,Emilio Mitre,-34.6314574,-58.4423592,fin_de_semana,15,120.6,Origen: la gente sale de su casa (pico a la mañana),True
E,Emilio Mitre,-34.6314574,-58.4423592,fin_de_semana,16,131.8,Origen: la gente sale de su casa (pico a la mañana),True
E,Emilio Mitre,-34.6314574,-58.4423592,fin_de_semana,17,145.0,Origen: la gente sale de su casa (pico a la mañana),True
E,Emilio Mitre,-34.6314574,-58.4423592,fin_de_semana,18,157.5,Origen: la gente sale de su casa (pico a la mañana),True
E,Emilio Mitre,-34.6314574,-58.4423592,fin_de_semana,19,192.7,Origen: la gente sale de su casa (pico a la mañana),True
E,Emilio Mitre,-34.6314574,-58.4423592,fin_de_semana,20,98.3,Origen: la gente sale de su casa (pico a la mañana),True
E,Emilio Mitre,-34.6314574,-58.4423592,fin_de_semana,21,64.7,Origen: la gente sale de su casa (pico a la mañana),True
E,Emilio Mitre,-34.6314574,-58.4423592,fin_de_semana,22,24.5,Origen: la gente sale de su casa (pico a la mañana),True
E,Emilio Mitre,-34.6314574,-58.4423592,fin_de_semana,23,3.9,Origen: la gente sale de su casa (pico a la mañana),True
E,Emilio Mitre,-34.6314574,-58.4423592,habil,5,18.5,Origen: la gente sale de su casa (pico a la mañana),True
E,Emilio Mitre,-34.6314574,-58.4423592,habil,6,130.2,Origen: la gente sale de su casa (pico a la mañana),True
E,Emilio Mitre,-34.6314574,-58.4423592,habil,7,476.9,Origen: la gente sale de su casa (pico a la mañana),True
E,Emilio Mitre,-34.6314574,-58.4423592,habil,8,606.7,Origen: la gente sale de su casa (pico a la mañana),True
E,Emilio Mitre,-34.6314574,-58.4423592,habil,9,414.3,Origen: la gente sale de su casa (pico a la mañana),True
E,Emilio Mitre,-34.6314574,-58.4423592,habil,10,214.4,Origen: la gente sale de su casa (pico a la mañana),True
E,Emilio Mitre,-34.6314574,-58.4423592,habil,11,199.1,Origen: la gente sale de su casa (pico a la mañana),True
E,Emilio Mitre,-34.6314574,-58.4423592,habil,12,216.7,Origen: la gente sale de su casa (pico a la mañana),True
E,Emilio Mitre,-34.6314574,-58.4423592,habil,13,205.4,Origen: la gente sale de su casa (pico a la mañana),True
E,Emilio Mitre,-34.6314574,-58.4423592,habil,14,154.8,Origen: la gente sale de su casa (pico a la mañana),True
E,Emilio Mitre,-34.6314574,-58.4423592,habil,15,151.9,Origen: la gente sale de su casa (pico a la mañana),True
E,Emilio Mitre,-34.6314574,-58.4423592,habil,16,183.6,Origen: la gente sale de su casa (pico a la mañana),True
E,Emilio Mitre,-34.6314574,-58.4423592,habil,17,202.0,Origen: la gente sale de su casa (pico a la mañana),True
E,Emilio Mitre,-34.6314574,-58.4423592,habil,18,192.7,Origen: la gente sale de su casa (pico a la mañana),True
E,Emilio Mitre,-34.6314574,-58.4423592,habil,19,128.5,Origen: la gente sale de su casa (pico a la mañana),True
E,Emilio Mitre,-34.6314574,-58.4423592,habil,20,117.9,Origen: la gente sale de su casa (pico a la mañana),True
E,Emilio Mitre,-34.6314574,-58.4423592,habil,21,74.2,Origen: la gente sale de su casa (pico a la mañana),True
E,Emilio Mitre,-34.6314574,-58.4423592,habil,22,35.7,Origen: la gente sale de su casa (pico a la mañana),True
E,Emilio Mitre,-34.6314574,-58.4423592,habil,23,0.7,Origen: la gente sale de su casa (pico a la mañana),True
E,Entre Ríos - Rodolfo Walsh,-34.6227394,-58.3914497,fin_de_semana,0,0.1,Origen: la gente sale de su casa (pico a la mañana),True
E,Entre Ríos - Rodolfo Walsh,-34.6227394,-58.3914497,fin_de_semana,5,1.7,Origen: la gente sale de su casa (pico a la mañana),True
E,Entre Ríos - Rodolfo Walsh,-34.6227394,-58.3914497,fin_de_semana,6,14.5,Origen: la gente sale de su casa (pico a la mañana),True
E,Entre Ríos - Rodolfo Walsh,-34.6227394,-58.3914497,fin_de_semana,7,34.3,Origen: la gente sale de su casa (pico a la mañana),True
E,Entre Ríos - Rodolfo Walsh,-34.6227394,-58.3914497,fin_de_semana,8,66.8,Origen: la gente sale de su casa (pico a la mañana),True
E,Entre Ríos - Rodolfo Walsh,-34.6227394,-58.3914497,fin_de_semana,9,84.0,Origen: la gente sale de su casa (pico a la mañana),True
E,Entre Ríos - Rodolfo Walsh,-34.6227394,-58.3914497,fin_de_semana,10,86.1,Origen: la gente sale de su casa (pico a la mañana),True
E,Entre Ríos - Rodolfo Walsh,-34.6227394,-58.3914497,fin_de_semana,11,96.2,Origen: la gente sale de su casa (pico a la mañana),True
E,Entre Ríos - Rodolfo Walsh,-34.6227394,-58.3914497,fin_de_semana,12,106.7,Origen: la gente sale de su casa (pico a la mañana),True
E,Entre Ríos - Rodolfo Walsh,-34.6227394,-58.3914497,fin_de_semana,13,111.9,Origen: la gente sale de su casa (pico a la mañana),True
E,Entre Ríos - Rodolfo Walsh,-34.6227394,-58.3914497,fin_de_semana,14,105.0,Origen: la gente sale de su casa (pico a la mañana),True
E,Entre Ríos - Rodolfo Walsh,-34.6227394,-58.3914497,fin_de_semana,15,113.2,Origen: la gente sale de su casa (pico a la mañana),True
E,Entre Ríos - Rodolfo Walsh,-34.6227394,-58.3914497,fin_de_semana,16,120.7,Origen: la gente sale de su casa (pico a la mañana),True
E,Entre Ríos - Rodolfo Walsh,-34.6227394,-58.3914497,fin_de_semana,17,102.1,Origen: la gente sale de su casa (pico a la mañana),True
E,Entre Ríos - Rodolfo Walsh,-34.6227394,-58.3914497,fin_de_semana,18,100.0,Origen: la gente sale de su casa (pico a la mañana),True
E,Entre Ríos - Rodolfo Walsh,-34.6227394,-58.3914497,fin_de_semana,19,95.5,Origen: la gente sale de su casa (pico a la mañana),True
E,Entre Ríos - Rodolfo Walsh,-34.6227394,-58.3914497,fin_de_semana,20,78.4,Origen: la gente sale de su casa (pico a la mañana),True
E,Entre Ríos - Rodolfo Walsh,-34.6227394,-58.3914497,fin_de_semana,21,56.4,Origen: la gente sale de su casa (pico a la mañana),True
E,Entre Ríos - Rodolfo Walsh,-34.6227394,-58.3914497,fin_de_semana,22,28.8,Origen: la gente sale de su casa (pico a la mañana),True
E,Entre Ríos - Rodolfo Walsh,-34.6227394,-58.3914497,fin_de_semana,23,5.7,Origen: la gente sale de su casa (pico a la mañana),True
E,Entre Ríos - Rodolfo Walsh,-34.6227394,-58.3914497,habil,5,19.6,Origen: la gente sale de su casa (pico a la mañana),True
E,Entre Ríos - Rodolfo Walsh,-34.6227394,-58.3914497,habil,6,88.2,Origen: la gente sale de su casa (pico a la mañana),True
E,Entre Ríos - Rodolfo Walsh,-34.6227394,-58.3914497,habil,7,251.2,Origen: la gente sale de su casa (pico a la mañana),True
E,Entre Ríos - Rodolfo Walsh,-34.6227394,-58.3914497,habil,8,298.2,Origen: la gente sale de su casa (pico a la mañana),True
E,Entre Ríos - Rodolfo Walsh,-34.6227394,-58.3914497,habil,9,236.1,Origen: la gente sale de su casa (pico a la mañana),True
E,Entre Ríos - Rodolfo Walsh,-34.6227394,-58.3914497,habil,10,177.8,Origen: la gente sale de su casa (pico a la mañana),True
E,Entre Ríos - Rodolfo Walsh,-34.6227394,-58.3914497,habil,11,184.3,Origen: la gente sale de su casa (pico a la mañana),True
E,Entre Ríos - Rodolfo Walsh,-34.6227394,-58.3914497,habil,12,227.6,Origen: la gente sale de su casa (pico a la mañana),True
E,Entre Ríos - Rodolfo Walsh,-34.6227394,-58.3914497,habil,13,212.8,Origen: la gente sale de su casa (pico a la mañana),True
E,Entre Ríos - Rodolfo Walsh,-34.6227394,-58.3914497,habil,14,192.1,Origen: la gente sale de su casa (pico a la mañana),True
E,Entre Ríos - Rodolfo Walsh,-34.6227394,-58.3914497,habil,15,220.9,Origen: la gente sale de su casa (pico a la mañana),True
E,Entre Ríos - Rodolfo Walsh,-34.6227394,-58.3914497,habil,16,265.3,Origen: la gente sale de su casa (pico a la mañana),True
E,Entre Ríos - Rodolfo Walsh,-34.6227394,-58.3914497,habil,17,273.4,Origen: la gente sale de su casa (pico a la mañana),True
E,Entre Ríos - Rodolfo Walsh,-34.6227394,-58.3914497,habil,18,233.1,Origen: la gente sale de su casa (pico a la mañana),True
E,Entre Ríos - Rodolfo Walsh,-34.6227394,-58.3914497,habil,19,135.6,Origen: la gente sale de su casa (pico a la mañana),True
E,Entre Ríos - Rodolfo Walsh,-34.6227394,-58.3914497,habil,20,106.1,Origen: la gente sale de su casa (pico a la mañana),True
E,Entre Ríos - Rodolfo Walsh,-34.6227394,-58.3914497,habil,21,75.0,Origen: la gente sale de su casa (pico a la mañana),True
E,Entre Ríos - Rodolfo Walsh,-34.6227394,-58.3914497,habil,22,41.8,Origen: la gente sale de su casa (pico a la mañana),True
E,Entre Ríos - Rodolfo Walsh,-34.6227394,-58.3914497,habil,23,5.1,Origen: la gente sale de su casa (pico a la mañana),True
E,General Urquiza,-34.6246886,-58.4097487,fin_de_semana,0,0.0,Origen: la gente sale de su casa (pico a la mañana),True
E,General Urquiza,-34.6246886,-58.4097487,fin_de_semana,5,0.9,Origen: la gente sale de su casa (pico a la mañana),True
E,General Urquiza,-34.6246886,-58.4097487,fin_de_semana,6,13.9,Origen: la gente sale de su casa (pico a la mañana),True
E,General Urquiza,-34.6246886,-58.4097487,fin_de_semana,7,26.9,Origen: la gente sale de su casa (pico a la mañana),True
E,General Urquiza,-34.6246886,-58.4097487,fin_de_semana,8,53.3,Origen: la gente sale de su casa (pico a la mañana),True
E,General Urquiza,-34.6246886,-58.4097487,fin_de_semana,9,59.0,Origen: la gente sale de su casa (pico a la mañana),True
E,General Urquiza,-34.6246886,-58.4097487,fin_de_semana,10,66.7,Origen: la gente sale de su casa (pico a la mañana),True
E,General Urquiza,-34.6246886,-58.4097487,fin_de_semana,11,75.8,Origen: la gente sale de su casa (pico a la mañana),True
E,General Urquiza,-34.6246886,-58.4097487,fin_de_semana,12,85.9,Origen: la gente sale de su casa (pico a la mañana),True
E,General Urquiza,-34.6246886,-58.4097487,fin_de_semana,13,86.7,Origen: la gente sale de su casa (pico a la mañana),True
E,General Urquiza,-34.6246886,-58.4097487,fin_de_semana,14,83.3,Origen: la gente sale de su casa (pico a la mañana),True
E,General Urquiza,-34.6246886,-58.4097487,fin_de_semana,15,84.1,Origen: la gente sale de su casa (pico a la mañana),True
E,General Urquiza,-34.6246886,-58.4097487,fin_de_semana,16,89.6,Origen: la gente sale de su casa (pico a la mañana),True
E,General Urquiza,-34.6246886,-58.4097487,fin_de_semana,17,75.0,Origen: la gente sale de su casa (pico a la mañana),True
E,General Urquiza,-34.6246886,-58.4097487,fin_de_semana,18,77.1,Origen: la gente sale de su casa (pico a la mañana),True
E,General Urquiza,-34.6246886,-58.4097487,fin_de_semana,19,74.4,Origen: la gente sale de su casa (pico a la mañana),True
E,General Urquiza,-34.6246886,-58.4097487,fin_de_semana,20,54.8,Origen: la gente sale de su casa (pico a la mañana),True
E,General Urquiza,-34.6246886,-58.4097487,fin_de_semana,21,41.2,Origen: la gente sale de su casa (pico a la mañana),True
E,General Urquiza,-34.6246886,-58.4097487,fin_de_semana,22,15.1,Origen: la gente sale de su casa (pico a la mañana),True
E,General Urquiza,-34.6246886,-58.4097487,fin_de_semana,23,3.8,Origen: la gente sale de su casa (pico a la mañana),True
E,General Urquiza,-34.6246886,-58.4097487,habil,5,20.5,Origen: la gente sale de su casa (pico a la mañana),True
E,General Urquiza,-34.6246886,-58.4097487,habil,6,76.2,Origen: la gente sale de su casa (pico a la mañana),True
E,General Urquiza,-34.6246886,-58.4097487,habil,7,285.2,Origen: la gente sale de su casa (pico a la mañana),True
E,General Urquiza,-34.6246886,-58.4097487,habil,8,393.8,Origen: la gente sale de su casa (pico a la mañana),True
E,General Urquiza,-34.6246886,-58.4097487,habil,9,272.2,Origen: la gente sale de su casa (pico a la mañana),True
E,General Urquiza,-34.6246886,-58.4097487,habil,10,175.0,Origen: la gente sale de su casa (pico a la mañana),True
E,General Urquiza,-34.6246886,-58.4097487,habil,11,159.1,Origen: la gente sale de su casa (pico a la mañana),True
E,General Urquiza,-34.6246886,-58.4097487,habil,12,219.8,Origen: la gente sale de su casa (pico a la mañana),True
E,General Urquiza,-34.6246886,-58.4097487,habil,13,204.4,Origen: la gente sale de su casa (pico a la mañana),True
E,General Urquiza,-34.6246886,-58.4097487,habil,14,164.6,Origen: la gente sale de su casa (pico a la mañana),True
E,General Urquiza,-34.6246886,-58.4097487,habil,15,162.1,Origen: la gente sale de su casa (pico a la mañana),True
E,General Urquiza,-34.6246886,-58.4097487,habil,16,257.2,Origen: la gente sale de su casa (pico a la mañana),True
E,General Urquiza,-34.6246886,-58.4097487,habil,17,201.0,Origen: la gente sale de su casa (pico a la mañana),True
E,General Urquiza,-34.6246886,-58.4097487,habil,18,168.1,Origen: la gente sale de su casa (pico a la mañana),True
E,General Urquiza,-34.6246886,-58.4097487,habil,19,121.4,Origen: la gente sale de su casa (pico a la mañana),True
E,General Urquiza,-34.6246886,-58.4097487,habil,20,84.7,Origen: la gente sale de su casa (pico a la mañana),True
E,General Urquiza,-34.6246886,-58.4097487,habil,21,75.4,Origen: la gente sale de su casa (pico a la mañana),True
E,General Urquiza,-34.6246886,-58.4097487,habil,22,26.6,Origen: la gente sale de su casa (pico a la mañana),True
E,General Urquiza,-34.6246886,-58.4097487,habil,23,1.9,Origen: la gente sale de su casa (pico a la mañana),True
E,Independencia - Santa Mama Antula,-34.6181099,-58.3814646,fin_de_semana,0,0.0,Destino: la gente vuelve del trabajo (pico a la tarde),True
E,Independencia - Santa Mama Antula,-34.6181099,-58.3814646,fin_de_semana,5,1.4000000000000001,Destino: la gente vuelve del trabajo (pico a la tarde),True
E,Independencia - Santa Mama Antula,-34.6181099,-58.3814646,fin_de_semana,6,17.1,Destino: la gente vuelve del trabajo (pico a la tarde),True
E,Independencia - Santa Mama Antula,-34.6181099,-58.3814646,fin_de_semana,7,28.5,Destino: la gente vuelve del trabajo (pico a la tarde),True
E,Independencia - Santa Mama Antula,-34.6181099,-58.3814646,fin_de_semana,8,53.7,Destino: la gente vuelve del trabajo (pico a la tarde),True
E,Independencia - Santa Mama Antula,-34.6181099,-58.3814646,fin_de_semana,9,69.2,Destino: la gente vuelve del trabajo (pico a la tarde),True
E,Independencia - Santa Mama Antula,-34.6181099,-58.3814646,fin_de_semana,10,80.30000000000001,Destino: la gente vuelve del trabajo (pico a la tarde),True
E,Independencia - Santa Mama Antula,-34.6181099,-58.3814646,fin_de_semana,11,107.5,Destino: la gente vuelve del trabajo (pico a la tarde),True
E,Independencia - Santa Mama Antula,-34.6181099,-58.3814646,fin_de_semana,12,126.5,Destino: la gente vuelve del trabajo (pico a la tarde),True
E,Independencia - Santa Mama Antula,-34.6181099,-58.3814646,fin_de_semana,13,117.2,Destino: la gente vuelve del trabajo (pico a la tarde),True
E,Independencia - Santa Mama Antula,-34.6181099,-58.3814646,fin_de_semana,14,92.9,Destino: la gente vuelve del trabajo (pico a la tarde),True
E,Independencia - Santa Mama Antula,-34.6181099,-58.3814646,fin_de_semana,15,92.4,Destino: la gente vuelve del trabajo (pico a la tarde),True
E,Independencia - Santa Mama Antula,-34.6181099,-58.3814646,fin_de_semana,16,99.1,Destino: la gente vuelve del trabajo (pico a la tarde),True
E,Independencia - Santa Mama Antula,-34.6181099,-58.3814646,fin_de_semana,17,107.5,Destino: la gente vuelve del trabajo (pico a la tarde),True
E,Independencia - Santa Mama Antula,-34.6181099,-58.3814646,fin_de_semana,18,100.5,Destino: la gente vuelve del trabajo (pico a la tarde),True
E,Independencia - Santa Mama Antula,-34.6181099,-58.3814646,fin_de_semana,19,84.4,Destino: la gente vuelve del trabajo (pico a la tarde),True
E,Independencia - Santa Mama Antula,-34.6181099,-58.3814646,fin_de_semana,20,66.1,Destino: la gente vuelve del trabajo (pico a la tarde),True
E,Independencia - Santa Mama Antula,-34.6181099,-58.3814646,fin_de_semana,21,60.800000000000004,Destino: la gente vuelve del trabajo (pico a la tarde),True
E,Independencia - Santa Mama Antula,-34.6181099,-58.3814646,fin_de_semana,22,33.1,Destino: la gente vuelve del trabajo (pico a la tarde),True
E,Independencia - Santa Mama Antula,-34.6181099,-58.3814646,fin_de_semana,23,5.6,Destino: la gente vuelve del trabajo (pico a la tarde),True
E,Independencia - Santa Mama Antula,-34.6181099,-58.3814646,habil,1,0.0,Destino: la gente vuelve del trabajo (pico a la tarde),True
E,Independencia - Santa Mama Antula,-34.6181099,-58.3814646,habil,3,0.0,Destino: la gente vuelve del trabajo (pico a la tarde),True
E,Independencia - Santa Mama Antula,-34.6181099,-58.3814646,habil,4,0.0,Destino: la gente vuelve del trabajo (pico a la tarde),True
E,Independencia - Santa Mama Antula,-34.6181099,-58.3814646,habil,5,13.9,Destino: la gente vuelve del trabajo (pico a la tarde),True
E,Independencia - Santa Mama Antula,-34.6181099,-58.3814646,habil,6,70.5,Destino: la gente vuelve del trabajo (pico a la tarde),True
E,Independencia - Santa Mama Antula,-34.6181099,-58.3814646,habil,7,152.4,Destino: la gente vuelve del trabajo (pico a la tarde),True
E,Independencia - Santa Mama Antula,-34.6181099,-58.3814646,habil,8,224.3,Destino: la gente vuelve del trabajo (pico a la tarde),True
E,Independencia - Santa Mama Antula,-34.6181099,-58.3814646,habil,9,301.4,Destino: la gente vuelve del trabajo (pico a la tarde),True
E,Independencia - Santa Mama Antula,-34.6181099,-58.3814646,habil,10,346.2,Destino: la gente vuelve del trabajo (pico a la tarde),True
E,Independencia - Santa Mama Antula,-34.6181099,-58.3814646,habil,11,860.2,Destino: la gente vuelve del trabajo (pico a la tarde),True
E,Independencia - Santa Mama Antula,-34.6181099,-58.3814646,habil,12,731.6,Destino: la gente vuelve del trabajo (pico a la tarde),True
E,Independencia - Santa Mama Antula,-34.6181099,-58.3814646,habil,13,267.9,Destino: la gente vuelve del trabajo (pico a la tarde),True
E,Independencia - Santa Mama Antula,-34.6181099,-58.3814646,habil,14,257.0,Destino: la gente vuelve del trabajo (pico a la tarde),True
E,Independencia - Santa Mama Antula,-34.6181099,-58.3814646,habil,15,424.6,Destino: la gente vuelve del trabajo (pico a la tarde),True
E,Independencia - Santa Mama Antula,-34.6181099,-58.3814646,habil,16,510.6,Destino: la gente vuelve del trabajo (pico a la tarde),True
E,Independencia - Santa Mama Antula,-34.6181099,-58.3814646,habil,17,1132.3,Destino: la gente vuelve del trabajo (pico a la tarde),True
E,Independencia - Santa Mama Antula,-34.6181099,-58.3814646,habil,18,511.5,Destino: la gente vuelve del trabajo (pico a la tarde),True
E,Independencia - Santa Mama Antula,-34.6181099,-58.3814646,habil,19,333.9,Destino: la gente vuelve del trabajo (pico a la tarde),True
E,Independencia - Santa Mama Antula,-34.6181099,-58.3814646,habil,20,477.2,Destino: la gente vuelve del trabajo (pico a la tarde),True
E,Independencia - Santa Mama Antula,-34.6181099,-58.3814646,habil,21,846.4000000000001,Destino: la gente vuelve del trabajo (pico a la tarde),True
E,Independencia - Santa Mama Antula,-34.6181099,-58.3814646,habil,22,437.4,Destino: la gente vuelve del trabajo (pico a la tarde),True
E,Independencia - Santa Mama Antula,-34.6181099,-58.3814646,habil,23,9.3,Destino: la gente vuelve del trabajo (pico a la tarde),True
E,José María Moreno,-34.6280256,-58.4338861,fin_de_semana,0,0.1,Origen: la gente sale de su casa (pico a la mañana),True
E,José María Moreno,-34.6280256,-58.4338861,fin_de_semana,1,0.0,Origen: la gente sale de su casa (pico a la mañana),True
E,José María Moreno,-34.6280256,-58.4338861,fin_de_semana,2,0.0,Origen: la gente sale de su casa (pico a la mañana),True
E,José María Moreno,-34.6280256,-58.4338861,fin_de_semana,5,1.0,Origen: la gente sale de su casa (pico a la mañana),True
E,José María Moreno,-34.6280256,-58.4338861,fin_de_semana,6,9.9,Origen: la gente sale de su casa (pico a la mañana),True
E,José María Moreno,-34.6280256,-58.4338861,fin_de_semana,7,32.6,Origen: la gente sale de su casa (pico a la mañana),True
E,José María Moreno,-34.6280256,-58.4338861,fin_de_semana,8,53.9,Origen: la gente sale de su casa (pico a la mañana),True
E,José María Moreno,-34.6280256,-58.4338861,fin_de_semana,9,65.8,Origen: la gente sale de su casa (pico a la mañana),True
E,José María Moreno,-34.6280256,-58.4338861,fin_de_semana,10,75.9,Origen: la gente sale de su casa (pico a la mañana),True
E,José María Moreno,-34.6280256,-58.4338861,fin_de_semana,11,82.9,Origen: la gente sale de su casa (pico a la mañana),True
E,José María Moreno,-34.6280256,-58.4338861,fin_de_semana,12,100.1,Origen: la gente sale de su casa (pico a la mañana),True
E,José María Moreno,-34.6280256,-58.4338861,fin_de_semana,13,131.0,Origen: la gente sale de su casa (pico a la mañana),True
E,José María Moreno,-34.6280256,-58.4338861,fin_de_semana,14,106.5,Origen: la gente sale de su casa (pico a la mañana),True
E,José María Moreno,-34.6280256,-58.4338861,fin_de_semana,15,105.7,Origen: la gente sale de su casa (pico a la mañana),True
E,José María Moreno,-34.6280256,-58.4338861,fin_de_semana,16,108.7,Origen: la gente sale de su casa (pico a la mañana),True
E,José María Moreno,-34.6280256,-58.4338861,fin_de_semana,17,98.4,Origen: la gente sale de su casa (pico a la mañana),True
E,José María Moreno,-34.6280256,-58.4338861,fin_de_semana,18,95.2,Origen: la gente sale de su casa (pico a la mañana),True
E,José María Moreno,-34.6280256,-58.4338861,fin_de_semana,19,118.2,Origen: la gente sale de su casa (pico a la mañana),True
E,José María Moreno,-34.6280256,-58.4338861,fin_de_semana,20,82.4,Origen: la gente sale de su casa (pico a la mañana),True
E,José María Moreno,-34.6280256,-58.4338861,fin_de_semana,21,53.5,Origen: la gente sale de su casa (pico a la mañana),True
E,José María Moreno,-34.6280256,-58.4338861,fin_de_semana,22,17.4,Origen: la gente sale de su casa (pico a la mañana),True
E,José María Moreno,-34.6280256,-58.4338861,fin_de_semana,23,4.2,Origen: la gente sale de su casa (pico a la mañana),True
E,José María Moreno,-34.6280256,-58.4338861,habil,0,0.1,Origen: la gente sale de su casa (pico a la mañana),True
E,José María Moreno,-34.6280256,-58.4338861,habil,1,0.0,Origen: la gente sale de su casa (pico a la mañana),True
E,José María Moreno,-34.6280256,-58.4338861,habil,2,0.0,Origen: la gente sale de su casa (pico a la mañana),True
E,José María Moreno,-34.6280256,-58.4338861,habil,3,0.0,Origen: la gente sale de su casa (pico a la mañana),True
E,José María Moreno,-34.6280256,-58.4338861,habil,4,0.0,Origen: la gente sale de su casa (pico a la mañana),True
E,José María Moreno,-34.6280256,-58.4338861,habil,5,13.8,Origen: la gente sale de su casa (pico a la mañana),True
E,José María Moreno,-34.6280256,-58.4338861,habil,6,115.2,Origen: la gente sale de su casa (pico a la mañana),True
E,José María Moreno,-34.6280256,-58.4338861,habil,7,438.2,Origen: la gente sale de su casa (pico a la mañana),True
E,José María Moreno,-34.6280256,-58.4338861,habil,8,550.2,Origen: la gente sale de su casa (pico a la mañana),True
E,José María Moreno,-34.6280256,-58.4338861,habil,9,391.8,Origen: la gente sale de su casa (pico a la mañana),True
E,José María Moreno,-34.6280256,-58.4338861,habil,10,202.5,Origen: la gente sale de su casa (pico a la mañana),True
E,José María Moreno,-34.6280256,-58.4338861,habil,11,172.8,Origen: la gente sale de su casa (pico a la mañana),True
E,José María Moreno,-34.6280256,-58.4338861,habil,12,199.2,Origen: la gente sale de su casa (pico a la mañana),True
E,José María Moreno,-34.6280256,-58.4338861,habil,13,221.4,Origen: la gente sale de su casa (pico a la mañana),True
E,José María Moreno,-34.6280256,-58.4338861,habil,14,143.4,Origen: la gente sale de su casa (pico a la mañana),True
E,José María Moreno,-34.6280256,-58.4338861,habil,15,155.3,Origen: la gente sale de su casa (pico a la mañana),True
E,José María Moreno,-34.6280256,-58.4338861,habil,16,191.1,Origen: la gente sale de su casa (pico a la mañana),True
E,José María Moreno,-34.6280256,-58.4338861,habil,17,220.5,Origen: la gente sale de su casa (pico a la mañana),True
E,José María Moreno,-34.6280256,-58.4338861,habil,18,221.4,Origen: la gente sale de su casa (pico a la mañana),True
E,José María Moreno,-34.6280256,-58.4338861,habil,19,129.8,Origen: la gente sale de su casa (pico a la mañana),True
E,José María Moreno,-34.6280256,-58.4338861,habil,20,95.6,Origen: la gente sale de su casa (pico a la mañana),True
E,José María Moreno,-34.6280256,-58.4338861,habil,21,60.7,Origen: la gente sale de su casa (pico a la mañana),True
E,José María Moreno,-34.6280256,-58.4338861,habil,22,35.6,Origen: la gente sale de su casa (pico a la mañana),True
E,José María Moreno,-34.6280256,-58.4338861,habil,23,2.0,Origen: la gente sale de su casa (pico a la mañana),True
E,Jujuy,-34.6238418,-58.4027603,fin_de_semana,0,0.2,Origen: la gente sale de su casa (pico a la mañana),True
E,Jujuy,-34.6238418,-58.4027603,fin_de_semana,5,0.6,Origen: la gente sale de su casa (pico a la mañana),True
E,Jujuy,-34.6238418,-58.4027603,fin_de_semana,6,10.1,Origen: la gente sale de su casa (pico a la mañana),True
E,Jujuy,-34.6238418,-58.4027603,fin_de_semana,7,25.7,Origen: la gente sale de su casa (pico a la mañana),True
E,Jujuy,-34.6238418,-58.4027603,fin_de_semana,8,46.5,Origen: la gente sale de su casa (pico a la mañana),True
E,Jujuy,-34.6238418,-58.4027603,fin_de_semana,9,58.3,Origen: la gente sale de su casa (pico a la mañana),True
E,Jujuy,-34.6238418,-58.4027603,fin_de_semana,10,66.2,Origen: la gente sale de su casa (pico a la mañana),True
E,Jujuy,-34.6238418,-58.4027603,fin_de_semana,11,74.2,Origen: la gente sale de su casa (pico a la mañana),True
E,Jujuy,-34.6238418,-58.4027603,fin_de_semana,12,92.7,Origen: la gente sale de su casa (pico a la mañana),True
E,Jujuy,-34.6238418,-58.4027603,fin_de_semana,13,97.2,Origen: la gente sale de su casa (pico a la mañana),True
E,Jujuy,-34.6238418,-58.4027603,fin_de_semana,14,93.6,Origen: la gente sale de su casa (pico a la mañana),True
E,Jujuy,-34.6238418,-58.4027603,fin_de_semana,15,91.4,Origen: la gente sale de su casa (pico a la mañana),True
E,Jujuy,-34.6238418,-58.4027603,fin_de_semana,16,92.4,Origen: la gente sale de su casa (pico a la mañana),True
E,Jujuy,-34.6238418,-58.4027603,fin_de_semana,17,86.7,Origen: la gente sale de su casa (pico a la mañana),True
E,Jujuy,-34.6238418,-58.4027603,fin_de_semana,18,79.3,Origen: la gente sale de su casa (pico a la mañana),True
E,Jujuy,-34.6238418,-58.4027603,fin_de_semana,19,75.0,Origen: la gente sale de su casa (pico a la mañana),True
E,Jujuy,-34.6238418,-58.4027603,fin_de_semana,20,66.5,Origen: la gente sale de su casa (pico a la mañana),True
E,Jujuy,-34.6238418,-58.4027603,fin_de_semana,21,42.5,Origen: la gente sale de su casa (pico a la mañana),True
E,Jujuy,-34.6238418,-58.4027603,fin_de_semana,22,21.0,Origen: la gente sale de su casa (pico a la mañana),True
E,Jujuy,-34.6238418,-58.4027603,fin_de_semana,23,5.6,Origen: la gente sale de su casa (pico a la mañana),True
E,Jujuy,-34.6238418,-58.4027603,habil,5,10.7,Origen: la gente sale de su casa (pico a la mañana),True
E,Jujuy,-34.6238418,-58.4027603,habil,6,48.5,Origen: la gente sale de su casa (pico a la mañana),True
E,Jujuy,-34.6238418,-58.4027603,habil,7,152.9,Origen: la gente sale de su casa (pico a la mañana),True
E,Jujuy,-34.6238418,-58.4027603,habil,8,207.9,Origen: la gente sale de su casa (pico a la mañana),True
E,Jujuy,-34.6238418,-58.4027603,habil,9,155.5,Origen: la gente sale de su casa (pico a la mañana),True
E,Jujuy,-34.6238418,-58.4027603,habil,10,115.1,Origen: la gente sale de su casa (pico a la mañana),True
E,Jujuy,-34.6238418,-58.4027603,habil,11,120.0,Origen: la gente sale de su casa (pico a la mañana),True
E,Jujuy,-34.6238418,-58.4027603,habil,12,158.8,Origen: la gente sale de su casa (pico a la mañana),True
E,Jujuy,-34.6238418,-58.4027603,habil,13,144.6,Origen: la gente sale de su casa (pico a la mañana),True
E,Jujuy,-34.6238418,-58.4027603,habil,14,131.7,Origen: la gente sale de su casa (pico a la mañana),True
E,Jujuy,-34.6238418,-58.4027603,habil,15,148.0,Origen: la gente sale de su casa (pico a la mañana),True
E,Jujuy,-34.6238418,-58.4027603,habil,16,174.9,Origen: la gente sale de su casa (pico a la mañana),True
E,Jujuy,-34.6238418,-58.4027603,habil,17,216.7,Origen: la gente sale de su casa (pico a la mañana),True
E,Jujuy,-34.6238418,-58.4027603,habil,18,174.5,Origen: la gente sale de su casa (pico a la mañana),True
E,Jujuy,-34.6238418,-58.4027603,habil,19,105.1,Origen: la gente sale de su casa (pico a la mañana),True
E,Jujuy,-34.6238418,-58.4027603,habil,20,86.6,Origen: la gente sale de su casa (pico a la mañana),True
E,Jujuy,-34.6238418,-58.4027603,habil,21,63.9,Origen: la gente sale de su casa (pico a la mañana),True
E,Jujuy,-34.6238418,-58.4027603,habil,22,38.1,Origen: la gente sale de su casa (pico a la mañana),True
E,Jujuy,-34.6238418,-58.4027603,habil,23,7.2,Origen: la gente sale de su casa (pico a la mañana),True
E,Medalla Milagrosa,-34.6363065,-58.4501913,fin_de_semana,0,0.0,Origen: la gente sale de su casa (pico a la mañana),False
E,Medalla Milagrosa,-34.6363065,-58.4501913,fin_de_semana,5,0.8,Origen: la gente sale de su casa (pico a la mañana),False
E,Medalla Milagrosa,-34.6363065,-58.4501913,fin_de_semana,6,6.1,Origen: la gente sale de su casa (pico a la mañana),False
E,Medalla Milagrosa,-34.6363065,-58.4501913,fin_de_semana,7,22.0,Origen: la gente sale de su casa (pico a la mañana),False
E,Medalla Milagrosa,-34.6363065,-58.4501913,fin_de_semana,8,30.5,Origen: la gente sale de su casa (pico a la mañana),False
E,Medalla Milagrosa,-34.6363065,-58.4501913,fin_de_semana,9,40.1,Origen: la gente sale de su casa (pico a la mañana),False
E,Medalla Milagrosa,-34.6363065,-58.4501913,fin_de_semana,10,37.9,Origen: la gente sale de su casa (pico a la mañana),False
E,Medalla Milagrosa,-34.6363065,-58.4501913,fin_de_semana,11,46.1,Origen: la gente sale de su casa (pico a la mañana),False
E,Medalla Milagrosa,-34.6363065,-58.4501913,fin_de_semana,12,55.3,Origen: la gente sale de su casa (pico a la mañana),False
E,Medalla Milagrosa,-34.6363065,-58.4501913,fin_de_semana,13,52.8,Origen: la gente sale de su casa (pico a la mañana),False
E,Medalla Milagrosa,-34.6363065,-58.4501913,fin_de_semana,14,47.1,Origen: la gente sale de su casa (pico a la mañana),False
E,Medalla Milagrosa,-34.6363065,-58.4501913,fin_de_semana,15,54.1,Origen: la gente sale de su casa (pico a la mañana),False
E,Medalla Milagrosa,-34.6363065,-58.4501913,fin_de_semana,16,60.0,Origen: la gente sale de su casa (pico a la mañana),False
E,Medalla Milagrosa,-34.6363065,-58.4501913,fin_de_semana,17,50.6,Origen: la gente sale de su casa (pico a la mañana),False
E,Medalla Milagrosa,-34.6363065,-58.4501913,fin_de_semana,18,49.0,Origen: la gente sale de su casa (pico a la mañana),False
E,Medalla Milagrosa,-34.6363065,-58.4501913,fin_de_semana,19,46.7,Origen: la gente sale de su casa (pico a la mañana),False
E,Medalla Milagrosa,-34.6363065,-58.4501913,fin_de_semana,20,42.5,Origen: la gente sale de su casa (pico a la mañana),False
E,Medalla Milagrosa,-34.6363065,-58.4501913,fin_de_semana,21,24.3,Origen: la gente sale de su casa (pico a la mañana),False
E,Medalla Milagrosa,-34.6363065,-58.4501913,fin_de_semana,22,7.9,Origen: la gente sale de su casa (pico a la mañana),False
E,Medalla Milagrosa,-34.6363065,-58.4501913,fin_de_semana,23,1.9,Origen: la gente sale de su casa (pico a la mañana),False
E,Medalla Milagrosa,-34.6363065,-58.4501913,habil,5,10.4,Origen: la gente sale de su casa (pico a la mañana),False
E,Medalla Milagrosa,-34.6363065,-58.4501913,habil,6,62.8,Origen: la gente sale de su casa (pico a la mañana),False
E,Medalla Milagrosa,-34.6363065,-58.4501913,habil,7,235.6,Origen: la gente sale de su casa (pico a la mañana),False
E,Medalla Milagrosa,-34.6363065,-58.4501913,habil,8,277.6,Origen: la gente sale de su casa (pico a la mañana),False
E,Medalla Milagrosa,-34.6363065,-58.4501913,habil,9,190.9,Origen: la gente sale de su casa (pico a la mañana),False
E,Medalla Milagrosa,-34.6363065,-58.4501913,habil,10,94.8,Origen: la gente sale de su casa (pico a la mañana),False
E,Medalla Milagrosa,-34.6363065,-58.4501913,habil,11,93.3,Origen: la gente sale de su casa (pico a la mañana),False
E,Medalla Milagrosa,-34.6363065,-58.4501913,habil,12,103.0,Origen: la gente sale de su casa (pico a la mañana),False
E,Medalla Milagrosa,-34.6363065,-58.4501913,habil,13,105.1,Origen: la gente sale de su casa (pico a la mañana),False
E,Medalla Milagrosa,-34.6363065,-58.4501913,habil,14,73.7,Origen: la gente sale de su casa (pico a la mañana),False
E,Medalla Milagrosa,-34.6363065,-58.4501913,habil,15,78.0,Origen: la gente sale de su casa (pico a la mañana),False
E,Medalla Milagrosa,-34.6363065,-58.4501913,habil,16,96.9,Origen: la gente sale de su casa (pico a la mañana),False
E,Medalla Milagrosa,-34.6363065,-58.4501913,habil,17,118.9,Origen: la gente sale de su casa (pico a la mañana),False
E,Medalla Milagrosa,-34.6363065,-58.4501913,habil,18,94.0,Origen: la gente sale de su casa (pico a la mañana),False
E,Medalla Milagrosa,-34.6363065,-58.4501913,habil,19,58.0,Origen: la gente sale de su casa (pico a la mañana),False
E,Medalla Milagrosa,-34.6363065,-58.4501913,habil,20,42.3,Origen: la gente sale de su casa (pico a la mañana),False
E,Medalla Milagrosa,-34.6363065,-58.4501913,habil,21,32.2,Origen: la gente sale de su casa (pico a la mañana),False
E,Medalla Milagrosa,-34.6363065,-58.4501913,habil,22,14.5,Origen: la gente sale de su casa (pico a la mañana),False
E,Medalla Milagrosa,-34.6363065,-58.4501913,habil,23,0.4,Origen: la gente sale de su casa (pico a la mañana),False
E,Pichincha,-34.6232137,-58.3975718,fin_de_semana,0,0.1,Origen: la gente sale de su casa (pico a la mañana),False
E,Pichincha,-34.6232137,-58.3975718,fin_de_semana,5,0.7,Origen: la gente sale de su casa (pico a la mañana),False
E,Pichincha,-34.6232137,-58.3975718,fin_de_semana,6,11.4,Origen: la gente sale de su casa (pico a la mañana),False
E,Pichincha,-34.6232137,-58.3975718,fin_de_semana,7,22.2,Origen: la gente sale de su casa (pico a la mañana),False
E,Pichincha,-34.6232137,-58.3975718,fin_de_semana,8,40.0,Origen: la gente sale de su casa (pico a la mañana),False
E,Pichincha,-34.6232137,-58.3975718,fin_de_semana,9,51.5,Origen: la gente sale de su casa (pico a la mañana),False
E,Pichincha,-34.6232137,-58.3975718,fin_de_semana,10,59.0,Origen: la gente sale de su casa (pico a la mañana),False
E,Pichincha,-34.6232137,-58.3975718,fin_de_semana,11,67.2,Origen: la gente sale de su casa (pico a la mañana),False
E,Pichincha,-34.6232137,-58.3975718,fin_de_semana,12,75.3,Origen: la gente sale de su casa (pico a la mañana),False
E,Pichincha,-34.6232137,-58.3975718,fin_de_semana,13,77.9,Origen: la gente sale de su casa (pico a la mañana),False
E,Pichincha,-34.6232137,-58.3975718,fin_de_semana,14,74.4,Origen: la gente sale de su casa (pico a la mañana),False
E,Pichincha,-34.6232137,-58.3975718,fin_de_semana,15,80.0,Origen: la gente sale de su casa (pico a la mañana),False
E,Pichincha,-34.6232137,-58.3975718,fin_de_semana,16,82.3,Origen: la gente sale de su casa (pico a la mañana),False
E,Pichincha,-34.6232137,-58.3975718,fin_de_semana,17,73.2,Origen: la gente sale de su casa (pico a la mañana),False
E,Pichincha,-34.6232137,-58.3975718,fin_de_semana,18,71.4,Origen: la gente sale de su casa (pico a la mañana),False
E,Pichincha,-34.6232137,-58.3975718,fin_de_semana,19,55.2,Origen: la gente sale de su casa (pico a la mañana),False
E,Pichincha,-34.6232137,-58.3975718,fin_de_semana,20,47.6,Origen: la gente sale de su casa (pico a la mañana),False
E,Pichincha,-34.6232137,-58.3975718,fin_de_semana,21,34.1,Origen: la gente sale de su casa (pico a la mañana),False
E,Pichincha,-34.6232137,-58.3975718,fin_de_semana,22,15.2,Origen: la gente sale de su casa (pico a la mañana),False
E,Pichincha,-34.6232137,-58.3975718,fin_de_semana,23,4.1,Origen: la gente sale de su casa (pico a la mañana),False
E,Pichincha,-34.6232137,-58.3975718,habil,3,0.0,Origen: la gente sale de su casa (pico a la mañana),False
E,Pichincha,-34.6232137,-58.3975718,habil,5,15.2,Origen: la gente sale de su casa (pico a la mañana),False
E,Pichincha,-34.6232137,-58.3975718,habil,6,63.3,Origen: la gente sale de su casa (pico a la mañana),False
E,Pichincha,-34.6232137,-58.3975718,habil,7,195.3,Origen: la gente sale de su casa (pico a la mañana),False
E,Pichincha,-34.6232137,-58.3975718,habil,8,249.5,Origen: la gente sale de su casa (pico a la mañana),False
E,Pichincha,-34.6232137,-58.3975718,habil,9,184.2,Origen: la gente sale de su casa (pico a la mañana),False
E,Pichincha,-34.6232137,-58.3975718,habil,10,123.8,Origen: la gente sale de su casa (pico a la mañana),False
E,Pichincha,-34.6232137,-58.3975718,habil,11,113.0,Origen: la gente sale de su casa (pico a la mañana),False
E,Pichincha,-34.6232137,-58.3975718,habil,12,135.5,Origen: la gente sale de su casa (pico a la mañana),False
E,Pichincha,-34.6232137,-58.3975718,habil,13,127.3,Origen: la gente sale de su casa (pico a la mañana),False
E,Pichincha,-34.6232137,-58.3975718,habil,14,99.6,Origen: la gente sale de su casa (pico a la mañana),False
E,Pichincha,-34.6232137,-58.3975718,habil,15,115.3,Origen: la gente sale de su casa (pico a la mañana),False
E,Pichincha,-34.6232137,-58.3975718,habil,16,157.8,Origen: la gente sale de su casa (pico a la mañana),False
E,Pichincha,-34.6232137,-58.3975718,habil,17,145.0,Origen: la gente sale de su casa (pico a la mañana),False
E,Pichincha,-34.6232137,-58.3975718,habil,18,128.4,Origen: la gente sale de su casa (pico a la mañana),False
E,Pichincha,-34.6232137,-58.3975718,habil,19,89.7,Origen: la gente sale de su casa (pico a la mañana),False
E,Pichincha,-34.6232137,-58.3975718,habil,20,65.2,Origen: la gente sale de su casa (pico a la mañana),False
E,Pichincha,-34.6232137,-58.3975718,habil,21,54.2,Origen: la gente sale de su casa (pico a la mañana),False
E,Pichincha,-34.6232137,-58.3975718,habil,22,24.4,Origen: la gente sale de su casa (pico a la mañana),False
E,Pichincha,-34.6232137,-58.3975718,habil,23,3.6,Origen: la gente sale de su casa (pico a la mañana),False
E,Plaza de los Virreyes - Eva Perón,-34.6429239,-58.461676,fin_de_semana,5,11.1,Origen: la gente sale de su casa (pico a la mañana),True
E,Plaza de los Virreyes - Eva Perón,-34.6429239,-58.461676,fin_de_semana,6,71.1,Origen: la gente sale de su casa (pico a la mañana),True
E,Plaza de los Virreyes - Eva Perón,-34.6429239,-58.461676,fin_de_semana,7,133.8,Origen: la gente sale de su casa (pico a la mañana),True
E,Plaza de los Virreyes - Eva Perón,-34.6429239,-58.461676,fin_de_semana,8,186.7,Origen: la gente sale de su casa (pico a la mañana),True
E,Plaza de los Virreyes - Eva Perón,-34.6429239,-58.461676,fin_de_semana,9,181.7,Origen: la gente sale de su casa (pico a la mañana),True
E,Plaza de los Virreyes - Eva Perón,-34.6429239,-58.461676,fin_de_semana,10,158.1,Origen: la gente sale de su casa (pico a la mañana),True
E,Plaza de los Virreyes - Eva Perón,-34.6429239,-58.461676,fin_de_semana,11,170.1,Origen: la gente sale de su casa (pico a la mañana),True
E,Plaza de los Virreyes - Eva Perón,-34.6429239,-58.461676,fin_de_semana,12,183.6,Origen: la gente sale de su casa (pico a la mañana),True
E,Plaza de los Virreyes - Eva Perón,-34.6429239,-58.461676,fin_de_semana,13,185.8,Origen: la gente sale de su casa (pico a la mañana),True
E,Plaza de los Virreyes - Eva Perón,-34.6429239,-58.461676,fin_de_semana,14,169.5,Origen: la gente sale de su casa (pico a la mañana),True
E,Plaza de los Virreyes - Eva Perón,-34.6429239,-58.461676,fin_de_semana,15,178.3,Origen: la gente sale de su casa (pico a la mañana),True
E,Plaza de los Virreyes - Eva Perón,-34.6429239,-58.461676,fin_de_semana,16,170.2,Origen: la gente sale de su casa (pico a la mañana),True
E,Plaza de los Virreyes - Eva Perón,-34.6429239,-58.461676,fin_de_semana,17,155.5,Origen: la gente sale de su casa (pico a la mañana),True
E,Plaza de los Virreyes - Eva Perón,-34.6429239,-58.461676,fin_de_semana,18,135.7,Origen: la gente sale de su casa (pico a la mañana),True
E,Plaza de los Virreyes - Eva Perón,-34.6429239,-58.461676,fin_de_semana,19,116.8,Origen: la gente sale de su casa (pico a la mañana),True
E,Plaza de los Virreyes - Eva Perón,-34.6429239,-58.461676,fin_de_semana,20,89.0,Origen: la gente sale de su casa (pico a la mañana),True
E,Plaza de los Virreyes - Eva Perón,-34.6429239,-58.461676,fin_de_semana,21,53.1,Origen: la gente sale de su casa (pico a la mañana),True
E,Plaza de los Virreyes - Eva Perón,-34.6429239,-58.461676,fin_de_semana,22,15.3,Origen: la gente sale de su casa (pico a la mañana),True
E,Plaza de los Virreyes - Eva Perón,-34.6429239,-58.461676,fin_de_semana,23,2.8,Origen: la gente sale de su casa (pico a la mañana),True
E,Plaza de los Virreyes - Eva Perón,-34.6429239,-58.461676,habil,5,127.3,Origen: la gente sale de su casa (pico a la mañana),True
E,Plaza de los Virreyes - Eva Perón,-34.6429239,-58.461676,habil,6,574.1,Origen: la gente sale de su casa (pico a la mañana),True
E,Plaza de los Virreyes - Eva Perón,-34.6429239,-58.461676,habil,7,1221.6,Origen: la gente sale de su casa (pico a la mañana),True
E,Plaza de los Virreyes - Eva Perón,-34.6429239,-58.461676,habil,8,1245.5,Origen: la gente sale de su casa (pico a la mañana),True
E,Plaza de los Virreyes - Eva Perón,-34.6429239,-58.461676,habil,9,738.3,Origen: la gente sale de su casa (pico a la mañana),True
E,Plaza de los Virreyes - Eva Perón,-34.6429239,-58.461676,habil,10,420.9,Origen: la gente sale de su casa (pico a la mañana),True
E,Plaza de los Virreyes - Eva Perón,-34.6429239,-58.461676,habil,11,405.0,Origen: la gente sale de su casa (pico a la mañana),True
E,Plaza de los Virreyes - Eva Perón,-34.6429239,-58.461676,habil,12,452.2,Origen: la gente sale de su casa (pico a la mañana),True
E,Plaza de los Virreyes - Eva Perón,-34.6429239,-58.461676,habil,13,402.6,Origen: la gente sale de su casa (pico a la mañana),True
E,Plaza de los Virreyes - Eva Perón,-34.6429239,-58.461676,habil,14,270.7,Origen: la gente sale de su casa (pico a la mañana),True
E,Plaza de los Virreyes - Eva Perón,-34.6429239,-58.461676,habil,15,264.6,Origen: la gente sale de su casa (pico a la mañana),True
E,Plaza de los Virreyes - Eva Perón,-34.6429239,-58.461676,habil,16,287.1,Origen: la gente sale de su casa (pico a la mañana),True
E,Plaza de los Virreyes - Eva Perón,-34.6429239,-58.461676,habil,17,327.4,Origen: la gente sale de su casa (pico a la mañana),True
E,Plaza de los Virreyes - Eva Perón,-34.6429239,-58.461676,habil,18,235.0,Origen: la gente sale de su casa (pico a la mañana),True
E,Plaza de los Virreyes - Eva Perón,-34.6429239,-58.461676,habil,19,132.5,Origen: la gente sale de su casa (pico a la mañana),True
E,Plaza de los Virreyes - Eva Perón,-34.6429239,-58.461676,habil,20,94.4,Origen: la gente sale de su casa (pico a la mañana),True
E,Plaza de los Virreyes - Eva Perón,-34.6429239,-58.461676,habil,21,60.0,Origen: la gente sale de su casa (pico a la mañana),True
E,Plaza de los Virreyes - Eva Perón,-34.6429239,-58.461676,habil,22,24.5,Origen: la gente sale de su casa (pico a la mañana),True
E,Plaza de los Virreyes - Eva Perón,-34.6429239,-58.461676,habil,23,0.1,Origen: la gente sale de su casa (pico a la mañana),True
E,Retiro (E),-34.5921903,-58.3761678,fin_de_semana,0,0.0,Destino: la gente vuelve del trabajo (pico a la tarde),True
E,Retiro (E),-34.5921903,-58.3761678,fin_de_semana,3,0.0,Destino: la gente vuelve del trabajo (pico a la tarde),True
E,Retiro (E),-34.5921903,-58.3761678,fin_de_semana,4,0.0,Destino: la gente vuelve del trabajo (pico a la tarde),True
E,Retiro (E),-34.5921903,-58.3761678,fin_de_semana,5,1.1,Destino: la gente vuelve del trabajo (pico a la tarde),True
E,Retiro (E),-34.5921903,-58.3761678,fin_de_semana,6,9.9,Destino: la gente vuelve del trabajo (pico a la tarde),True
E,Retiro (E),-34.5921903,-58.3761678,fin_de_semana,7,30.0,Destino: la gente vuelve del trabajo (pico a la tarde),True
E,Retiro (E),-34.5921903,-58.3761678,fin_de_semana,8,43.0,Destino: la gente vuelve del trabajo (pico a la tarde),True
E,Retiro (E),-34.5921903,-58.3761678,fin_de_semana,9,49.300000000000004,Destino: la gente vuelve del trabajo (pico a la tarde),True
E,Retiro (E),-34.5921903,-58.3761678,fin_de_semana,10,58.199999999999996,Destino: la gente vuelve del trabajo (pico a la tarde),True
E,Retiro (E),-34.5921903,-58.3761678,fin_de_semana,11,64.6,Destino: la gente vuelve del trabajo (pico a la tarde),True
E,Retiro (E),-34.5921903,-58.3761678,fin_de_semana,12,73.6,Destino: la gente vuelve del trabajo (pico a la tarde),True
E,Retiro (E),-34.5921903,-58.3761678,fin_de_semana,13,80.0,Destino: la gente vuelve del trabajo (pico a la tarde),True
E,Retiro (E),-34.5921903,-58.3761678,fin_de_semana,14,75.0,Destino: la gente vuelve del trabajo (pico a la tarde),True
E,Retiro (E),-34.5921903,-58.3761678,fin_de_semana,15,80.9,Destino: la gente vuelve del trabajo (pico a la tarde),True
E,Retiro (E),-34.5921903,-58.3761678,fin_de_semana,16,86.5,Destino: la gente vuelve del trabajo (pico a la tarde),True
E,Retiro (E),-34.5921903,-58.3761678,fin_de_semana,17,87.9,Destino: la gente vuelve del trabajo (pico a la tarde),True
E,Retiro (E),-34.5921903,-58.3761678,fin_de_semana,18,88.69999999999999,Destino: la gente vuelve del trabajo (pico a la tarde),True
E,Retiro (E),-34.5921903,-58.3761678,fin_de_semana,19,75.3,Destino: la gente vuelve del trabajo (pico a la tarde),True
E,Retiro (E),-34.5921903,-58.3761678,fin_de_semana,20,61.599999999999994,Destino: la gente vuelve del trabajo (pico a la tarde),True
E,Retiro (E),-34.5921903,-58.3761678,fin_de_semana,21,38.6,Destino: la gente vuelve del trabajo (pico a la tarde),True
E,Retiro (E),-34.5921903,-58.3761678,fin_de_semana,22,15.0,Destino: la gente vuelve del trabajo (pico a la tarde),True
E,Retiro (E),-34.5921903,-58.3761678,fin_de_semana,23,2.5999999999999996,Destino: la gente vuelve del trabajo (pico a la tarde),True
E,Retiro (E),-34.5921903,-58.3761678,habil,0,0.0,Destino: la gente vuelve del trabajo (pico a la tarde),True
E,Retiro (E),-34.5921903,-58.3761678,habil,5,10.3,Destino: la gente vuelve del trabajo (pico a la tarde),True
E,Retiro (E),-34.5921903,-58.3761678,habil,6,53.6,Destino: la gente vuelve del trabajo (pico a la tarde),True
E,Retiro (E),-34.5921903,-58.3761678,habil,7,166.0,Destino: la gente vuelve del trabajo (pico a la tarde),True
E,Retiro (E),-34.5921903,-58.3761678,habil,8,246.0,Destino: la gente vuelve del trabajo (pico a la tarde),True
E,Retiro (E),-34.5921903,-58.3761678,habil,9,218.2,Destino: la gente vuelve del trabajo (pico a la tarde),True
E,Retiro (E),-34.5921903,-58.3761678,habil,10,156.0,Destino: la gente vuelve del trabajo (pico a la tarde),True
E,Retiro (E),-34.5921903,-58.3761678,habil,11,144.8,Destino: la gente vuelve del trabajo (pico a la tarde),True
E,Retiro (E),-34.5921903,-58.3761678,habil,12,180.2,Destino: la gente vuelve del trabajo (pico a la tarde),True
E,Retiro (E),-34.5921903,-58.3761678,habil,13,193.8,Destino: la gente vuelve del trabajo (pico a la tarde),True
E,Retiro (E),-34.5921903,-58.3761678,habil,14,202.0,Destino: la gente vuelve del trabajo (pico a la tarde),True
E,Retiro (E),-34.5921903,-58.3761678,habil,15,249.10000000000002,Destino: la gente vuelve del trabajo (pico a la tarde),True
E,Retiro (E),-34.5921903,-58.3761678,habil,16,362.6,Destino: la gente vuelve del trabajo (pico a la tarde),True
E,Retiro (E),-34.5921903,-58.3761678,habil,17,504.5,Destino: la gente vuelve del trabajo (pico a la tarde),True
E,Retiro (E),-34.5921903,-58.3761678,habil,18,446.4,Destino: la gente vuelve del trabajo (pico a la tarde),True
E,Retiro (E),-34.5921903,-58.3761678,habil,19,172.6,Destino: la gente vuelve del trabajo (pico a la tarde),True
E,Retiro (E),-34.5921903,-58.3761678,habil,20,103.0,Destino: la gente vuelve del trabajo (pico a la tarde),True
E,Retiro (E),-34.5921903,-58.3761678,habil,21,54.0,Destino: la gente vuelve del trabajo (pico a la tarde),True
E,Retiro (E),-34.5921903,-58.3761678,habil,22,26.1,Destino: la gente vuelve del trabajo (pico a la tarde),True
E,Retiro (E),-34.5921903,-58.3761678,habil,23,3.9,Destino: la gente vuelve del trabajo (pico a la tarde),True
E,San José,-34.6223517,-58.3852048,fin_de_semana,5,1.1,Origen: la gente sale de su casa (pico a la mañana),True
E,San José,-34.6223517,-58.3852048,fin_de_semana,6,11.4,Origen: la gente sale de su casa (pico a la mañana),True
E,San José,-34.6223517,-58.3852048,fin_de_semana,7,22.6,Origen: la gente sale de su casa (pico a la mañana),True
E,San José,-34.6223517,-58.3852048,fin_de_semana,8,44.2,Origen: la gente sale de su casa (pico a la mañana),True
E,San José,-34.6223517,-58.3852048,fin_de_semana,9,55.1,Origen: la gente sale de su casa (pico a la mañana),True
E,San José,-34.6223517,-58.3852048,fin_de_semana,10,57.8,Origen: la gente sale de su casa (pico a la mañana),True
E,San José,-34.6223517,-58.3852048,fin_de_semana,11,59.2,Origen: la gente sale de su casa (pico a la mañana),True
E,San José,-34.6223517,-58.3852048,fin_de_semana,12,68.8,Origen: la gente sale de su casa (pico a la mañana),True
E,San José,-34.6223517,-58.3852048,fin_de_semana,13,76.3,Origen: la gente sale de su casa (pico a la mañana),True
E,San José,-34.6223517,-58.3852048,fin_de_semana,14,63.3,Origen: la gente sale de su casa (pico a la mañana),True
E,San José,-34.6223517,-58.3852048,fin_de_semana,15,69.0,Origen: la gente sale de su casa (pico a la mañana),True
E,San José,-34.6223517,-58.3852048,fin_de_semana,16,74.5,Origen: la gente sale de su casa (pico a la mañana),True
E,San José,-34.6223517,-58.3852048,fin_de_semana,17,75.5,Origen: la gente sale de su casa (pico a la mañana),True
E,San José,-34.6223517,-58.3852048,fin_de_semana,18,77.4,Origen: la gente sale de su casa (pico a la mañana),True
E,San José,-34.6223517,-58.3852048,fin_de_semana,19,61.6,Origen: la gente sale de su casa (pico a la mañana),True
E,San José,-34.6223517,-58.3852048,fin_de_semana,20,50.8,Origen: la gente sale de su casa (pico a la mañana),True
E,San José,-34.6223517,-58.3852048,fin_de_semana,21,32.9,Origen: la gente sale de su casa (pico a la mañana),True
E,San José,-34.6223517,-58.3852048,fin_de_semana,22,12.9,Origen: la gente sale de su casa (pico a la mañana),True
E,San José,-34.6223517,-58.3852048,fin_de_semana,23,3.1,Origen: la gente sale de su casa (pico a la mañana),True
E,San José,-34.6223517,-58.3852048,habil,5,16.8,Origen: la gente sale de su casa (pico a la mañana),True
E,San José,-34.6223517,-58.3852048,habil,6,56.6,Origen: la gente sale de su casa (pico a la mañana),True
E,San José,-34.6223517,-58.3852048,habil,7,148.2,Origen: la gente sale de su casa (pico a la mañana),True
E,San José,-34.6223517,-58.3852048,habil,8,191.4,Origen: la gente sale de su casa (pico a la mañana),True
E,San José,-34.6223517,-58.3852048,habil,9,134.1,Origen: la gente sale de su casa (pico a la mañana),True
E,San José,-34.6223517,-58.3852048,habil,10,109.8,Origen: la gente sale de su casa (pico a la mañana),True
E,San José,-34.6223517,-58.3852048,habil,11,121.7,Origen: la gente sale de su casa (pico a la mañana),True
E,San José,-34.6223517,-58.3852048,habil,12,156.7,Origen: la gente sale de su casa (pico a la mañana),True
E,San José,-34.6223517,-58.3852048,habil,13,164.1,Origen: la gente sale de su casa (pico a la mañana),True
E,San José,-34.6223517,-58.3852048,habil,14,114.3,Origen: la gente sale de su casa (pico a la mañana),True
E,San José,-34.6223517,-58.3852048,habil,15,130.4,Origen: la gente sale de su casa (pico a la mañana),True
E,San José,-34.6223517,-58.3852048,habil,16,154.9,Origen: la gente sale de su casa (pico a la mañana),True
E,San José,-34.6223517,-58.3852048,habil,17,174.5,Origen: la gente sale de su casa (pico a la mañana),True
E,San José,-34.6223517,-58.3852048,habil,18,155.9,Origen: la gente sale de su casa (pico a la mañana),True
E,San José,-34.6223517,-58.3852048,habil,19,150.9,Origen: la gente sale de su casa (pico a la mañana),True
E,San José,-34.6223517,-58.3852048,habil,20,155.0,Origen: la gente sale de su casa (pico a la mañana),True
E,San José,-34.6223517,-58.3852048,habil,21,134.8,Origen: la gente sale de su casa (pico a la mañana),True
E,San José,-34.6223517,-58.3852048,habil,22,47.9,Origen: la gente sale de su casa (pico a la mañana),True
E,San José,-34.6223517,-58.3852048,habil,23,5.6,Origen: la gente sale de su casa (pico a la mañana),True
E,Varela,-34.6398165,-58.4580134,fin_de_semana,5,1.2,Origen: la gente sale de su casa (pico a la mañana),True
E,Varela,-34.6398165,-58.4580134,fin_de_semana,6,11.8,Origen: la gente sale de su casa (pico a la mañana),True
E,Varela,-34.6398165,-58.4580134,fin_de_semana,7,29.1,Origen: la gente sale de su casa (pico a la mañana),True
E,Varela,-34.6398165,-58.4580134,fin_de_semana,8,43.3,Origen: la gente sale de su casa (pico a la mañana),True
E,Varela,-34.6398165,-58.4580134,fin_de_semana,9,44.8,Origen: la gente sale de su casa (pico a la mañana),True
E,Varela,-34.6398165,-58.4580134,fin_de_semana,10,47.2,Origen: la gente sale de su casa (pico a la mañana),True
E,Varela,-34.6398165,-58.4580134,fin_de_semana,11,46.0,Origen: la gente sale de su casa (pico a la mañana),True
E,Varela,-34.6398165,-58.4580134,fin_de_semana,12,50.6,Origen: la gente sale de su casa (pico a la mañana),True
E,Varela,-34.6398165,-58.4580134,fin_de_semana,13,52.4,Origen: la gente sale de su casa (pico a la mañana),True
E,Varela,-34.6398165,-58.4580134,fin_de_semana,14,50.5,Origen: la gente sale de su casa (pico a la mañana),True
E,Varela,-34.6398165,-58.4580134,fin_de_semana,15,54.5,Origen: la gente sale de su casa (pico a la mañana),True
E,Varela,-34.6398165,-58.4580134,fin_de_semana,16,54.3,Origen: la gente sale de su casa (pico a la mañana),True
E,Varela,-34.6398165,-58.4580134,fin_de_semana,17,50.1,Origen: la gente sale de su casa (pico a la mañana),True
E,Varela,-34.6398165,-58.4580134,fin_de_semana,18,47.3,Origen: la gente sale de su casa (pico a la mañana),True
E,Varela,-34.6398165,-58.4580134,fin_de_semana,19,41.9,Origen: la gente sale de su casa (pico a la mañana),True
E,Varela,-34.6398165,-58.4580134,fin_de_semana,20,32.8,Origen: la gente sale de su casa (pico a la mañana),True
E,Varela,-34.6398165,-58.4580134,fin_de_semana,21,20.8,Origen: la gente sale de su casa (pico a la mañana),True
E,Varela,-34.6398165,-58.4580134,fin_de_semana,22,7.6,Origen: la gente sale de su casa (pico a la mañana),True
E,Varela,-34.6398165,-58.4580134,fin_de_semana,23,1.4,Origen: la gente sale de su casa (pico a la mañana),True
E,Varela,-34.6398165,-58.4580134,habil,5,19.7,Origen: la gente sale de su casa (pico a la mañana),True
E,Varela,-34.6398165,-58.4580134,habil,6,106.0,Origen: la gente sale de su casa (pico a la mañana),True
E,Varela,-34.6398165,-58.4580134,habil,7,298.4,Origen: la gente sale de su casa (pico a la mañana),True
E,Varela,-34.6398165,-58.4580134,habil,8,323.4,Origen: la gente sale de su casa (pico a la mañana),True
E,Varela,-34.6398165,-58.4580134,habil,9,212.7,Origen: la gente sale de su casa (pico a la mañana),True
E,Varela,-34.6398165,-58.4580134,habil,10,129.0,Origen: la gente sale de su casa (pico a la mañana),True
E,Varela,-34.6398165,-58.4580134,habil,11,120.9,Origen: la gente sale de su casa (pico a la mañana),True
E,Varela,-34.6398165,-58.4580134,habil,12,128.0,Origen: la gente sale de su casa (pico a la mañana),True
E,Varela,-34.6398165,-58.4580134,habil,13,116.7,Origen: la gente sale de su casa (pico a la mañana),True
E,Varela,-34.6398165,-58.4580134,habil,14,83.1,Origen: la gente sale de su casa (pico a la mañana),True
E,Varela,-34.6398165,-58.4580134,habil,15,85.2,Origen: la gente sale de su casa (pico a la mañana),True
E,Varela,-34.6398165,-58.4580134,habil,16,98.8,Origen: la gente sale de su casa (pico a la mañana),True
E,Varela,-34.6398165,-58.4580134,habil,17,110.9,Origen: la gente sale de su casa (pico a la mañana),True
E,Varela,-34.6398165,-58.4580134,habil,18,80.2,Origen: la gente sale de su casa (pico a la mañana),True
E,Varela,-34.6398165,-58.4580134,habil,19,50.9,Origen: la gente sale de su casa (pico a la mañana),True
E,Varela,-34.6398165,-58.4580134,habil,20,38.2,Origen: la gente sale de su casa (pico a la mañana),True
E,Varela,-34.6398165,-58.4580134,habil,21,26.0,Origen: la gente sale de su casa (pico a la mañana),True
E,Varela,-34.6398165,-58.4580134,habil,22,10.5,Origen: la gente sale de su casa (pico a la mañana),True
E,Varela,-34.6398165,-58.4580134,habil,23,0.0,Origen: la gente sale de su casa (pico a la mañana),True
H,Caseros,-34.6354349,-58.3990398,fin_de_semana,0,54.4,Origen: la gente sale de su casa (pico a la mañana),True
H,Caseros,-34.6354349,-58.3990398,fin_de_semana,1,25.3,Origen: la gente sale de su casa (pico a la mañana),True
H,Caseros,-34.6354349,-58.3990398,fin_de_semana,5,2.4,Origen: la gente sale de su casa (pico a la mañana),True
H,Caseros,-34.6354349,-58.3990398,fin_de_semana,6,22.1,Origen: la gente sale de su casa (pico a la mañana),True
H,Caseros,-34.6354349,-58.3990398,fin_de_semana,7,49.8,Origen: la gente sale de su casa (pico a la mañana),True
H,Caseros,-34.6354349,-58.3990398,fin_de_semana,8,105.8,Origen: la gente sale de su casa (pico a la mañana),True
H,Caseros,-34.6354349,-58.3990398,fin_de_semana,9,116.5,Origen: la gente sale de su casa (pico a la mañana),True
H,Caseros,-34.6354349,-58.3990398,fin_de_semana,10,117.8,Origen: la gente sale de su casa (pico a la mañana),True
H,Caseros,-34.6354349,-58.3990398,fin_de_semana,11,122.0,Origen: la gente sale de su casa (pico a la mañana),True
H,Caseros,-34.6354349,-58.3990398,fin_de_semana,12,132.4,Origen: la gente sale de su casa (pico a la mañana),True
H,Caseros,-34.6354349,-58.3990398,fin_de_semana,13,135.9,Origen: la gente sale de su casa (pico a la mañana),True
H,Caseros,-34.6354349,-58.3990398,fin_de_semana,14,129.0,Origen: la gente sale de su casa (pico a la mañana),True
H,Caseros,-34.6354349,-58.3990398,fin_de_semana,15,135.5,Origen: la gente sale de su casa (pico a la mañana),True
H,Caseros,-34.6354349,-58.3990398,fin_de_semana,16,134.2,Origen: la gente sale de su casa (pico a la mañana),True
H,Caseros,-34.6354349,-58.3990398,fin_de_semana,17,128.8,Origen: la gente sale de su casa (pico a la mañana),True
H,Caseros,-34.6354349,-58.3990398,fin_de_semana,18,123.0,Origen: la gente sale de su casa (pico a la mañana),True
H,Caseros,-34.6354349,-58.3990398,fin_de_semana,19,105.7,Origen: la gente sale de su casa (pico a la mañana),True
H,Caseros,-34.6354349,-58.3990398,fin_de_semana,20,117.6,Origen: la gente sale de su casa (pico a la mañana),True
H,Caseros,-34.6354349,-58.3990398,fin_de_semana,21,67.2,Origen: la gente sale de su casa (pico a la mañana),True
H,Caseros,-34.6354349,-58.3990398,fin_de_semana,22,36.1,Origen: la gente sale de su casa (pico a la mañana),True
H,Caseros,-34.6354349,-58.3990398,fin_de_semana,23,18.8,Origen: la gente sale de su casa (pico a la mañana),True
H,Caseros,-34.6354349,-58.3990398,habil,0,5.3,Origen: la gente sale de su casa (pico a la mañana),True
H,Caseros,-34.6354349,-58.3990398,habil,1,0.0,Origen: la gente sale de su casa (pico a la mañana),True
H,Caseros,-34.6354349,-58.3990398,habil,5,27.6,Origen: la gente sale de su casa (pico a la mañana),True
H,Caseros,-34.6354349,-58.3990398,habil,6,137.5,Origen: la gente sale de su casa (pico a la mañana),True
H,Caseros,-34.6354349,-58.3990398,habil,7,438.3,Origen: la gente sale de su casa (pico a la mañana),True
H,Caseros,-34.6354349,-58.3990398,habil,8,500.8,Origen: la gente sale de su casa (pico a la mañana),True
H,Caseros,-34.6354349,-58.3990398,habil,9,349.1,Origen: la gente sale de su casa (pico a la mañana),True
H,Caseros,-34.6354349,-58.3990398,habil,10,255.2,Origen: la gente sale de su casa (pico a la mañana),True
H,Caseros,-34.6354349,-58.3990398,habil,11,283.0,Origen: la gente sale de su casa (pico a la mañana),True
H,Caseros,-34.6354349,-58.3990398,habil,12,408.2,Origen: la gente sale de su casa (pico a la mañana),True
H,Caseros,-34.6354349,-58.3990398,habil,13,386.5,Origen: la gente sale de su casa (pico a la mañana),True
H,Caseros,-34.6354349,-58.3990398,habil,14,343.4,Origen: la gente sale de su casa (pico a la mañana),True
H,Caseros,-34.6354349,-58.3990398,habil,15,357.8,Origen: la gente sale de su casa (pico a la mañana),True
H,Caseros,-34.6354349,-58.3990398,habil,16,439.9,Origen: la gente sale de su casa (pico a la mañana),True
H,Caseros,-34.6354349,-58.3990398,habil,17,516.8,Origen: la gente sale de su casa (pico a la mañana),True
H,Caseros,-34.6354349,-58.3990398,habil,18,479.6,Origen: la gente sale de su casa (pico a la mañana),True
H,Caseros,-34.6354349,-58.3990398,habil,19,199.2,Origen: la gente sale de su casa (pico a la mañana),True
H,Caseros,-34.6354349,-58.3990398,habil,20,170.4,Origen: la gente sale de su casa (pico a la mañana),True
H,Caseros,-34.6354349,-58.3990398,habil,21,105.6,Origen: la gente sale de su casa (pico a la mañana),True
H,Caseros,-34.6354349,-58.3990398,habil,22,55.3,Origen: la gente sale de su casa (pico a la mañana),True
H,Caseros,-34.6354349,-58.3990398,habil,23,28.0,Origen: la gente sale de su casa (pico a la mañana),True
H,Corrientes,-34.6041224,-58.4053431,fin_de_semana,0,0.9,Destino: la gente vuelve del trabajo (pico a la tarde),True
H,Corrientes,-34.6041224,-58.4053431,fin_de_semana,5,0.5,Destino: la gente vuelve del trabajo (pico a la tarde),True
H,Corrientes,-34.6041224,-58.4053431,fin_de_semana,6,7.4,Destino: la gente vuelve del trabajo (pico a la tarde),True
H,Corrientes,-34.6041224,-58.4053431,fin_de_semana,7,21.1,Destino: la gente vuelve del trabajo (pico a la tarde),True
H,Corrientes,-34.6041224,-58.4053431,fin_de_semana,8,42.8,Destino: la gente vuelve del trabajo (pico a la tarde),True
H,Corrientes,-34.6041224,-58.4053431,fin_de_semana,9,61.5,Destino: la gente vuelve del trabajo (pico a la tarde),True
H,Corrientes,-34.6041224,-58.4053431,fin_de_semana,10,82.6,Destino: la gente vuelve del trabajo (pico a la tarde),True
H,Corrientes,-34.6041224,-58.4053431,fin_de_semana,11,126.2,Destino: la gente vuelve del trabajo (pico a la tarde),True
H,Corrientes,-34.6041224,-58.4053431,fin_de_semana,12,172.6,Destino: la gente vuelve del trabajo (pico a la tarde),True
H,Corrientes,-34.6041224,-58.4053431,fin_de_semana,13,204.4,Destino: la gente vuelve del trabajo (pico a la tarde),True
H,Corrientes,-34.6041224,-58.4053431,fin_de_semana,14,181.3,Destino: la gente vuelve del trabajo (pico a la tarde),True
H,Corrientes,-34.6041224,-58.4053431,fin_de_semana,15,174.7,Destino: la gente vuelve del trabajo (pico a la tarde),True
H,Corrientes,-34.6041224,-58.4053431,fin_de_semana,16,177.5,Destino: la gente vuelve del trabajo (pico a la tarde),True
H,Corrientes,-34.6041224,-58.4053431,fin_de_semana,17,179.7,Destino: la gente vuelve del trabajo (pico a la tarde),True
H,Corrientes,-34.6041224,-58.4053431,fin_de_semana,18,170.2,Destino: la gente vuelve del trabajo (pico a la tarde),True
H,Corrientes,-34.6041224,-58.4053431,fin_de_semana,19,156.0,Destino: la gente vuelve del trabajo (pico a la tarde),True
H,Corrientes,-34.6041224,-58.4053431,fin_de_semana,20,128.1,Destino: la gente vuelve del trabajo (pico a la tarde),True
H,Corrientes,-34.6041224,-58.4053431,fin_de_semana,21,92.0,Destino: la gente vuelve del trabajo (pico a la tarde),True
H,Corrientes,-34.6041224,-58.4053431,fin_de_semana,22,69.4,Destino: la gente vuelve del trabajo (pico a la tarde),True
H,Corrientes,-34.6041224,-58.4053431,fin_de_semana,23,15.5,Destino: la gente vuelve del trabajo (pico a la tarde),True
H,Corrientes,-34.6041224,-58.4053431,habil,0,0.0,Destino: la gente vuelve del trabajo (pico a la tarde),True
H,Corrientes,-34.6041224,-58.4053431,habil,1,0.0,Destino: la gente vuelve del trabajo (pico a la tarde),True
H,Corrientes,-34.6041224,-58.4053431,habil,2,0.0,Destino: la gente vuelve del trabajo (pico a la tarde),True
H,Corrientes,-34.6041224,-58.4053431,habil,4,0.0,Destino: la gente vuelve del trabajo (pico a la tarde),True
H,Corrientes,-34.6041224,-58.4053431,habil,5,5.8,Destino: la gente vuelve del trabajo (pico a la tarde),True
H,Corrientes,-34.6041224,-58.4053431,habil,6,37.6,Destino: la gente vuelve del trabajo (pico a la tarde),True
H,Corrientes,-34.6041224,-58.4053431,habil,7,147.2,Destino: la gente vuelve del trabajo (pico a la tarde),True
H,Corrientes,-34.6041224,-58.4053431,habil,8,198.8,Destino: la gente vuelve del trabajo (pico a la tarde),True
H,Corrientes,-34.6041224,-58.4053431,habil,9,172.7,Destino: la gente vuelve del trabajo (pico a la tarde),True
H,Corrientes,-34.6041224,-58.4053431,habil,10,171.6,Destino: la gente vuelve del trabajo (pico a la tarde),True
H,Corrientes,-34.6041224,-58.4053431,habil,11,220.0,Destino: la gente vuelve del trabajo (pico a la tarde),True
H,Corrientes,-34.6041224,-58.4053431,habil,12,287.4,Destino: la gente vuelve del trabajo (pico a la tarde),True
H,Corrientes,-34.6041224,-58.4053431,habil,13,338.0,Destino: la gente vuelve del trabajo (pico a la tarde),True
H,Corrientes,-34.6041224,-58.4053431,habil,14,307.4,Destino: la gente vuelve del trabajo (pico a la tarde),True
H,Corrientes,-34.6041224,-58.4053431,habil,15,366.4,Destino: la gente vuelve del trabajo (pico a la tarde),True
H,Corrientes,-34.6041224,-58.4053431,habil,16,444.4,Destino: la gente vuelve del trabajo (pico a la tarde),True
H,Corrientes,-34.6041224,-58.4053431,habil,17,543.3,Destino: la gente vuelve del trabajo (pico a la tarde),True
H,Corrientes,-34.6041224,-58.4053431,habil,18,469.8,Destino: la gente vuelve del trabajo (pico a la tarde),True
H,Corrientes,-34.6041224,-58.4053431,habil,19,252.1,Destino: la gente vuelve del trabajo (pico a la tarde),True
H,Corrientes,-34.6041224,-58.4053431,habil,20,178.5,Destino: la gente vuelve del trabajo (pico a la tarde),True
H,Corrientes,-34.6041224,-58.4053431,habil,21,94.4,Destino: la gente vuelve del trabajo (pico a la tarde),True
H,Corrientes,-34.6041224,-58.4053431,habil,22,73.3,Destino: la gente vuelve del trabajo (pico a la tarde),True
H,Corrientes,-34.6041224,-58.4053431,habil,23,16.0,Destino: la gente vuelve del trabajo (pico a la tarde),True
H,Córdoba,-34.5991974,-58.4039401,fin_de_semana,0,0.4,Destino: la gente vuelve del trabajo (pico a la tarde),True
H,Córdoba,-34.5991974,-58.4039401,fin_de_semana,4,0.0,Destino: la gente vuelve del trabajo (pico a la tarde),True
H,Córdoba,-34.5991974,-58.4039401,fin_de_semana,5,0.8,Destino: la gente vuelve del trabajo (pico a la tarde),True
H,Córdoba,-34.5991974,-58.4039401,fin_de_semana,6,14.6,Destino: la gente vuelve del trabajo (pico a la tarde),True
H,Córdoba,-34.5991974,-58.4039401,fin_de_semana,7,33.1,Destino: la gente vuelve del trabajo (pico a la tarde),True
H,Córdoba,-34.5991974,-58.4039401,fin_de_semana,8,60.1,Destino: la gente vuelve del trabajo (pico a la tarde),True
H,Córdoba,-34.5991974,-58.4039401,fin_de_semana,9,77.3,Destino: la gente vuelve del trabajo (pico a la tarde),True
H,Córdoba,-34.5991974,-58.4039401,fin_de_semana,10,89.4,Destino: la gente vuelve del trabajo (pico a la tarde),True
H,Córdoba,-34.5991974,-58.4039401,fin_de_semana,11,112.5,Destino: la gente vuelve del trabajo (pico a la tarde),True
H,Córdoba,-34.5991974,-58.4039401,fin_de_semana,12,135.0,Destino: la gente vuelve del trabajo (pico a la tarde),True
H,Córdoba,-34.5991974,-58.4039401,fin_de_semana,13,144.5,Destino: la gente vuelve del trabajo (pico a la tarde),True
H,Córdoba,-34.5991974,-58.4039401,fin_de_semana,14,131.8,Destino: la gente vuelve del trabajo (pico a la tarde),True
H,Córdoba,-34.5991974,-58.4039401,fin_de_semana,15,128.4,Destino: la gente vuelve del trabajo (pico a la tarde),True
H,Córdoba,-34.5991974,-58.4039401,fin_de_semana,16,130.3,Destino: la gente vuelve del trabajo (pico a la tarde),True
H,Córdoba,-34.5991974,-58.4039401,fin_de_semana,17,121.1,Destino: la gente vuelve del trabajo (pico a la tarde),True
H,Córdoba,-34.5991974,-58.4039401,fin_de_semana,18,121.6,Destino: la gente vuelve del trabajo (pico a la tarde),True
H,Córdoba,-34.5991974,-58.4039401,fin_de_semana,19,115.0,Destino: la gente vuelve del trabajo (pico a la tarde),True
H,Córdoba,-34.5991974,-58.4039401,fin_de_semana,20,113.4,Destino: la gente vuelve del trabajo (pico a la tarde),True
H,Córdoba,-34.5991974,-58.4039401,fin_de_semana,21,76.8,Destino: la gente vuelve del trabajo (pico a la tarde),True
H,Córdoba,-34.5991974,-58.4039401,fin_de_semana,22,40.5,Destino: la gente vuelve del trabajo (pico a la tarde),True
H,Córdoba,-34.5991974,-58.4039401,fin_de_semana,23,10.3,Destino: la gente vuelve del trabajo (pico a la tarde),True
H,Córdoba,-34.5991974,-58.4039401,habil,0,0.0,Destino: la gente vuelve del trabajo (pico a la tarde),True
H,Córdoba,-34.5991974,-58.4039401,habil,1,0.0,Destino: la gente vuelve del trabajo (pico a la tarde),True
H,Córdoba,-34.5991974,-58.4039401,habil,2,0.0,Destino: la gente vuelve del trabajo (pico a la tarde),True
H,Córdoba,-34.5991974,-58.4039401,habil,4,0.0,Destino: la gente vuelve del trabajo (pico a la tarde),True
H,Córdoba,-34.5991974,-58.4039401,habil,5,7.1,Destino: la gente vuelve del trabajo (pico a la tarde),True
H,Córdoba,-34.5991974,-58.4039401,habil,6,59.7,Destino: la gente vuelve del trabajo (pico a la tarde),True
H,Córdoba,-34.5991974,-58.4039401,habil,7,198.0,Destino: la gente vuelve del trabajo (pico a la tarde),True
H,Córdoba,-34.5991974,-58.4039401,habil,8,263.8,Destino: la gente vuelve del trabajo (pico a la tarde),True
H,Córdoba,-34.5991974,-58.4039401,habil,9,233.4,Destino: la gente vuelve del trabajo (pico a la tarde),True
H,Córdoba,-34.5991974,-58.4039401,habil,10,246.1,Destino: la gente vuelve del trabajo (pico a la tarde),True
H,Córdoba,-34.5991974,-58.4039401,habil,11,290.5,Destino: la gente vuelve del trabajo (pico a la tarde),True
H,Córdoba,-34.5991974,-58.4039401,habil,12,401.3,Destino: la gente vuelve del trabajo (pico a la tarde),True
H,Córdoba,-34.5991974,-58.4039401,habil,13,417.8,Destino: la gente vuelve del trabajo (pico a la tarde),True
H,Córdoba,-34.5991974,-58.4039401,habil,14,424.2,Destino: la gente vuelve del trabajo (pico a la tarde),True
H,Córdoba,-34.5991974,-58.4039401,habil,15,453.5,Destino: la gente vuelve del trabajo (pico a la tarde),True
H,Córdoba,-34.5991974,-58.4039401,habil,16,583.7,Destino: la gente vuelve del trabajo (pico a la tarde),True
H,Córdoba,-34.5991974,-58.4039401,habil,17,625.6,Destino: la gente vuelve del trabajo (pico a la tarde),True
H,Córdoba,-34.5991974,-58.4039401,habil,18,570.7,Destino: la gente vuelve del trabajo (pico a la tarde),True
H,Córdoba,-34.5991974,-58.4039401,habil,19,368.4,Destino: la gente vuelve del trabajo (pico a la tarde),True
H,Córdoba,-34.5991974,-58.4039401,habil,20,296.9,Destino: la gente vuelve del trabajo (pico a la tarde),True
H,Córdoba,-34.5991974,-58.4039401,habil,21,196.4,Destino: la gente vuelve del trabajo (pico a la tarde),True
H,Córdoba,-34.5991974,-58.4039401,habil,22,93.6,Destino: la gente vuelve del trabajo (pico a la tarde),True
H,Córdoba,-34.5991974,-58.4039401,habil,23,14.3,Destino: la gente vuelve del trabajo (pico a la tarde),True
H,Facultad de Derecho - Julieta Lanteri,-34.5830687,-58.3910479,fin_de_semana,0,0.1,Destino: la gente vuelve del trabajo (pico a la tarde),True
H,Facultad de Derecho - Julieta Lanteri,-34.5830687,-58.3910479,fin_de_semana,1,0.0,Destino: la gente vuelve del trabajo (pico a la tarde),True
H,Facultad de Derecho - Julieta Lanteri,-34.5830687,-58.3910479,fin_de_semana,3,0.0,Destino: la gente vuelve del trabajo (pico a la tarde),True
H,Facultad de Derecho - Julieta Lanteri,-34.5830687,-58.3910479,fin_de_semana,4,0.0,Destino: la gente vuelve del trabajo (pico a la tarde),True
H,Facultad de Derecho - Julieta Lanteri,-34.5830687,-58.3910479,fin_de_semana,5,0.8,Destino: la gente vuelve del trabajo (pico a la tarde),True
H,Facultad de Derecho - Julieta Lanteri,-34.5830687,-58.3910479,fin_de_semana,6,5.7,Destino: la gente vuelve del trabajo (pico a la tarde),True
H,Facultad de Derecho - Julieta Lanteri,-34.5830687,-58.3910479,fin_de_semana,7,10.6,Destino: la gente vuelve del trabajo (pico a la tarde),True
H,Facultad de Derecho - Julieta Lanteri,-34.5830687,-58.3910479,fin_de_semana,8,14.3,Destino: la gente vuelve del trabajo (pico a la tarde),True
H,Facultad de Derecho - Julieta Lanteri,-34.5830687,-58.3910479,fin_de_semana,9,17.6,Destino: la gente vuelve del trabajo (pico a la tarde),True
H,Facultad de Derecho - Julieta Lanteri,-34.5830687,-58.3910479,fin_de_semana,10,33.4,Destino: la gente vuelve del trabajo (pico a la tarde),True
H,Facultad de Derecho - Julieta Lanteri,-34.5830687,-58.3910479,fin_de_semana,11,56.8,Destino: la gente vuelve del trabajo (pico a la tarde),True
H,Facultad de Derecho - Julieta Lanteri,-34.5830687,-58.3910479,fin_de_semana,12,93.2,Destino: la gente vuelve del trabajo (pico a la tarde),True
H,Facultad de Derecho - Julieta Lanteri,-34.5830687,-58.3910479,fin_de_semana,13,116.7,Destino: la gente vuelve del trabajo (pico a la tarde),True
H,Facultad de Derecho - Julieta Lanteri,-34.5830687,-58.3910479,fin_de_semana,14,108.2,Destino: la gente vuelve del trabajo (pico a la tarde),True
H,Facultad de Derecho - Julieta Lanteri,-34.5830687,-58.3910479,fin_de_semana,15,135.7,Destino: la gente vuelve del trabajo (pico a la tarde),True
H,Facultad de Derecho - Julieta Lanteri,-34.5830687,-58.3910479,fin_de_semana,16,200.6,Destino: la gente vuelve del trabajo (pico a la tarde),True
H,Facultad de Derecho - Julieta Lanteri,-34.5830687,-58.3910479,fin_de_semana,17,300.3,Destino: la gente vuelve del trabajo (pico a la tarde),True
H,Facultad de Derecho - Julieta Lanteri,-34.5830687,-58.3910479,fin_de_semana,18,347.1,Destino: la gente vuelve del trabajo (pico a la tarde),True
H,Facultad de Derecho - Julieta Lanteri,-34.5830687,-58.3910479,fin_de_semana,19,320.3,Destino: la gente vuelve del trabajo (pico a la tarde),True
H,Facultad de Derecho - Julieta Lanteri,-34.5830687,-58.3910479,fin_de_semana,20,220.9,Destino: la gente vuelve del trabajo (pico a la tarde),True
H,Facultad de Derecho - Julieta Lanteri,-34.5830687,-58.3910479,fin_de_semana,21,91.4,Destino: la gente vuelve del trabajo (pico a la tarde),True
H,Facultad de Derecho - Julieta Lanteri,-34.5830687,-58.3910479,fin_de_semana,22,37.1,Destino: la gente vuelve del trabajo (pico a la tarde),True
H,Facultad de Derecho - Julieta Lanteri,-34.5830687,-58.3910479,fin_de_semana,23,9.1,Destino: la gente vuelve del trabajo (pico a la tarde),True
H,Facultad de Derecho - Julieta Lanteri,-34.5830687,-58.3910479,habil,0,0.1,Destino: la gente vuelve del trabajo (pico a la tarde),True
H,Facultad de Derecho - Julieta Lanteri,-34.5830687,-58.3910479,habil,1,0.0,Destino: la gente vuelve del trabajo (pico a la tarde),True
H,Facultad de Derecho - Julieta Lanteri,-34.5830687,-58.3910479,habil,5,1.9,Destino: la gente vuelve del trabajo (pico a la tarde),True
H,Facultad de Derecho - Julieta Lanteri,-34.5830687,-58.3910479,habil,6,15.4,Destino: la gente vuelve del trabajo (pico a la tarde),True
H,Facultad de Derecho - Julieta Lanteri,-34.5830687,-58.3910479,habil,7,46.9,Destino: la gente vuelve del trabajo (pico a la tarde),True
H,Facultad de Derecho - Julieta Lanteri,-34.5830687,-58.3910479,habil,8,92.2,Destino: la gente vuelve del trabajo (pico a la tarde),True
H,Facultad de Derecho - Julieta Lanteri,-34.5830687,-58.3910479,habil,9,129.5,Destino: la gente vuelve del trabajo (pico a la tarde),True
H,Facultad de Derecho - Julieta Lanteri,-34.5830687,-58.3910479,habil,10,202.7,Destino: la gente vuelve del trabajo (pico a la tarde),True
H,Facultad de Derecho - Julieta Lanteri,-34.5830687,-58.3910479,habil,11,316.1,Destino: la gente vuelve del trabajo (pico a la tarde),True
H,Facultad de Derecho - Julieta Lanteri,-34.5830687,-58.3910479,habil,12,228.9,Destino: la gente vuelve del trabajo (pico a la tarde),True
H,Facultad de Derecho - Julieta Lanteri,-34.5830687,-58.3910479,habil,13,247.0,Destino: la gente vuelve del trabajo (pico a la tarde),True
H,Facultad de Derecho - Julieta Lanteri,-34.5830687,-58.3910479,habil,14,212.4,Destino: la gente vuelve del trabajo (pico a la tarde),True
H,Facultad de Derecho - Julieta Lanteri,-34.5830687,-58.3910479,habil,15,312.2,Destino: la gente vuelve del trabajo (pico a la tarde),True
H,Facultad de Derecho - Julieta Lanteri,-34.5830687,-58.3910479,habil,16,404.9,Destino: la gente vuelve del trabajo (pico a la tarde),True
H,Facultad de Derecho - Julieta Lanteri,-34.5830687,-58.3910479,habil,17,550.8,Destino: la gente vuelve del trabajo (pico a la tarde),True
H,Facultad de Derecho - Julieta Lanteri,-34.5830687,-58.3910479,habil,18,671.6,Destino: la gente vuelve del trabajo (pico a la tarde),True
H,Facultad de Derecho - Julieta Lanteri,-34.5830687,-58.3910479,habil,19,460.5,Destino: la gente vuelve del trabajo (pico a la tarde),True
H,Facultad de Derecho - Julieta Lanteri,-34.5830687,-58.3910479,habil,20,526.7,Destino: la gente vuelve del trabajo (pico a la tarde),True
H,Facultad de Derecho - Julieta Lanteri,-34.5830687,-58.3910479,habil,21,362.2,Destino: la gente vuelve del trabajo (pico a la tarde),True
H,Facultad de Derecho - Julieta Lanteri,-34.5830687,-58.3910479,habil,22,84.5,Destino: la gente vuelve del trabajo (pico a la tarde),True
H,Facultad de Derecho - Julieta Lanteri,-34.5830687,-58.3910479,habil,23,17.2,Destino: la gente vuelve del trabajo (pico a la tarde),True
H,Hospitales - Ringo Bonavena,-34.6416988,-58.4126594,fin_de_semana,0,0.7,Origen: la gente sale de su casa (pico a la mañana),True
H,Hospitales - Ringo Bonavena,-34.6416988,-58.4126594,fin_de_semana,5,8.7,Origen: la gente sale de su casa (pico a la mañana),True
H,Hospitales - Ringo Bonavena,-34.6416988,-58.4126594,fin_de_semana,6,115.8,Origen: la gente sale de su casa (pico a la mañana),True
H,Hospitales - Ringo Bonavena,-34.6416988,-58.4126594,fin_de_semana,7,262.8,Origen: la gente sale de su casa (pico a la mañana),True
H,Hospitales - Ringo Bonavena,-34.6416988,-58.4126594,fin_de_semana,8,415.7,Origen: la gente sale de su casa (pico a la mañana),True
H,Hospitales - Ringo Bonavena,-34.6416988,-58.4126594,fin_de_semana,9,349.2,Origen: la gente sale de su casa (pico a la mañana),True
H,Hospitales - Ringo Bonavena,-34.6416988,-58.4126594,fin_de_semana,10,271.3,Origen: la gente sale de su casa (pico a la mañana),True
H,Hospitales - Ringo Bonavena,-34.6416988,-58.4126594,fin_de_semana,11,283.9,Origen: la gente sale de su casa (pico a la mañana),True
H,Hospitales - Ringo Bonavena,-34.6416988,-58.4126594,fin_de_semana,12,295.2,Origen: la gente sale de su casa (pico a la mañana),True
H,Hospitales - Ringo Bonavena,-34.6416988,-58.4126594,fin_de_semana,13,280.9,Origen: la gente sale de su casa (pico a la mañana),True
H,Hospitales - Ringo Bonavena,-34.6416988,-58.4126594,fin_de_semana,14,248.3,Origen: la gente sale de su casa (pico a la mañana),True
H,Hospitales - Ringo Bonavena,-34.6416988,-58.4126594,fin_de_semana,15,266.2,Origen: la gente sale de su casa (pico a la mañana),True
H,Hospitales - Ringo Bonavena,-34.6416988,-58.4126594,fin_de_semana,16,251.7,Origen: la gente sale de su casa (pico a la mañana),True
H,Hospitales - Ringo Bonavena,-34.6416988,-58.4126594,fin_de_semana,17,216.9,Origen: la gente sale de su casa (pico a la mañana),True
H,Hospitales - Ringo Bonavena,-34.6416988,-58.4126594,fin_de_semana,18,198.3,Origen: la gente sale de su casa (pico a la mañana),True
H,Hospitales - Ringo Bonavena,-34.6416988,-58.4126594,fin_de_semana,19,177.5,Origen: la gente sale de su casa (pico a la mañana),True
H,Hospitales - Ringo Bonavena,-34.6416988,-58.4126594,fin_de_semana,20,133.9,Origen: la gente sale de su casa (pico a la mañana),True
H,Hospitales - Ringo Bonavena,-34.6416988,-58.4126594,fin_de_semana,21,82.4,Origen: la gente sale de su casa (pico a la mañana),True
H,Hospitales - Ringo Bonavena,-34.6416988,-58.4126594,fin_de_semana,22,30.4,Origen: la gente sale de su casa (pico a la mañana),True
H,Hospitales - Ringo Bonavena,-34.6416988,-58.4126594,fin_de_semana,23,8.7,Origen: la gente sale de su casa (pico a la mañana),True
H,Hospitales - Ringo Bonavena,-34.6416988,-58.4126594,habil,5,102.9,Origen: la gente sale de su casa (pico a la mañana),True
H,Hospitales - Ringo Bonavena,-34.6416988,-58.4126594,habil,6,803.5,Origen: la gente sale de su casa (pico a la mañana),True
H,Hospitales - Ringo Bonavena,-34.6416988,-58.4126594,habil,7,1997.3,Origen: la gente sale de su casa (pico a la mañana),True
H,Hospitales - Ringo Bonavena,-34.6416988,-58.4126594,habil,8,1968.5,Origen: la gente sale de su casa (pico a la mañana),True
H,Hospitales - Ringo Bonavena,-34.6416988,-58.4126594,habil,9,1194.7,Origen: la gente sale de su casa (pico a la mañana),True
H,Hospitales - Ringo Bonavena,-34.6416988,-58.4126594,habil,10,637.4,Origen: la gente sale de su casa (pico a la mañana),True
H,Hospitales - Ringo Bonavena,-34.6416988,-58.4126594,habil,11,593.7,Origen: la gente sale de su casa (pico a la mañana),True
H,Hospitales - Ringo Bonavena,-34.6416988,-58.4126594,habil,12,684.9,Origen: la gente sale de su casa (pico a la mañana),True
H,Hospitales - Ringo Bonavena,-34.6416988,-58.4126594,habil,13,639.9,Origen: la gente sale de su casa (pico a la mañana),True
H,Hospitales - Ringo Bonavena,-34.6416988,-58.4126594,habil,14,476.4,Origen: la gente sale de su casa (pico a la mañana),True
H,Hospitales - Ringo Bonavena,-34.6416988,-58.4126594,habil,15,489.3,Origen: la gente sale de su casa (pico a la mañana),True
H,Hospitales - Ringo Bonavena,-34.6416988,-58.4126594,habil,16,493.9,Origen: la gente sale de su casa (pico a la mañana),True
H,Hospitales - Ringo Bonavena,-34.6416988,-58.4126594,habil,17,504.0,Origen: la gente sale de su casa (pico a la mañana),True
H,Hospitales - Ringo Bonavena,-34.6416988,-58.4126594,habil,18,384.2,Origen: la gente sale de su casa (pico a la mañana),True
H,Hospitales - Ringo Bonavena,-34.6416988,-58.4126594,habil,19,212.2,Origen: la gente sale de su casa (pico a la mañana),True
H,Hospitales - Ringo Bonavena,-34.6416988,-58.4126594,habil,20,137.7,Origen: la gente sale de su casa (pico a la mañana),True
H,Hospitales - Ringo Bonavena,-34.6416988,-58.4126594,habil,21,91.8,Origen: la gente sale de su casa (pico a la mañana),True
H,Hospitales - Ringo Bonavena,-34.6416988,-58.4126594,habil,22,38.2,Origen: la gente sale de su casa (pico a la mañana),True
H,Hospitales - Ringo Bonavena,-34.6416988,-58.4126594,habil,23,12.8,Origen: la gente sale de su casa (pico a la mañana),True
H,Humberto I,-34.6230697,-58.4023299,fin_de_semana,0,0.8,Origen: la gente sale de su casa (pico a la mañana),True
H,Humberto I,-34.6230697,-58.4023299,fin_de_semana,5,3.0,Origen: la gente sale de su casa (pico a la mañana),True
H,Humberto I,-34.6230697,-58.4023299,fin_de_semana,6,16.0,Origen: la gente sale de su casa (pico a la mañana),True
H,Humberto I,-34.6230697,-58.4023299,fin_de_semana,7,48.0,Origen: la gente sale de su casa (pico a la mañana),True
H,Humberto I,-34.6230697,-58.4023299,fin_de_semana,8,94.0,Origen: la gente sale de su casa (pico a la mañana),True
H,Humberto I,-34.6230697,-58.4023299,fin_de_semana,9,117.6,Origen: la gente sale de su casa (pico a la mañana),True
H,Humberto I,-34.6230697,-58.4023299,fin_de_semana,10,117.3,Origen: la gente sale de su casa (pico a la mañana),True
H,Humberto I,-34.6230697,-58.4023299,fin_de_semana,11,136.5,Origen: la gente sale de su casa (pico a la mañana),True
H,Humberto I,-34.6230697,-58.4023299,fin_de_semana,12,153.9,Origen: la gente sale de su casa (pico a la mañana),True
H,Humberto I,-34.6230697,-58.4023299,fin_de_semana,13,154.0,Origen: la gente sale de su casa (pico a la mañana),True
H,Humberto I,-34.6230697,-58.4023299,fin_de_semana,14,147.9,Origen: la gente sale de su casa (pico a la mañana),True
H,Humberto I,-34.6230697,-58.4023299,fin_de_semana,15,156.3,Origen: la gente sale de su casa (pico a la mañana),True
H,Humberto I,-34.6230697,-58.4023299,fin_de_semana,16,165.0,Origen: la gente sale de su casa (pico a la mañana),True
H,Humberto I,-34.6230697,-58.4023299,fin_de_semana,17,144.9,Origen: la gente sale de su casa (pico a la mañana),True
H,Humberto I,-34.6230697,-58.4023299,fin_de_semana,18,139.8,Origen: la gente sale de su casa (pico a la mañana),True
H,Humberto I,-34.6230697,-58.4023299,fin_de_semana,19,122.7,Origen: la gente sale de su casa (pico a la mañana),True
H,Humberto I,-34.6230697,-58.4023299,fin_de_semana,20,110.6,Origen: la gente sale de su casa (pico a la mañana),True
H,Humberto I,-34.6230697,-58.4023299,fin_de_semana,21,69.4,Origen: la gente sale de su casa (pico a la mañana),True
H,Humberto I,-34.6230697,-58.4023299,fin_de_semana,22,34.6,Origen: la gente sale de su casa (pico a la mañana),True
H,Humberto I,-34.6230697,-58.4023299,fin_de_semana,23,13.6,Origen: la gente sale de su casa (pico a la mañana),True
H,Humberto I,-34.6230697,-58.4023299,habil,0,0.0,Origen: la gente sale de su casa (pico a la mañana),True
H,Humberto I,-34.6230697,-58.4023299,habil,1,0.0,Origen: la gente sale de su casa (pico a la mañana),True
H,Humberto I,-34.6230697,-58.4023299,habil,4,0.0,Origen: la gente sale de su casa (pico a la mañana),True
H,Humberto I,-34.6230697,-58.4023299,habil,5,27.2,Origen: la gente sale de su casa (pico a la mañana),True
H,Humberto I,-34.6230697,-58.4023299,habil,6,112.5,Origen: la gente sale de su casa (pico a la mañana),True
H,Humberto I,-34.6230697,-58.4023299,habil,7,378.4,Origen: la gente sale de su casa (pico a la mañana),True
H,Humberto I,-34.6230697,-58.4023299,habil,8,439.6,Origen: la gente sale de su casa (pico a la mañana),True
H,Humberto I,-34.6230697,-58.4023299,habil,9,340.8,Origen: la gente sale de su casa (pico a la mañana),True
H,Humberto I,-34.6230697,-58.4023299,habil,10,246.9,Origen: la gente sale de su casa (pico a la mañana),True
H,Humberto I,-34.6230697,-58.4023299,habil,11,243.9,Origen: la gente sale de su casa (pico a la mañana),True
H,Humberto I,-34.6230697,-58.4023299,habil,12,303.1,Origen: la gente sale de su casa (pico a la mañana),True
H,Humberto I,-34.6230697,-58.4023299,habil,13,292.0,Origen: la gente sale de su casa (pico a la mañana),True
H,Humberto I,-34.6230697,-58.4023299,habil,14,247.3,Origen: la gente sale de su casa (pico a la mañana),True
H,Humberto I,-34.6230697,-58.4023299,habil,15,273.8,Origen: la gente sale de su casa (pico a la mañana),True
H,Humberto I,-34.6230697,-58.4023299,habil,16,340.1,Origen: la gente sale de su casa (pico a la mañana),True
H,Humberto I,-34.6230697,-58.4023299,habil,17,352.8,Origen: la gente sale de su casa (pico a la mañana),True
H,Humberto I,-34.6230697,-58.4023299,habil,18,321.1,Origen: la gente sale de su casa (pico a la mañana),True
H,Humberto I,-34.6230697,-58.4023299,habil,19,192.9,Origen: la gente sale de su casa (pico a la mañana),True
H,Humberto I,-34.6230697,-58.4023299,habil,20,141.3,Origen: la gente sale de su casa (pico a la mañana),True
H,Humberto I,-34.6230697,-58.4023299,habil,21,88.3,Origen: la gente sale de su casa (pico a la mañana),True
H,Humberto I,-34.6230697,-58.4023299,habil,22,50.0,Origen: la gente sale de su casa (pico a la mañana),True
H,Humberto I,-34.6230697,-58.4023299,habil,23,19.5,Origen: la gente sale de su casa (pico a la mañana),True
H,Inclán-Mezquita Al Ahmad,-34.6293073,-58.4010012,fin_de_semana,0,1.0,Origen: la gente sale de su casa (pico a la mañana),False
H,Inclán-Mezquita Al Ahmad,-34.6293073,-58.4010012,fin_de_semana,5,1.3,Origen: la gente sale de su casa (pico a la mañana),False
H,Inclán-Mezquita Al Ahmad,-34.6293073,-58.4010012,fin_de_semana,6,19.0,Origen: la gente sale de su casa (pico a la mañana),False
H,Inclán-Mezquita Al Ahmad,-34.6293073,-58.4010012,fin_de_semana,7,52.0,Origen: la gente sale de su casa (pico a la mañana),False
H,Inclán-Mezquita Al Ahmad,-34.6293073,-58.4010012,fin_de_semana,8,108.6,Origen: la gente sale de su casa (pico a la mañana),False
H,Inclán-Mezquita Al Ahmad,-34.6293073,-58.4010012,fin_de_semana,9,122.2,Origen: la gente sale de su casa (pico a la mañana),False
H,Inclán-Mezquita Al Ahmad,-34.6293073,-58.4010012,fin_de_semana,10,118.6,Origen: la gente sale de su casa (pico a la mañana),False
H,Inclán-Mezquita Al Ahmad,-34.6293073,-58.4010012,fin_de_semana,11,127.1,Origen: la gente sale de su casa (pico a la mañana),False
H,Inclán-Mezquita Al Ahmad,-34.6293073,-58.4010012,fin_de_semana,12,139.2,Origen: la gente sale de su casa (pico a la mañana),False
H,Inclán-Mezquita Al Ahmad,-34.6293073,-58.4010012,fin_de_semana,13,134.6,Origen: la gente sale de su casa (pico a la mañana),False
H,Inclán-Mezquita Al Ahmad,-34.6293073,-58.4010012,fin_de_semana,14,126.7,Origen: la gente sale de su casa (pico a la mañana),False
H,Inclán-Mezquita Al Ahmad,-34.6293073,-58.4010012,fin_de_semana,15,137.2,Origen: la gente sale de su casa (pico a la mañana),False
H,Inclán-Mezquita Al Ahmad,-34.6293073,-58.4010012,fin_de_semana,16,139.9,Origen: la gente sale de su casa (pico a la mañana),False
H,Inclán-Mezquita Al Ahmad,-34.6293073,-58.4010012,fin_de_semana,17,123.6,Origen: la gente sale de su casa (pico a la mañana),False
H,Inclán-Mezquita Al Ahmad,-34.6293073,-58.4010012,fin_de_semana,18,112.7,Origen: la gente sale de su casa (pico a la mañana),False
H,Inclán-Mezquita Al Ahmad,-34.6293073,-58.4010012,fin_de_semana,19,101.7,Origen: la gente sale de su casa (pico a la mañana),False
H,Inclán-Mezquita Al Ahmad,-34.6293073,-58.4010012,fin_de_semana,20,85.2,Origen: la gente sale de su casa (pico a la mañana),False
H,Inclán-Mezquita Al Ahmad,-34.6293073,-58.4010012,fin_de_semana,21,55.7,Origen: la gente sale de su casa (pico a la mañana),False
H,Inclán-Mezquita Al Ahmad,-34.6293073,-58.4010012,fin_de_semana,22,31.2,Origen: la gente sale de su casa (pico a la mañana),False
H,Inclán-Mezquita Al Ahmad,-34.6293073,-58.4010012,fin_de_semana,23,8.7,Origen: la gente sale de su casa (pico a la mañana),False
H,Inclán-Mezquita Al Ahmad,-34.6293073,-58.4010012,habil,3,0.0,Origen: la gente sale de su casa (pico a la mañana),False
H,Inclán-Mezquita Al Ahmad,-34.6293073,-58.4010012,habil,5,25.2,Origen: la gente sale de su casa (pico a la mañana),False
H,Inclán-Mezquita Al Ahmad,-34.6293073,-58.4010012,habil,6,125.2,Origen: la gente sale de su casa (pico a la mañana),False
H,Inclán-Mezquita Al Ahmad,-34.6293073,-58.4010012,habil,7,434.8,Origen: la gente sale de su casa (pico a la mañana),False
H,Inclán-Mezquita Al Ahmad,-34.6293073,-58.4010012,habil,8,472.2,Origen: la gente sale de su casa (pico a la mañana),False
H,Inclán-Mezquita Al Ahmad,-34.6293073,-58.4010012,habil,9,328.9,Origen: la gente sale de su casa (pico a la mañana),False
H,Inclán-Mezquita Al Ahmad,-34.6293073,-58.4010012,habil,10,224.7,Origen: la gente sale de su casa (pico a la mañana),False
H,Inclán-Mezquita Al Ahmad,-34.6293073,-58.4010012,habil,11,202.4,Origen: la gente sale de su casa (pico a la mañana),False
H,Inclán-Mezquita Al Ahmad,-34.6293073,-58.4010012,habil,12,243.4,Origen: la gente sale de su casa (pico a la mañana),False
H,Inclán-Mezquita Al Ahmad,-34.6293073,-58.4010012,habil,13,242.2,Origen: la gente sale de su casa (pico a la mañana),False
H,Inclán-Mezquita Al Ahmad,-34.6293073,-58.4010012,habil,14,209.0,Origen: la gente sale de su casa (pico a la mañana),False
H,Inclán-Mezquita Al Ahmad,-34.6293073,-58.4010012,habil,15,285.8,Origen: la gente sale de su casa (pico a la mañana),False
H,Inclán-Mezquita Al Ahmad,-34.6293073,-58.4010012,habil,16,378.2,Origen: la gente sale de su casa (pico a la mañana),False
H,Inclán-Mezquita Al Ahmad,-34.6293073,-58.4010012,habil,17,323.7,Origen: la gente sale de su casa (pico a la mañana),False
H,Inclán-Mezquita Al Ahmad,-34.6293073,-58.4010012,habil,18,232.6,Origen: la gente sale de su casa (pico a la mañana),False
H,Inclán-Mezquita Al Ahmad,-34.6293073,-58.4010012,habil,19,136.5,Origen: la gente sale de su casa (pico a la mañana),False
H,Inclán-Mezquita Al Ahmad,-34.6293073,-58.4010012,habil,20,96.4,Origen: la gente sale de su casa (pico a la mañana),False
H,Inclán-Mezquita Al Ahmad,-34.6293073,-58.4010012,habil,21,58.4,Origen: la gente sale de su casa (pico a la mañana),False
H,Inclán-Mezquita Al Ahmad,-34.6293073,-58.4010012,habil,22,40.8,Origen: la gente sale de su casa (pico a la mañana),False
H,Inclán-Mezquita Al Ahmad,-34.6293073,-58.4010012,habil,23,9.0,Origen: la gente sale de su casa (pico a la mañana),False
H,Las Heras,-34.5875522,-58.3972196,fin_de_semana,0,0.1,Destino: la gente vuelve del trabajo (pico a la tarde),True
H,Las Heras,-34.5875522,-58.3972196,fin_de_semana,1,0.0,Destino: la gente vuelve del trabajo (pico a la tarde),True
H,Las Heras,-34.5875522,-58.3972196,fin_de_semana,3,0.0,Destino: la gente vuelve del trabajo (pico a la tarde),True
H,Las Heras,-34.5875522,-58.3972196,fin_de_semana,5,1.1,Destino: la gente vuelve del trabajo (pico a la tarde),True
H,Las Heras,-34.5875522,-58.3972196,fin_de_semana,6,16.9,Destino: la gente vuelve del trabajo (pico a la tarde),True
H,Las Heras,-34.5875522,-58.3972196,fin_de_semana,7,39.7,Destino: la gente vuelve del trabajo (pico a la tarde),True
H,Las Heras,-34.5875522,-58.3972196,fin_de_semana,8,72.8,Destino: la gente vuelve del trabajo (pico a la tarde),True
H,Las Heras,-34.5875522,-58.3972196,fin_de_semana,9,101.4,Destino: la gente vuelve del trabajo (pico a la tarde),True
H,Las Heras,-34.5875522,-58.3972196,fin_de_semana,10,128.7,Destino: la gente vuelve del trabajo (pico a la tarde),True
H,Las Heras,-34.5875522,-58.3972196,fin_de_semana,11,153.8,Destino: la gente vuelve del trabajo (pico a la tarde),True
H,Las Heras,-34.5875522,-58.3972196,fin_de_semana,12,195.8,Destino: la gente vuelve del trabajo (pico a la tarde),True
H,Las Heras,-34.5875522,-58.3972196,fin_de_semana,13,213.2,Destino: la gente vuelve del trabajo (pico a la tarde),True
H,Las Heras,-34.5875522,-58.3972196,fin_de_semana,14,200.0,Destino: la gente vuelve del trabajo (pico a la tarde),True
H,Las Heras,-34.5875522,-58.3972196,fin_de_semana,15,214.9,Destino: la gente vuelve del trabajo (pico a la tarde),True
H,Las Heras,-34.5875522,-58.3972196,fin_de_semana,16,269.8,Destino: la gente vuelve del trabajo (pico a la tarde),True
H,Las Heras,-34.5875522,-58.3972196,fin_de_semana,17,299.8,Destino: la gente vuelve del trabajo (pico a la tarde),True
H,Las Heras,-34.5875522,-58.3972196,fin_de_semana,18,336.6,Destino: la gente vuelve del trabajo (pico a la tarde),True
H,Las Heras,-34.5875522,-58.3972196,fin_de_semana,19,340.1,Destino: la gente vuelve del trabajo (pico a la tarde),True
H,Las Heras,-34.5875522,-58.3972196,fin_de_semana,20,270.0,Destino: la gente vuelve del trabajo (pico a la tarde),True
H,Las Heras,-34.5875522,-58.3972196,fin_de_semana,21,186.2,Destino: la gente vuelve del trabajo (pico a la tarde),True
H,Las Heras,-34.5875522,-58.3972196,fin_de_semana,22,82.1,Destino: la gente vuelve del trabajo (pico a la tarde),True
H,Las Heras,-34.5875522,-58.3972196,fin_de_semana,23,23.3,Destino: la gente vuelve del trabajo (pico a la tarde),True
H,Las Heras,-34.5875522,-58.3972196,habil,1,0.0,Destino: la gente vuelve del trabajo (pico a la tarde),True
H,Las Heras,-34.5875522,-58.3972196,habil,5,9.5,Destino: la gente vuelve del trabajo (pico a la tarde),True
H,Las Heras,-34.5875522,-58.3972196,habil,6,68.7,Destino: la gente vuelve del trabajo (pico a la tarde),True
H,Las Heras,-34.5875522,-58.3972196,habil,7,250.9,Destino: la gente vuelve del trabajo (pico a la tarde),True
H,Las Heras,-34.5875522,-58.3972196,habil,8,316.5,Destino: la gente vuelve del trabajo (pico a la tarde),True
H,Las Heras,-34.5875522,-58.3972196,habil,9,320.0,Destino: la gente vuelve del trabajo (pico a la tarde),True
H,Las Heras,-34.5875522,-58.3972196,habil,10,314.8,Destino: la gente vuelve del trabajo (pico a la tarde),True
H,Las Heras,-34.5875522,-58.3972196,habil,11,352.2,Destino: la gente vuelve del trabajo (pico a la tarde),True
H,Las Heras,-34.5875522,-58.3972196,habil,12,469.3,Destino: la gente vuelve del trabajo (pico a la tarde),True
H,Las Heras,-34.5875522,-58.3972196,habil,13,484.5,Destino: la gente vuelve del trabajo (pico a la tarde),True
H,Las Heras,-34.5875522,-58.3972196,habil,14,495.8,Destino: la gente vuelve del trabajo (pico a la tarde),True
H,Las Heras,-34.5875522,-58.3972196,habil,15,649.4,Destino: la gente vuelve del trabajo (pico a la tarde),True
H,Las Heras,-34.5875522,-58.3972196,habil,16,813.7,Destino: la gente vuelve del trabajo (pico a la tarde),True
H,Las Heras,-34.5875522,-58.3972196,habil,17,852.0,Destino: la gente vuelve del trabajo (pico a la tarde),True
H,Las Heras,-34.5875522,-58.3972196,habil,18,737.4,Destino: la gente vuelve del trabajo (pico a la tarde),True
H,Las Heras,-34.5875522,-58.3972196,habil,19,532.6,Destino: la gente vuelve del trabajo (pico a la tarde),True
H,Las Heras,-34.5875522,-58.3972196,habil,20,428.9,Destino: la gente vuelve del trabajo (pico a la tarde),True
H,Las Heras,-34.5875522,-58.3972196,habil,21,286.1,Destino: la gente vuelve del trabajo (pico a la tarde),True
H,Las Heras,-34.5875522,-58.3972196,habil,22,143.8,Destino: la gente vuelve del trabajo (pico a la tarde),True
H,Las Heras,-34.5875522,-58.3972196,habil,23,27.3,Destino: la gente vuelve del trabajo (pico a la tarde),True
H,Once - 30 de Diciembre,-34.6091557,-58.4060183,fin_de_semana,0,0.5,Origen: la gente sale de su casa (pico a la mañana),True
H,Once - 30 de Diciembre,-34.6091557,-58.4060183,fin_de_semana,5,2.8,Origen: la gente sale de su casa (pico a la mañana),True
H,Once - 30 de Diciembre,-34.6091557,-58.4060183,fin_de_semana,6,46.8,Origen: la gente sale de su casa (pico a la mañana),True
H,Once - 30 de Diciembre,-34.6091557,-58.4060183,fin_de_semana,7,94.3,Origen: la gente sale de su casa (pico a la mañana),True
H,Once - 30 de Diciembre,-34.6091557,-58.4060183,fin_de_semana,8,168.0,Origen: la gente sale de su casa (pico a la mañana),True
H,Once - 30 de Diciembre,-34.6091557,-58.4060183,fin_de_semana,9,210.4,Origen: la gente sale de su casa (pico a la mañana),True
H,Once - 30 de Diciembre,-34.6091557,-58.4060183,fin_de_semana,10,234.1,Origen: la gente sale de su casa (pico a la mañana),True
H,Once - 30 de Diciembre,-34.6091557,-58.4060183,fin_de_semana,11,311.1,Origen: la gente sale de su casa (pico a la mañana),True
H,Once - 30 de Diciembre,-34.6091557,-58.4060183,fin_de_semana,12,390.4,Origen: la gente sale de su casa (pico a la mañana),True
H,Once - 30 de Diciembre,-34.6091557,-58.4060183,fin_de_semana,13,446.6,Origen: la gente sale de su casa (pico a la mañana),True
H,Once - 30 de Diciembre,-34.6091557,-58.4060183,fin_de_semana,14,431.5,Origen: la gente sale de su casa (pico a la mañana),True
H,Once - 30 de Diciembre,-34.6091557,-58.4060183,fin_de_semana,15,397.1,Origen: la gente sale de su casa (pico a la mañana),True
H,Once - 30 de Diciembre,-34.6091557,-58.4060183,fin_de_semana,16,378.4,Origen: la gente sale de su casa (pico a la mañana),True
H,Once - 30 de Diciembre,-34.6091557,-58.4060183,fin_de_semana,17,334.5,Origen: la gente sale de su casa (pico a la mañana),True
H,Once - 30 de Diciembre,-34.6091557,-58.4060183,fin_de_semana,18,290.8,Origen: la gente sale de su casa (pico a la mañana),True
H,Once - 30 de Diciembre,-34.6091557,-58.4060183,fin_de_semana,19,258.3,Origen: la gente sale de su casa (pico a la mañana),True
H,Once - 30 de Diciembre,-34.6091557,-58.4060183,fin_de_semana,20,202.1,Origen: la gente sale de su casa (pico a la mañana),True
H,Once - 30 de Diciembre,-34.6091557,-58.4060183,fin_de_semana,21,132.9,Origen: la gente sale de su casa (pico a la mañana),True
H,Once - 30 de Diciembre,-34.6091557,-58.4060183,fin_de_semana,22,66.9,Origen: la gente sale de su casa (pico a la mañana),True
H,Once - 30 de Diciembre,-34.6091557,-58.4060183,fin_de_semana,23,18.1,Origen: la gente sale de su casa (pico a la mañana),True
H,Once - 30 de Diciembre,-34.6091557,-58.4060183,habil,0,0.0,Origen: la gente sale de su casa (pico a la mañana),True
H,Once - 30 de Diciembre,-34.6091557,-58.4060183,habil,5,52.5,Origen: la gente sale de su casa (pico a la mañana),True
H,Once - 30 de Diciembre,-34.6091557,-58.4060183,habil,6,332.4,Origen: la gente sale de su casa (pico a la mañana),True
H,Once - 30 de Diciembre,-34.6091557,-58.4060183,habil,7,669.5,Origen: la gente sale de su casa (pico a la mañana),True
H,Once - 30 de Diciembre,-34.6091557,-58.4060183,habil,8,847.2,Origen: la gente sale de su casa (pico a la mañana),True
H,Once - 30 de Diciembre,-34.6091557,-58.4060183,habil,9,689.0,Origen: la gente sale de su casa (pico a la mañana),True
H,Once - 30 de Diciembre,-34.6091557,-58.4060183,habil,10,540.2,Origen: la gente sale de su casa (pico a la mañana),True
H,Once - 30 de Diciembre,-34.6091557,-58.4060183,habil,11,559.6,Origen: la gente sale de su casa (pico a la mañana),True
H,Once - 30 de Diciembre,-34.6091557,-58.4060183,habil,12,628.3,Origen: la gente sale de su casa (pico a la mañana),True
H,Once - 30 de Diciembre,-34.6091557,-58.4060183,habil,13,680.9,Origen: la gente sale de su casa (pico a la mañana),True
H,Once - 30 de Diciembre,-34.6091557,-58.4060183,habil,14,575.8,Origen: la gente sale de su casa (pico a la mañana),True
H,Once - 30 de Diciembre,-34.6091557,-58.4060183,habil,15,602.6,Origen: la gente sale de su casa (pico a la mañana),True
H,Once - 30 de Diciembre,-34.6091557,-58.4060183,habil,16,626.7,Origen: la gente sale de su casa (pico a la mañana),True
H,Once - 30 de Diciembre,-34.6091557,-58.4060183,habil,17,671.0,Origen: la gente sale de su casa (pico a la mañana),True
H,Once - 30 de Diciembre,-34.6091557,-58.4060183,habil,18,682.1,Origen: la gente sale de su casa (pico a la mañana),True
H,Once - 30 de Diciembre,-34.6091557,-58.4060183,habil,19,341.5,Origen: la gente sale de su casa (pico a la mañana),True
H,Once - 30 de Diciembre,-34.6091557,-58.4060183,habil,20,196.5,Origen: la gente sale de su casa (pico a la mañana),True
H,Once - 30 de Diciembre,-34.6091557,-58.4060183,habil,21,126.9,Origen: la gente sale de su casa (pico a la mañana),True
H,Once - 30 de Diciembre,-34.6091557,-58.4060183,habil,22,66.6,Origen: la gente sale de su casa (pico a la mañana),True
H,Once - 30 de Diciembre,-34.6091557,-58.4060183,habil,23,14.2,Origen: la gente sale de su casa (pico a la mañana),True
H,Parque Patricios,-34.6384945,-58.4063149,fin_de_semana,0,1.5,Origen: la gente sale de su casa (pico a la mañana),True
H,Parque Patricios,-34.6384945,-58.4063149,fin_de_semana,5,3.9,Origen: la gente sale de su casa (pico a la mañana),True
H,Parque Patricios,-34.6384945,-58.4063149,fin_de_semana,6,53.9,Origen: la gente sale de su casa (pico a la mañana),True
H,Parque Patricios,-34.6384945,-58.4063149,fin_de_semana,7,122.0,Origen: la gente sale de su casa (pico a la mañana),True
H,Parque Patricios,-34.6384945,-58.4063149,fin_de_semana,8,218.8,Origen: la gente sale de su casa (pico a la mañana),True
H,Parque Patricios,-34.6384945,-58.4063149,fin_de_semana,9,204.7,Origen: la gente sale de su casa (pico a la mañana),True
H,Parque Patricios,-34.6384945,-58.4063149,fin_de_semana,10,192.7,Origen: la gente sale de su casa (pico a la mañana),True
H,Parque Patricios,-34.6384945,-58.4063149,fin_de_semana,11,215.7,Origen: la gente sale de su casa (pico a la mañana),True
H,Parque Patricios,-34.6384945,-58.4063149,fin_de_semana,12,227.6,Origen: la gente sale de su casa (pico a la mañana),True
H,Parque Patricios,-34.6384945,-58.4063149,fin_de_semana,13,241.6,Origen: la gente sale de su casa (pico a la mañana),True
H,Parque Patricios,-34.6384945,-58.4063149,fin_de_semana,14,226.0,Origen: la gente sale de su casa (pico a la mañana),True
H,Parque Patricios,-34.6384945,-58.4063149,fin_de_semana,15,237.6,Origen: la gente sale de su casa (pico a la mañana),True
H,Parque Patricios,-34.6384945,-58.4063149,fin_de_semana,16,241.7,Origen: la gente sale de su casa (pico a la mañana),True
H,Parque Patricios,-34.6384945,-58.4063149,fin_de_semana,17,218.3,Origen: la gente sale de su casa (pico a la mañana),True
H,Parque Patricios,-34.6384945,-58.4063149,fin_de_semana,18,214.8,Origen: la gente sale de su casa (pico a la mañana),True
H,Parque Patricios,-34.6384945,-58.4063149,fin_de_semana,19,191.4,Origen: la gente sale de su casa (pico a la mañana),True
H,Parque Patricios,-34.6384945,-58.4063149,fin_de_semana,20,137.1,Origen: la gente sale de su casa (pico a la mañana),True
H,Parque Patricios,-34.6384945,-58.4063149,fin_de_semana,21,84.2,Origen: la gente sale de su casa (pico a la mañana),True
H,Parque Patricios,-34.6384945,-58.4063149,fin_de_semana,22,41.2,Origen: la gente sale de su casa (pico a la mañana),True
H,Parque Patricios,-34.6384945,-58.4063149,fin_de_semana,23,14.5,Origen: la gente sale de su casa (pico a la mañana),True
H,Parque Patricios,-34.6384945,-58.4063149,habil,0,0.0,Origen: la gente sale de su casa (pico a la mañana),True
H,Parque Patricios,-34.6384945,-58.4063149,habil,5,59.2,Origen: la gente sale de su casa (pico a la mañana),True
H,Parque Patricios,-34.6384945,-58.4063149,habil,6,367.8,Origen: la gente sale de su casa (pico a la mañana),True
H,Parque Patricios,-34.6384945,-58.4063149,habil,7,916.2,Origen: la gente sale de su casa (pico a la mañana),True
H,Parque Patricios,-34.6384945,-58.4063149,habil,8,919.9,Origen: la gente sale de su casa (pico a la mañana),True
H,Parque Patricios,-34.6384945,-58.4063149,habil,9,603.2,Origen: la gente sale de su casa (pico a la mañana),True
H,Parque Patricios,-34.6384945,-58.4063149,habil,10,391.2,Origen: la gente sale de su casa (pico a la mañana),True
H,Parque Patricios,-34.6384945,-58.4063149,habil,11,389.6,Origen: la gente sale de su casa (pico a la mañana),True
H,Parque Patricios,-34.6384945,-58.4063149,habil,12,479.4,Origen: la gente sale de su casa (pico a la mañana),True
H,Parque Patricios,-34.6384945,-58.4063149,habil,13,493.7,Origen: la gente sale de su casa (pico a la mañana),True
H,Parque Patricios,-34.6384945,-58.4063149,habil,14,390.3,Origen: la gente sale de su casa (pico a la mañana),True
H,Parque Patricios,-34.6384945,-58.4063149,habil,15,447.1,Origen: la gente sale de su casa (pico a la mañana),True
H,Parque Patricios,-34.6384945,-58.4063149,habil,16,621.7,Origen: la gente sale de su casa (pico a la mañana),True
H,Parque Patricios,-34.6384945,-58.4063149,habil,17,777.3,Origen: la gente sale de su casa (pico a la mañana),True
H,Parque Patricios,-34.6384945,-58.4063149,habil,18,658.7,Origen: la gente sale de su casa (pico a la mañana),True
H,Parque Patricios,-34.6384945,-58.4063149,habil,19,295.6,Origen: la gente sale de su casa (pico a la mañana),True
H,Parque Patricios,-34.6384945,-58.4063149,habil,20,221.1,Origen: la gente sale de su casa (pico a la mañana),True
H,Parque Patricios,-34.6384945,-58.4063149,habil,21,131.6,Origen: la gente sale de su casa (pico a la mañana),True
H,Parque Patricios,-34.6384945,-58.4063149,habil,22,72.8,Origen: la gente sale de su casa (pico a la mañana),True
H,Parque Patricios,-34.6384945,-58.4063149,habil,23,23.2,Origen: la gente sale de su casa (pico a la mañana),True
H,Santa Fe - Carlos Jáuregui,-34.5947089,-58.4024287,fin_de_semana,0,0.6,Destino: la gente vuelve del trabajo (pico a la tarde),True
H,Santa Fe - Carlos Jáuregui,-34.5947089,-58.4024287,fin_de_semana,1,0.0,Destino: la gente vuelve del trabajo (pico a la tarde),True
H,Santa Fe - Carlos Jáuregui,-34.5947089,-58.4024287,fin_de_semana,4,0.0,Destino: la gente vuelve del trabajo (pico a la tarde),True
H,Santa Fe - Carlos Jáuregui,-34.5947089,-58.4024287,fin_de_semana,5,1.2,Destino: la gente vuelve del trabajo (pico a la tarde),True
H,Santa Fe - Carlos Jáuregui,-34.5947089,-58.4024287,fin_de_semana,6,15.8,Destino: la gente vuelve del trabajo (pico a la tarde),True
H,Santa Fe - Carlos Jáuregui,-34.5947089,-58.4024287,fin_de_semana,7,47.0,Destino: la gente vuelve del trabajo (pico a la tarde),True
H,Santa Fe - Carlos Jáuregui,-34.5947089,-58.4024287,fin_de_semana,8,88.0,Destino: la gente vuelve del trabajo (pico a la tarde),True
H,Santa Fe - Carlos Jáuregui,-34.5947089,-58.4024287,fin_de_semana,9,120.1,Destino: la gente vuelve del trabajo (pico a la tarde),True
H,Santa Fe - Carlos Jáuregui,-34.5947089,-58.4024287,fin_de_semana,10,157.4,Destino: la gente vuelve del trabajo (pico a la tarde),True
H,Santa Fe - Carlos Jáuregui,-34.5947089,-58.4024287,fin_de_semana,11,191.9,Destino: la gente vuelve del trabajo (pico a la tarde),True
H,Santa Fe - Carlos Jáuregui,-34.5947089,-58.4024287,fin_de_semana,12,232.7,Destino: la gente vuelve del trabajo (pico a la tarde),True
H,Santa Fe - Carlos Jáuregui,-34.5947089,-58.4024287,fin_de_semana,13,244.7,Destino: la gente vuelve del trabajo (pico a la tarde),True
H,Santa Fe - Carlos Jáuregui,-34.5947089,-58.4024287,fin_de_semana,14,228.2,Destino: la gente vuelve del trabajo (pico a la tarde),True
H,Santa Fe - Carlos Jáuregui,-34.5947089,-58.4024287,fin_de_semana,15,230.2,Destino: la gente vuelve del trabajo (pico a la tarde),True
H,Santa Fe - Carlos Jáuregui,-34.5947089,-58.4024287,fin_de_semana,16,249.9,Destino: la gente vuelve del trabajo (pico a la tarde),True
H,Santa Fe - Carlos Jáuregui,-34.5947089,-58.4024287,fin_de_semana,17,231.8,Destino: la gente vuelve del trabajo (pico a la tarde),True
H,Santa Fe - Carlos Jáuregui,-34.5947089,-58.4024287,fin_de_semana,18,234.6,Destino: la gente vuelve del trabajo (pico a la tarde),True
H,Santa Fe - Carlos Jáuregui,-34.5947089,-58.4024287,fin_de_semana,19,237.9,Destino: la gente vuelve del trabajo (pico a la tarde),True
H,Santa Fe - Carlos Jáuregui,-34.5947089,-58.4024287,fin_de_semana,20,226.3,Destino: la gente vuelve del trabajo (pico a la tarde),True
H,Santa Fe - Carlos Jáuregui,-34.5947089,-58.4024287,fin_de_semana,21,148.6,Destino: la gente vuelve del trabajo (pico a la tarde),True
H,Santa Fe - Carlos Jáuregui,-34.5947089,-58.4024287,fin_de_semana,22,55.8,Destino: la gente vuelve del trabajo (pico a la tarde),True
H,Santa Fe - Carlos Jáuregui,-34.5947089,-58.4024287,fin_de_semana,23,17.2,Destino: la gente vuelve del trabajo (pico a la tarde),True
H,Santa Fe - Carlos Jáuregui,-34.5947089,-58.4024287,habil,0,0.0,Destino: la gente vuelve del trabajo (pico a la tarde),True
H,Santa Fe - Carlos Jáuregui,-34.5947089,-58.4024287,habil,5,10.8,Destino: la gente vuelve del trabajo (pico a la tarde),True
H,Santa Fe - Carlos Jáuregui,-34.5947089,-58.4024287,habil,6,64.8,Destino: la gente vuelve del trabajo (pico a la tarde),True
H,Santa Fe - Carlos Jáuregui,-34.5947089,-58.4024287,habil,7,253.5,Destino: la gente vuelve del trabajo (pico a la tarde),True
H,Santa Fe - Carlos Jáuregui,-34.5947089,-58.4024287,habil,8,363.5,Destino: la gente vuelve del trabajo (pico a la tarde),True
H,Santa Fe - Carlos Jáuregui,-34.5947089,-58.4024287,habil,9,338.8,Destino: la gente vuelve del trabajo (pico a la tarde),True
H,Santa Fe - Carlos Jáuregui,-34.5947089,-58.4024287,habil,10,356.9,Destino: la gente vuelve del trabajo (pico a la tarde),True
H,Santa Fe - Carlos Jáuregui,-34.5947089,-58.4024287,habil,11,426.6,Destino: la gente vuelve del trabajo (pico a la tarde),True
H,Santa Fe - Carlos Jáuregui,-34.5947089,-58.4024287,habil,12,516.0,Destino: la gente vuelve del trabajo (pico a la tarde),True
H,Santa Fe - Carlos Jáuregui,-34.5947089,-58.4024287,habil,13,533.4,Destino: la gente vuelve del trabajo (pico a la tarde),True
H,Santa Fe - Carlos Jáuregui,-34.5947089,-58.4024287,habil,14,621.4,Destino: la gente vuelve del trabajo (pico a la tarde),True
H,Santa Fe - Carlos Jáuregui,-34.5947089,-58.4024287,habil,15,689.4,Destino: la gente vuelve del trabajo (pico a la tarde),True
H,Santa Fe - Carlos Jáuregui,-34.5947089,-58.4024287,habil,16,857.8,Destino: la gente vuelve del trabajo (pico a la tarde),True
H,Santa Fe - Carlos Jáuregui,-34.5947089,-58.4024287,habil,17,896.5,Destino: la gente vuelve del trabajo (pico a la tarde),True
H,Santa Fe - Carlos Jáuregui,-34.5947089,-58.4024287,habil,18,825.6,Destino: la gente vuelve del trabajo (pico a la tarde),True
H,Santa Fe - Carlos Jáuregui,-34.5947089,-58.4024287,habil,19,595.9,Destino: la gente vuelve del trabajo (pico a la tarde),True
H,Santa Fe - Carlos Jáuregui,-34.5947089,-58.4024287,habil,20,460.7,Destino: la gente vuelve del trabajo (pico a la tarde),True
H,Santa Fe - Carlos Jáuregui,-34.5947089,-58.4024287,habil,21,252.6,Destino: la gente vuelve del trabajo (pico a la tarde),True
H,Santa Fe - Carlos Jáuregui,-34.5947089,-58.4024287,habil,22,105.8,Destino: la gente vuelve del trabajo (pico a la tarde),True
H,Santa Fe - Carlos Jáuregui,-34.5947089,-58.4024287,habil,23,25.5,Destino: la gente vuelve del trabajo (pico a la tarde),True
H,Venezuela,-34.6152097,-58.404737,fin_de_semana,0,0.8,Origen: la gente sale de su casa (pico a la mañana),True
H,Venezuela,-34.6152097,-58.404737,fin_de_semana,5,2.9,Origen: la gente sale de su casa (pico a la mañana),True
H,Venezuela,-34.6152097,-58.404737,fin_de_semana,6,25.3,Origen: la gente sale de su casa (pico a la mañana),True
H,Venezuela,-34.6152097,-58.404737,fin_de_semana,7,63.9,Origen: la gente sale de su casa (pico a la mañana),True
H,Venezuela,-34.6152097,-58.404737,fin_de_semana,8,129.9,Origen: la gente sale de su casa (pico a la mañana),True
H,Venezuela,-34.6152097,-58.404737,fin_de_semana,9,162.5,Origen: la gente sale de su casa (pico a la mañana),True
H,Venezuela,-34.6152097,-58.404737,fin_de_semana,10,159.3,Origen: la gente sale de su casa (pico a la mañana),True
H,Venezuela,-34.6152097,-58.404737,fin_de_semana,11,175.0,Origen: la gente sale de su casa (pico a la mañana),True
H,Venezuela,-34.6152097,-58.404737,fin_de_semana,12,188.1,Origen: la gente sale de su casa (pico a la mañana),True
H,Venezuela,-34.6152097,-58.404737,fin_de_semana,13,191.9,Origen: la gente sale de su casa (pico a la mañana),True
H,Venezuela,-34.6152097,-58.404737,fin_de_semana,14,198.7,Origen: la gente sale de su casa (pico a la mañana),True
H,Venezuela,-34.6152097,-58.404737,fin_de_semana,15,205.3,Origen: la gente sale de su casa (pico a la mañana),True
H,Venezuela,-34.6152097,-58.404737,fin_de_semana,16,215.6,Origen: la gente sale de su casa (pico a la mañana),True
H,Venezuela,-34.6152097,-58.404737,fin_de_semana,17,193.7,Origen: la gente sale de su casa (pico a la mañana),True
H,Venezuela,-34.6152097,-58.404737,fin_de_semana,18,181.7,Origen: la gente sale de su casa (pico a la mañana),True
H,Venezuela,-34.6152097,-58.404737,fin_de_semana,19,169.0,Origen: la gente sale de su casa (pico a la mañana),True
H,Venezuela,-34.6152097,-58.404737,fin_de_semana,20,140.9,Origen: la gente sale de su casa (pico a la mañana),True
H,Venezuela,-34.6152097,-58.404737,fin_de_semana,21,90.3,Origen: la gente sale de su casa (pico a la mañana),True
H,Venezuela,-34.6152097,-58.404737,fin_de_semana,22,44.4,Origen: la gente sale de su casa (pico a la mañana),True
H,Venezuela,-34.6152097,-58.404737,fin_de_semana,23,12.1,Origen: la gente sale de su casa (pico a la mañana),True
H,Venezuela,-34.6152097,-58.404737,habil,0,0.0,Origen: la gente sale de su casa (pico a la mañana),True
H,Venezuela,-34.6152097,-58.404737,habil,1,0.0,Origen: la gente sale de su casa (pico a la mañana),True
H,Venezuela,-34.6152097,-58.404737,habil,2,0.2,Origen: la gente sale de su casa (pico a la mañana),True
H,Venezuela,-34.6152097,-58.404737,habil,3,0.3,Origen: la gente sale de su casa (pico a la mañana),True
H,Venezuela,-34.6152097,-58.404737,habil,4,0.3,Origen: la gente sale de su casa (pico a la mañana),True
H,Venezuela,-34.6152097,-58.404737,habil,5,25.9,Origen: la gente sale de su casa (pico a la mañana),True
H,Venezuela,-34.6152097,-58.404737,habil,6,122.0,Origen: la gente sale de su casa (pico a la mañana),True
H,Venezuela,-34.6152097,-58.404737,habil,7,421.4,Origen: la gente sale de su casa (pico a la mañana),True
H,Venezuela,-34.6152097,-58.404737,habil,8,495.5,Origen: la gente sale de su casa (pico a la mañana),True
H,Venezuela,-34.6152097,-58.404737,habil,9,409.7,Origen: la gente sale de su casa (pico a la mañana),True
H,Venezuela,-34.6152097,-58.404737,habil,10,311.9,Origen: la gente sale de su casa (pico a la mañana),True
H,Venezuela,-34.6152097,-58.404737,habil,11,337.5,Origen: la gente sale de su casa (pico a la mañana),True
H,Venezuela,-34.6152097,-58.404737,habil,12,459.5,Origen: la gente sale de su casa (pico a la mañana),True
H,Venezuela,-34.6152097,-58.404737,habil,13,396.1,Origen: la gente sale de su casa (pico a la mañana),True
H,Venezuela,-34.6152097,-58.404737,habil,14,333.8,Origen: la gente sale de su casa (pico a la mañana),True
H,Venezuela,-34.6152097,-58.404737,habil,15,339.6,Origen: la gente sale de su casa (pico a la mañana),True
H,Venezuela,-34.6152097,-58.404737,habil,16,393.7,Origen: la gente sale de su casa (pico a la mañana),True
H,Venezuela,-34.6152097,-58.404737,habil,17,443.4,Origen: la gente sale de su casa (pico a la mañana),True
H,Venezuela,-34.6152097,-58.404737,habil,18,404.4,Origen: la gente sale de su casa (pico a la mañana),True
H,Venezuela,-34.6152097,-58.404737,habil,19,263.1,Origen: la gente sale de su casa (pico a la mañana),True
H,Venezuela,-34.6152097,-58.404737,habil,20,205.8,Origen: la gente sale de su casa (pico a la mañana),True
H,Venezuela,-34.6152097,-58.404737,habil,21,157.3,Origen: la gente sale de su casa (pico a la mañana),True
H,Venezuela,-34.6152097,-58.404737,habil,22,72.0,Origen: la gente sale de su casa (pico a la mañana),True
H,Venezuela,-34.6152097,-58.404737,habil,23,16.6,Origen: la gente sale de su casa (pico a la mañana),True
